,vix,t10y2y,fedfunds,cpi,unrate,GPRD,GPRD_ACT,GPRD_THREAT
2008-01-01,,,3.94,212.174,5.0,63.3708610534668,57.43254089355469,76.64706420898438
2008-01-02,23.17,1.03,,,,94.99882507324219,123.53010559082031,68.69086456298828
2008-01-03,22.49,1.08,,,,82.81419372558594,105.67588806152344,60.599082946777344
2008-01-04,23.94,1.14,,,,87.34965515136719,73.6837387084961,89.39566040039062
2008-01-07,23.79,1.1,,,,78.18482208251953,57.43254089355469,82.1218490600586
2008-01-08,25.43,1.1,,,,84.4563980102539,68.60450744628906,98.83960723876953
2008-01-09,24.12,1.13,,,,123.0382308959961,150.96554565429688,94.44012451171875
2008-01-10,23.45,1.2,,,,104.03104400634766,109.16929626464844,104.71666717529297
2008-01-11,23.68,1.23,,,,56.54877471923828,71.21015930175781,34.64784622192383
2008-01-14,22.9,1.23,,,,90.8050308227539,72.42042541503906,90.60868072509766
2008-01-15,23.34,1.19,,,,95.92377471923828,108.37898254394531,74.44605255126953
2008-01-16,24.38,1.23,,,,94.73210144042969,121.85871124267578,66.06743621826172
2008-01-17,28.46,1.22,,,,72.98877716064453,100.75031280517578,37.349205017089844
2008-01-18,27.18,1.3,,,,47.153987884521484,41.13273620605469,53.91377639770508
2008-01-21,,,,,,81.09101104736328,80.84140014648438,87.65863037109375
2008-01-22,31.01,1.44,,,,83.2303466796875,73.01725769042969,88.5870590209961
2008-01-23,29.02,1.42,,,,137.00877380371094,121.41071319580078,126.58564758300781
2008-01-24,27.78,1.43,,,,88.51395416259766,69.52360534667969,98.13616180419922
2008-01-25,29.08,1.38,,,,92.98435974121094,110.07904815673828,82.15186309814453
2008-01-28,27.78,1.41,,,,89.23943328857422,85.40615844726562,94.9828872680664
2008-01-29,27.32,1.4,,,,66.88838958740234,50.80571365356445,90.05109405517578
2008-01-30,27.62,1.48,,,,36.60295867919922,43.78834915161133,30.436508178710938
2008-01-31,26.2,1.5,,,,93.08041381835938,141.9200897216797,54.63478469848633
2008-02-01,24.02,1.53,2.98,212.687,4.9,99.69034576416016,68.14867401123047,108.94856262207031
2008-02-04,25.99,1.6,,,,117.29048919677734,134.6460418701172,94.57524108886719
2008-02-05,28.24,1.68,,,,99.17867279052734,118.6480712890625,71.47415161132812
2008-02-06,28.97,1.65,,,,85.01548767089844,102.91532897949219,80.79204559326172
2008-02-07,27.66,1.75,,,,52.53874588012695,41.90161895751953,56.79389190673828
2008-02-08,28.01,1.71,,,,77.52183532714844,71.33834838867188,74.37903594970703
2008-02-11,27.6,1.69,,,,89.335693359375,85.498291015625,89.14252471923828
2008-02-12,26.33,1.72,,,,90.06981658935547,146.32864379882812,66.57411193847656
2008-02-13,24.88,1.79,,,,102.6158447265625,70.33123779296875,122.65940856933594
2008-02-14,25.54,1.92,,,,89.60224151611328,86.61957550048828,85.7960205078125
2008-02-15,25.02,1.85,,,,114.53026580810547,128.81590270996094,87.90969848632812
2008-02-18,,,,,,106.592529296875,138.96116638183594,95.4531021118164
2008-02-19,25.59,1.83,,,,114.22647094726562,120.99205780029297,94.9828872680664
2008-02-20,24.4,1.79,,,,73.74918365478516,79.64903259277344,61.32476043701172
2008-02-21,25.12,1.79,,,,83.10074615478516,102.84201049804688,57.18693161010742
2008-02-22,24.06,1.81,,,,81.02235412597656,86.98625946044922,77.73764038085938
2008-02-25,23.03,1.78,,,,83.66990661621094,83.41236114501953,75.8990707397461
2008-02-26,21.9,1.84,,,,103.2244873046875,106.02513885498047,98.83960723876953
2008-02-27,22.69,1.84,,,,67.12692260742188,40.73409652709961,87.36751556396484
2008-02-28,23.53,1.84,,,,90.67764282226562,84.74862670898438,89.53904724121094
2008-02-29,26.54,1.88,,,,81.01388549804688,119.65113067626953,54.89047622680664
2008-03-01,,,2.61,213.448,5.1,80.48759460449219,90.26982879638672,66.9279556274414
2008-03-03,26.28,1.93,,,,122.55419921875,158.11135864257812,113.89678192138672
2008-03-04,25.52,1.98,,,,160.11337280273438,170.26190185546875,171.60174560546875
2008-03-05,24.6,2.04,,,,95.7562484741211,89.49515533447266,109.48343658447266
2008-03-06,27.55,2.09,,,,113.2253646850586,104.19401550292969,130.36215209960938
2008-03-07,27.49,2.03,,,,91.68714141845703,129.73602294921875,59.025081634521484
2008-03-10,29.38,1.99,,,,64.74073791503906,93.22655487060547,29.907751083374023
2008-03-11,26.36,1.86,,,,39.71110153198242,59.383296966552734,27.517520904541016
2008-03-12,27.22,1.86,,,,99.55804443359375,84.2134780883789,100.34622192382812
2008-03-13,27.29,1.93,,,,51.29485321044922,64.59406280517578,40.40837097167969
2008-03-14,31.16,1.97,,,,89.45330810546875,100.32520294189453,69.7342758178711
2008-03-17,32.24,1.99,,,,59.61876678466797,59.43525695800781,49.57487487792969
2008-03-18,25.79,1.9,,,,80.56759643554688,86.49803161621094,66.9944839477539
2008-03-19,29.84,1.84,,,,77.10543060302734,65.04222869873047,78.9114761352539
2008-03-20,26.62,1.75,,,,38.263980865478516,43.59566116333008,31.817699432373047
2008-03-21,,,,,,84.93763732910156,84.67618560791016,76.51399230957031
2008-03-24,25.73,1.72,,,,98.02912902832031,105.87133026123047,81.51428985595703
2008-03-25,25.72,1.72,,,,86.4802017211914,119.9499282836914,68.78443145751953
2008-03-26,26.08,1.8,,,,74.50949096679688,86.66016387939453,67.12005615234375
2008-03-27,25.88,1.83,,,,64.89698028564453,50.63261032104492,84.46519470214844
2008-03-28,25.71,1.8,,,,84.05951690673828,31.037322998046875,119.08568572998047
2008-03-31,25.61,1.83,,,,108.1024398803711,100.07186126708984,121.99434661865234
2008-04-01,22.68,1.77,2.28,213.942,5.0,60.84307861328125,60.65579605102539,50.592926025390625
2008-04-02,23.43,1.72,,,,80.7214126586914,71.53150939941406,84.52448272705078
2008-04-03,23.21,1.7,,,,68.00823211669922,56.499080657958984,65.97614288330078
2008-04-04,22.45,1.67,,,,65.65449523925781,41.65153121948242,79.40911865234375
2008-04-07,22.42,1.62,,,,81.07682800292969,76.97834777832031,77.04905700683594
2008-04-08,22.36,1.71,,,,56.31365203857422,46.23320007324219,55.0900764465332
2008-04-09,22.81,1.72,,,,86.84634399414062,86.57901763916016,87.69019317626953
2008-04-10,21.98,1.71,,,,63.8634147644043,44.289974212646484,73.88442993164062
2008-04-11,23.46,1.73,,,,83.40997314453125,89.0927505493164,74.31214904785156
2008-04-14,23.82,1.75,,,,53.1996955871582,49.50020980834961,53.084659576416016
2008-04-15,22.78,1.76,,,,47.034427642822266,53.588172912597656,33.523372650146484
2008-04-16,20.53,1.74,,,,68.4011001586914,84.42639923095703,48.752281188964844
2008-04-17,20.37,1.62,,,,77.84101867675781,68.97903442382812,91.09760284423828
2008-04-18,20.13,1.58,,,,78.15495300292969,41.95389938354492,99.98199462890625
2008-04-21,20.5,1.55,,,,80.5265121459961,109.47087097167969,66.96031951904297
2008-04-22,20.87,1.5,,,,86.38591766357422,86.1200180053711,71.83259582519531
2008-04-23,20.26,1.55,,,,107.75081634521484,73.6588363647461,122.87749481201172
2008-04-24,20.06,1.46,,,,97.6024398803711,100.25055694580078,88.53762817382812
2008-04-25,19.59,1.47,,,,66.31450653076172,62.96227264404297,73.52345275878906
2008-04-28,19.64,1.5,,,,95.27296447753906,116.89810180664062,67.03438568115234
2008-04-29,20.24,1.5,,,,70.55164337158203,66.98522186279297,61.45951461791992
2008-04-30,20.79,1.48,,,,89.01333618164062,63.38524627685547,100.45215606689453
2008-05-01,18.88,1.41,1.98,215.208,5.4,90.46369934082031,100.7952651977539,88.49810791015625
2008-05-02,18.18,1.42,,,,57.530879974365234,84.5213851928711,30.21393585205078
2008-05-05,18.9,1.46,,,,42.07649612426758,53.387062072753906,38.168643951416016
2008-05-06,18.21,1.55,,,,76.23063659667969,89.81344604492188,57.62560272216797
2008-05-07,19.73,1.56,,,,89.17181396484375,72.43486785888672,109.85059356689453
2008-05-08,19.4,1.54,,,,55.67340850830078,55.50204086303711,55.55302047729492
2008-05-09,19.41,1.52,,,,87.25484466552734,111.83948516845703,108.83270263671875
2008-05-12,17.79,1.48,,,,113.97291564941406,139.27870178222656,85.6005630493164
2008-05-13,17.98,1.43,,,,90.20137023925781,74.41963195800781,93.10999298095703
2008-05-14,17.66,1.39,,,,85.50605010986328,88.39999389648438,79.00106048583984
2008-05-15,16.3,1.38,,,,60.124393463134766,74.2105941772461,57.13750076293945
2008-05-16,16.47,1.38,,,,77.32418060302734,74.00271606445312,82.30076599121094
2008-05-19,17.01,1.41,,,,47.77742004394531,31.753570556640625,52.971229553222656
2008-05-20,17.58,1.44,,,,38.369510650634766,31.876169204711914,47.85817337036133
2008-05-21,18.59,1.4,,,,78.64595794677734,68.99540710449219,83.7076187133789
2008-05-22,18.05,1.36,,,,82.95722198486328,85.55366516113281,85.63224029541016
2008-05-23,19.55,1.39,,,,88.37577056884766,91.14179992675781,70.95318603515625
2008-05-26,,,,,,122.68769073486328,131.718505859375,141.25660705566406
2008-05-27,19.64,1.38,,,,83.47822570800781,30.26228141784668,113.58778381347656
2008-05-28,19.07,1.41,,,,68.60346984863281,58.62197494506836,70.62830352783203
2008-05-29,18.14,1.41,,,,74.76280975341797,80.2659683227539,76.51399230957031
2008-05-30,17.83,1.4,,,,79.82090759277344,48.9693603515625,91.90188598632812
2008-06-01,,,2.0,217.463,5.6,33.41206741333008,38.06768035888672,31.75220489501953
2008-06-02,19.83,1.47,,,,73.61261749267578,100.42298889160156,45.102989196777344
2008-06-03,20.24,1.47,,,,110.96286010742188,97.6070327758789,108.55187225341797
2008-06-04,20.8,1.51,,,,76.46739959716797,91.47842407226562,66.1284408569336
2008-06-05,18.63,1.54,,,,69.19986724853516,47.99086380004883,80.05824279785156
2008-06-06,23.56,1.54,,,,114.22647094726562,94.8957290649414,131.92068481445312
2008-06-09,23.12,1.29,,,,69.98382568359375,69.7684097290039,64.65971374511719
2008-06-10,23.18,1.2,,,,77.03646087646484,66.78202819824219,77.98393249511719
2008-06-11,24.12,1.27,,,,111.2052230834961,120.94136810302734,106.48133087158203
2008-06-12,23.33,1.2,,,,69.70636749267578,48.34212112426758,75.60395050048828
2008-06-13,21.22,1.22,,,,74.93083953857422,80.92521667480469,67.49961853027344
2008-06-16,20.95,1.23,,,,96.8804931640625,74.2940673828125,105.34660339355469
2008-06-17,21.13,1.29,,,,92.84474182128906,66.11354064941406,110.29043579101562
2008-06-18,22.24,1.27,,,,82.58478546142578,60.98562240600586,91.56245422363281
2008-06-19,21.58,1.23,,,,114.12556457519531,122.52613830566406,107.06552124023438
2008-06-20,22.87,1.28,,,,130.369384765625,135.875732421875,113.33378601074219
2008-06-23,22.64,1.21,,,,72.18670654296875,79.96056365966797,53.35600662231445
2008-06-24,22.42,1.23,,,,164.25955200195312,156.9308624267578,165.04258728027344
2008-06-25,21.14,1.3,,,,133.413818359375,129.75918579101562,140.70156860351562
2008-06-26,23.93,1.39,,,,114.33021545410156,113.9782943725586,100.07279205322266
2008-06-27,23.44,1.34,,,,87.83323669433594,56.29042053222656,109.55413055419922
2008-06-30,23.95,1.36,,,,73.01483917236328,76.62114715576172,63.909603118896484
2008-07-01,23.65,1.38,2.01,219.016,5.8,123.60326385498047,119.70215606689453,123.33599090576172
2008-07-02,25.92,1.39,,,,107.08731079101562,71.17179870605469,136.53790283203125
2008-07-03,24.79,1.45,,,,83.71109771728516,95.3753433227539,64.63636779785156
2008-07-04,,,,,,66.84553527832031,66.63977813720703,67.93619537353516
2008-07-07,25.78,1.48,,,,94.30797576904297,70.51326751708984,98.0250473022461
2008-07-08,23.15,1.44,,,,102.07713317871094,124.74166107177734,71.18995666503906
2008-07-09,25.23,1.44,,,,116.9141616821289,64.75238037109375,156.62864685058594
2008-07-10,25.59,1.39,,,,136.98587036132812,161.3940887451172,108.73040771484375
2008-07-11,27.49,1.37,,,,99.7955322265625,89.86044311523438,96.36748504638672
2008-07-14,28.48,1.43,,,,137.71348571777344,163.26329040527344,92.84844207763672
2008-07-15,28.54,1.48,,,,119.99421691894531,137.74984741210938,90.70813751220703
2008-07-16,25.1,1.53,,,,120.8447494506836,134.6460418701172,100.48619079589844
2008-07-17,25.01,1.49,,,,87.33132934570312,96.06898498535156,90.14739227294922
2008-07-18,24.05,1.45,,,,89.79852294921875,92.83775329589844,88.49810791015625
2008-07-21,23.05,1.43,,,,123.1437759399414,90.02747344970703,143.35708618164062
2008-07-22,21.18,1.4,,,,84.66626739501953,42.20282745361328,117.33775329589844
2008-07-23,21.31,1.35,,,,103.83174896240234,93.49484252929688,100.26505279541016
2008-07-24,23.44,1.42,,,,70.75387573242188,76.94845581054688,58.83406448364258
2008-07-25,22.91,1.43,,,,68.13312530517578,58.220062255859375,70.14407348632812
2008-07-28,24.23,1.47,,,,101.40513610839844,117.94183349609375,70.26795959472656
2008-07-29,22.03,1.44,,,,102.33332824707031,143.58135986328125,56.728912353515625
2008-07-30,21.21,1.43,,,,87.75013732910156,80.19003295898438,85.1281509399414
2008-07-31,22.94,1.47,,,,80.9522933959961,103.29998016357422,48.46634292602539
2008-08-01,22.57,1.46,2.0,218.69,6.1,94.64479064941406,123.63557434082031,65.1311264038086
2008-08-04,23.49,1.45,,,,75.92133331298828,111.53968811035156,53.16292190551758
2008-08-05,21.14,1.5,,,,86.97380828857422,82.93626403808594,81.75467681884766
2008-08-06,20.23,1.5,,,,41.06488800048828,34.11540603637695,39.83786392211914
2008-08-07,21.15,1.49,,,,49.09932327270508,39.15855026245117,48.99314880371094
2008-08-08,20.66,1.43,,,,68.13312530517578,109.97122955322266,37.7698860168457
2008-08-11,20.12,1.43,,,,144.520751953125,159.24179077148438,177.0978240966797
2008-08-12,21.17,1.46,,,,149.08372497558594,231.99974060058594,96.7553482055664
2008-08-13,21.55,1.44,,,,122.18487548828125,142.11024475097656,95.9560775756836
2008-08-14,20.34,1.44,,,,95.00672149658203,107.34284973144531,105.33475494384766
2008-08-15,19.58,1.44,,,,86.3313980102539,76.5028076171875,90.39877319335938
2008-08-18,20.98,1.47,,,,131.31661987304688,185.81117248535156,84.53720092773438
2008-08-19,21.28,1.51,,,,86.18671417236328,119.54285430908203,49.85527420043945
2008-08-20,20.42,1.54,,,,153.7478790283203,215.97787475585938,92.9790267944336
2008-08-21,19.82,1.51,,,,91.22930908203125,119.17388916015625,83.7076187133789
2008-08-22,18.81,1.45,,,,107.0601806640625,131.84371948242188,73.31378936767578
2008-08-25,20.97,1.46,,,,61.95575714111328,49.41203689575195,61.821781158447266
2008-08-26,20.49,1.44,,,,88.92799377441406,59.102840423583984,104.75741577148438
2008-08-27,19.76,1.46,,,,106.74594116210938,102.98455047607422,97.35252380371094
2008-08-28,19.43,1.42,,,,110.72650146484375,159.4459686279297,76.72712707519531
2008-08-29,20.65,1.47,,,,97.42845916748047,110.07904815673828,81.01481628417969
2008-09-01,,,1.81,218.877,6.1,113.3246841430664,130.35675048828125,101.4817123413086
2008-09-02,21.99,1.48,,,,81.57286834716797,77.78604888916016,76.67784118652344
2008-09-03,21.43,1.45,,,,88.8821029663086,95.424560546875,102.33450317382812
2008-09-04,24.03,1.44,,,,154.28396606445312,162.85667419433594,140.86959838867188
2008-09-05,23.06,1.43,,,,88.75779724121094,75.84393310546875,100.16377258300781
2008-09-08,22.64,1.36,,,,85.22265625,73.87855529785156,92.43301391601562
2008-09-09,25.47,1.39,,,,96.64433288574219,86.37993621826172,105.30296325683594
2008-09-10,24.52,1.43,,,,63.036495208740234,62.84246063232422,57.65850067138672
2008-09-11,24.39,1.46,,,,105.97794342041016,102.63311004638672,105.748779296875
2008-09-12,25.66,1.51,,,,105.55510711669922,105.2302017211914,108.4247055053711
2008-09-15,31.7,1.69,,,,72.88377380371094,108.98915100097656,42.42360305786133
2008-09-16,30.3,1.59,,,,125.6611557006836,146.15341186523438,98.68611907958984
2008-09-17,36.22,1.77,,,,127.52607727050781,167.44418334960938,87.93721008300781
2008-09-18,33.1,1.76,,,,87.09380340576172,107.78365325927734,64.92937469482422
2008-09-19,32.07,1.62,,,,74.37543487548828,68.44292449951172,80.87489318847656
2008-09-22,33.85,1.7,,,,61.07770919799805,78.79844665527344,35.85037612915039
2008-09-23,35.72,1.74,,,,107.91188049316406,110.83971405029297,103.327880859375
2008-09-24,35.19,1.77,,,,92.87572479248047,104.93516540527344,77.22907257080078
2008-09-25,32.82,1.72,,,,104.04499053955078,84.10113525390625,112.23784637451172
2008-09-26,34.74,1.74,,,,72.13780212402344,69.03912353515625,67.18301391601562
2008-09-29,46.72,1.91,,,,101.5202407836914,82.46556854248047,106.30321502685547
2008-09-30,39.39,1.85,,,,82.56649017333984,98.77481079101562,87.88048553466797
2008-10-01,39.81,1.95,0.97,216.995,6.5,60.11345291137695,82.00730895996094,36.83195114135742
2008-10-02,45.26,2.04,,,,57.60987091064453,51.68928909301758,57.48529815673828
2008-10-03,45.14,2.03,,,,86.23381042480469,88.93280029296875,79.12399291992188
2008-10-06,52.05,2.05,,,,99.93221282958984,103.31441497802734,86.17442321777344
2008-10-07,53.68,2.03,,,,55.5015754699707,58.242881774902344,43.722286224365234
2008-10-08,57.53,2.07,,,,70.1956787109375,73.31197357177734,66.70846557617188
2008-10-09,63.92,2.19,,,,52.33610534667969,79.79707336425781,25.599477767944336
2008-10-10,69.95,2.27,,,,95.0976333618164,88.48458862304688,105.435546875
2008-10-13,54.99,,,,,108.86372375488281,108.52862548828125,116.38748168945312
2008-10-14,55.13,2.26,,,,69.6649398803711,55.56039810180664,86.89286041259766
2008-10-15,69.25,2.4,,,,54.94014358520508,57.992862701416016,42.99713134765625
2008-10-16,67.61,2.38,,,,44.44411087036133,53.16876983642578,29.565336227416992
2008-10-17,70.33,2.34,,,,61.4576530456543,79.64903259277344,45.993568420410156
2008-10-20,52.97,2.2,,,,78.12659454345703,85.67472839355469,58.46824264526367
2008-10-21,53.11,2.18,,,,34.327125549316406,47.91004943847656,17.126449584960938
2008-10-22,69.65,2.12,,,,34.15018081665039,47.66309356689453,22.717557907104492
2008-10-23,67.8,2.09,,,,54.15641784667969,65.98744201660156,40.02912139892578
2008-10-24,79.13,2.19,,,,68.1088638305664,74.0718765258789,61.783260345458984
2008-10-27,80.06,2.2,,,,56.336185455322266,74.88370513916016,49.96832275390625
2008-10-28,66.96,2.24,,,,95.3510971069336,140.82606506347656,58.73142623901367
2008-10-29,69.96,2.35,,,,104.74522399902344,110.9492416381836,97.98629760742188
2008-10-30,62.9,2.41,,,,93.39398193359375,139.6597442626953,63.09877014160156
2008-10-31,59.89,2.45,,,,45.9228401184082,79.35457611083984,20.366018295288086
2008-11-01,,,0.39,213.153,6.8,47.791778564453125,59.55583572387695,29.80527114868164
2008-11-03,53.68,2.51,,,,68.71046447753906,72.10417175292969,54.127803802490234
2008-11-04,47.73,2.42,,,,60.16415786743164,77.61984252929688,35.314151763916016
2008-11-05,54.56,2.37,,,,88.9943618774414,124.86577606201172,60.2975959777832
2008-11-06,63.68,2.47,,,,96.6165542602539,99.07113647460938,105.58931732177734
2008-11-07,56.1,2.5,,,,99.34598541259766,105.2302017211914,103.26162719726562
2008-11-10,59.98,2.55,,,,73.4408187866211,100.18862915039062,57.854225158691406
2008-11-11,61.44,,,,,63.191551208496094,92.83775329589844,38.717926025390625
2008-11-12,66.46,2.56,,,,68.15982818603516,61.155025482177734,62.34473419189453
2008-11-13,59.83,2.6,,,,104.76958465576172,98.30314636230469,117.86713409423828
2008-11-14,66.31,2.5,,,,85.0934829711914,103.0097427368164,55.59549331665039
2008-11-17,69.15,2.46,,,,69.57552337646484,92.48180389404297,38.569480895996094
2008-11-18,67.64,2.38,,,,80.87652587890625,60.47068405151367,100.87704467773438
2008-11-19,74.26,2.29,,,,46.844390869140625,73.38603210449219,22.258617401123047
2008-11-20,80.86,2.1,,,,58.93144607543945,55.65794372558594,61.898963928222656
2008-11-21,72.67,2.11,,,,93.92914581298828,99.8826904296875,104.1400375366211
2008-11-24,64.7,2.04,,,,77.12614440917969,76.88874053955078,70.54608154296875
2008-11-25,60.9,1.96,,,,62.253990173339844,58.795928955078125,65.3888168334961
2008-11-26,54.92,1.9,,,,73.24270629882812,73.01725769042969,66.44029235839844
2008-11-27,,,,,,158.61961364746094,220.64842224121094,122.6950454711914
2008-11-28,55.84,1.93,,,,171.03880310058594,222.7099609375,150.9317169189453
2008-12-01,68.51,1.82,0.16,211.398,7.3,205.49427795410156,237.63963317871094,232.389892578125
2008-12-02,62.98,1.78,,,,166.49554443359375,214.39479064941406,138.44627380371094
2008-12-03,60.72,1.8,,,,97.52737426757812,120.69580078125,83.89351654052734
2008-12-04,63.64,1.73,,,,97.15193939208984,112.47432708740234,83.3908462524414
2008-12-05,59.93,1.74,,,,65.75039672851562,87.39735412597656,41.65601348876953
2008-12-08,58.49,1.8,,,,89.3094253540039,97.12857055664062,94.51729583740234
2008-12-09,58.91,1.83,,,,138.02365112304688,148.18333435058594,117.7138442993164
2008-12-10,55.73,1.83,,,,87.17283630371094,132.0948486328125,40.592689514160156
2008-12-11,55.78,1.85,,,,69.14277648925781,100.26174926757812,41.8140983581543
2008-12-12,54.28,1.82,,,,119.6205062866211,134.54104614257812,142.82611083984375
2008-12-15,56.76,1.78,,,,93.431396484375,118.54666900634766,56.50264358520508
2008-12-16,52.37,1.72,,,,51.49068832397461,61.5986328125,34.252899169921875
2008-12-17,49.84,1.47,,,,82.5450210571289,57.245872497558594,107.43460083007812
2008-12-18,47.34,1.4,,,,70.48016357421875,100.37602996826172,33.48940658569336
2008-12-19,44.93,1.39,,,,56.807159423828125,49.55326843261719,64.95079040527344
2008-12-22,44.56,1.29,,,,62.41069412231445,67.004638671875,55.888484954833984
2008-12-23,45.02,1.28,,,,66.25135040283203,61.64426040649414,73.45343780517578
2008-12-24,44.21,1.3,,,,88.45307922363281,114.63505554199219,95.61695861816406
2008-12-25,,,,,,129.48147583007812,107.56909942626953,125.612548828125
2008-12-26,43.38,1.27,,,,80.65382385253906,80.40556335449219,67.0661849975586
2008-12-29,43.9,1.35,,,,156.5390167236328,171.15948486328125,159.55967712402344
2008-12-30,41.63,1.36,,,,179.31277465820312,178.76083374023438,211.88491821289062
2008-12-31,40.0,1.49,,,,128.32041931152344,123.18744659423828,126.462158203125
2009-01-01,,,0.15,211.933,7.8,119.2022476196289,137.5988006591797,114.77099609375
2009-01-02,39.19,1.58,,,,77.9427719116211,77.7028579711914,79.21449279785156
2009-01-05,39.08,1.71,,,,112.97979736328125,144.16900634765625,97.70409393310547
2009-01-06,38.56,1.71,,,,114.09954833984375,154.11065673828125,91.8167953491211
2009-01-07,43.39,1.7,,,,136.8234405517578,129.2232208251953,167.6654510498047
2009-01-08,42.56,1.64,,,,135.20684814453125,114.57206726074219,146.1573486328125
2009-01-09,42.82,1.68,,,,105.79058837890625,105.46495056152344,93.46619415283203
2009-01-12,45.84,1.6,,,,138.92813110351562,181.7819061279297,129.96348571777344
2009-01-13,43.27,1.57,,,,105.160888671875,111.82633209228516,104.93347930908203
2009-01-14,49.14,1.51,,,,131.80897521972656,124.48729705810547,126.9090805053711
2009-01-15,51.0,1.5,,,,93.75191497802734,112.156005859375,109.14071655273438
2009-01-16,46.11,1.63,,,,137.04872131347656,159.95339965820312,127.85790252685547
2009-01-19,,,,,,96.91022491455078,96.61192321777344,117.21292114257812
2009-01-20,56.65,1.67,,,,54.24510192871094,36.052085876464844,66.15620422363281
2009-01-21,46.42,1.78,,,,51.27813720703125,47.7122802734375,51.16725158691406
2009-01-22,47.29,1.87,,,,61.70469665527344,45.326663970947266,70.21284484863281
2009-01-23,47.27,1.82,,,,65.75039672851562,43.69867706298828,78.10502624511719
2009-01-26,45.69,1.85,,,,81.19038391113281,121.41071319580078,74.26358032226562
2009-01-27,42.25,1.72,,,,74.96112060546875,64.05461120605469,71.23716735839844
2009-01-28,39.66,1.82,,,,55.55669021606445,20.769630432128906,80.84497833251953
2009-01-29,42.63,1.92,,,,59.47159194946289,47.43082809448242,64.28823852539062
2009-01-30,44.84,1.93,,,,78.49686431884766,75.12503051757812,73.10531616210938
2009-02-01,,,0.22,212.705,8.3,37.21986389160156,42.40605163574219,35.37083435058594
2009-02-02,45.52,1.87,,,,56.763702392578125,40.42070007324219,60.68674087524414
2009-02-03,43.06,1.93,,,,69.49442291259766,61.58268356323242,64.2075424194336
2009-02-04,43.85,1.97,,,,71.2745132446289,74.4386978149414,62.0892219543457
2009-02-05,43.73,1.97,,,,70.80767059326172,79.79707336425781,61.43874740600586
2009-02-06,43.37,2.06,,,,75.73464965820312,98.48025512695312,54.76150894165039
2009-02-09,43.64,2.02,,,,76.93705749511719,51.13349151611328,85.30076599121094
2009-02-10,46.67,1.98,,,,81.24469757080078,73.6314697265625,79.84069061279297
2009-02-11,44.53,1.85,,,,40.68660354614258,60.84204864501953,33.832183837890625
2009-02-12,41.25,1.86,,,,82.81419372558594,88.90999603271484,63.56547546386719
2009-02-13,42.93,1.92,,,,57.33290481567383,69.85785675048828,47.67410659790039
2009-02-16,,,,,,80.2188720703125,56.4507942199707,86.32347869873047
2009-02-17,48.66,1.77,,,,106.03141784667969,58.32002258300781,139.8533935546875
2009-02-18,48.46,1.77,,,,82.27760314941406,99.85572052001953,59.492523193359375
2009-02-19,47.08,1.84,,,,68.81632995605469,49.89418411254883,78.0312728881836
2009-02-20,49.3,1.82,,,,70.98359680175781,67.39533233642578,73.07867431640625
2009-02-23,52.62,1.82,,,,93.48350524902344,97.24774932861328,74.35470581054688
2009-02-24,45.49,1.77,,,,88.19403076171875,77.3718490600586,88.0033187866211
2009-02-25,44.67,1.86,,,,69.70333099365234,79.41574096679688,49.6804313659668
2009-02-26,44.66,1.9,,,,83.5881576538086,61.7265625,97.82350158691406
2009-02-27,46.35,2.02,,,,52.77755355834961,55.71010208129883,46.46772766113281
2009-03-01,,,0.18,212.495,8.7,43.37240982055664,54.04862976074219,36.06551742553711
2009-03-02,52.65,2.02,,,,118.02497863769531,78.44112396240234,150.48358154296875
2009-03-03,50.93,2.02,,,,117.7633056640625,90.89095306396484,126.35338592529297
2009-03-04,47.56,2.04,,,,113.76494598388672,93.40039825439453,111.29308319091797
2009-03-05,50.17,1.93,,,,61.2244987487793,64.24846649169922,64.30747985839844
2009-03-06,49.33,1.92,,,,68.73905181884766,58.73782730102539,65.3241958618164
2009-03-09,49.68,1.93,,,,104.96094512939453,75.33927154541016,125.6807861328125
2009-03-10,44.37,1.98,,,,76.61225128173828,101.83524322509766,60.6718864440918
2009-03-11,43.61,1.92,,,,108.67021179199219,104.5999984741211,99.7105484008789
2009-03-12,41.18,1.86,,,,49.349239349365234,61.49666976928711,41.035438537597656
2009-03-13,42.36,1.91,,,,56.5398063659668,72.94393920898438,55.31132125854492
2009-03-16,43.74,1.97,,,,57.32502746582031,65.31266021728516,40.857906341552734
2009-03-17,40.8,1.97,,,,38.84674072265625,42.24781799316406,29.365713119506836
2009-03-18,40.06,1.69,,,,52.469390869140625,41.846309661865234,52.355934143066406
2009-03-19,43.68,1.74,,,,62.501277923583984,93.46334075927734,57.168949127197266
2009-03-20,45.89,1.76,,,,38.81915283203125,32.24972152709961,37.65923309326172
2009-03-23,43.23,1.75,,,,87.83323669433594,125.08982849121094,62.602359771728516
2009-03-24,42.93,1.75,,,,92.0157699584961,124.7562484741211,67.33231353759766
2009-03-25,42.25,1.85,,,,101.25752258300781,108.15626525878906,84.19880676269531
2009-03-26,40.36,1.86,,,,85.75199127197266,101.31916046142578,63.38263702392578
2009-03-27,41.04,1.88,,,,88.03083801269531,104.0116958618164,81.33377838134766
2009-03-30,45.54,1.89,,,,79.8715591430664,75.43487548828125,83.89351654052734
2009-03-31,44.14,1.9,,,,83.33502960205078,58.15496826171875,97.01397705078125
2009-04-01,42.28,1.85,0.15,212.709,9.0,84.93763732910156,101.6114273071289,56.50264358520508
2009-04-02,42.04,1.89,,,,105.36994171142578,85.34955596923828,109.52301788330078
2009-04-03,39.7,1.95,,,,86.38591766357422,79.49539947509766,93.93492889404297
2009-04-06,40.93,2.01,,,,141.4915771484375,66.37931823730469,193.7841796875
2009-04-07,40.39,2.02,,,,95.07943725585938,53.08059310913086,120.17353057861328
2009-04-08,38.85,1.93,,,,81.4262466430664,22.13880157470703,116.95100402832031
2009-04-09,36.53,2.0,,,,128.880126953125,104.17574310302734,127.44287109375
2009-04-10,,,,,,84.83875274658203,84.57760620117188,76.95936584472656
2009-04-13,37.81,1.99,,,,113.91222381591797,136.27391052246094,98.51045989990234
2009-04-14,37.67,1.94,,,,175.2455291748047,153.4004669189453,170.60153198242188
2009-04-15,36.17,1.96,,,,91.17159271240234,83.31670379638672,82.12969970703125
2009-04-16,35.79,1.95,,,,106.17205047607422,84.67618560791016,123.59953308105469
2009-04-17,33.94,1.99,,,,75.28562927246094,64.3319091796875,89.43194580078125
2009-04-20,39.18,1.95,,,,84.28925323486328,117.6417236328125,49.062408447265625
2009-04-21,37.14,1.98,,,,66.3250503540039,88.16119384765625,61.2792854309082
2009-04-22,38.1,1.98,,,,66.88500213623047,91.2451171875,52.68976593017578
2009-04-23,37.15,1.99,,,,64.32170104980469,81.61199951171875,53.485511779785156
2009-04-24,36.82,2.04,,,,44.0417366027832,50.1784782409668,41.85380935668945
2009-04-27,38.32,2.05,,,,107.41140747070312,119.93048095703125,107.17913055419922
2009-04-28,37.95,2.1,,,,88.92799377441406,88.65426635742188,104.75741577148438
2009-04-29,36.08,2.18,,,,71.70059967041016,114.36783599853516,35.77277755737305
2009-04-30,36.5,2.25,,,,79.09664916992188,63.08254623413086,78.92561340332031
2009-05-01,35.3,2.29,0.18,213.022,9.4,54.94014358520508,57.992862701416016,48.37177276611328
2009-05-04,34.53,2.25,,,,91.25531005859375,109.16929626464844,68.2934799194336
2009-05-05,33.36,2.22,,,,119.15711212158203,134.62904357910156,99.08287811279297
2009-05-06,32.45,2.22,,,,111.65958404541016,141.0001220703125,99.03833770751953
2009-05-07,33.44,2.29,,,,73.39986419677734,76.35540771484375,68.99527740478516
2009-05-08,32.05,2.29,,,,76.57191467285156,86.29312133789062,77.513671875
2009-05-11,32.87,2.25,,,,117.22061920166016,103.87537384033203,137.1836700439453
2009-05-12,31.8,2.27,,,,92.84101867675781,103.66188049316406,86.46424102783203
2009-05-13,33.65,2.22,,,,61.81520080566406,72.49992370605469,48.3776741027832
2009-05-14,31.37,2.23,,,,81.1108627319336,97.03343200683594,70.14407348632812
2009-05-15,33.12,2.26,,,,49.38865661621094,56.27043533325195,35.201324462890625
2009-05-18,30.24,2.29,,,,148.12294006347656,223.73789978027344,111.97169494628906
2009-05-19,28.8,2.34,,,,136.3998565673828,116.55428314208984,149.0672607421875
2009-05-20,29.03,2.32,,,,88.76119232177734,63.711341857910156,118.09233856201172
2009-05-21,31.35,2.46,,,,106.15203094482422,87.15023803710938,103.84557342529297
2009-05-22,32.63,2.53,,,,78.14262390136719,115.15961456298828,45.202110290527344
2009-05-25,,,,,,127.21825408935547,117.07077026367188,138.3354949951172
2009-05-26,30.62,2.54,,,,157.94459533691406,25.533798217773438,241.37403869628906
2009-05-27,32.36,2.75,,,,149.6988983154297,145.41148376464844,185.1230926513672
2009-05-28,31.67,2.7,,,,125.793701171875,146.30758666992188,133.65736389160156
2009-05-29,28.92,2.55,,,,109.24425506591797,133.5001220703125,82.0490493774414
2009-06-01,30.04,2.74,0.21,214.79,9.5,85.28290557861328,71.59613037109375,97.04214477539062
2009-06-02,29.63,2.69,,,,109.89561462402344,101.7318115234375,104.43616485595703
2009-06-03,31.02,2.65,,,,82.01190185546875,113.75228881835938,47.44032287597656
2009-06-04,30.18,2.76,,,,75.9921646118164,55.09691619873047,91.91253662109375
2009-06-05,29.62,2.52,,,,108.33967590332031,85.09578704833984,114.6572494506836
2009-06-08,29.77,2.49,,,,93.431396484375,101.6114273071289,77.69113159179688
2009-06-09,28.27,2.53,,,,74.0456314086914,108.78399658203125,64.81185913085938
2009-06-10,28.46,2.6,,,,58.66005325317383,89.43922424316406,28.6927490234375
2009-06-11,28.11,2.53,,,,104.0597152709961,89.9074935913086,109.60328674316406
2009-06-12,28.15,2.51,,,,82.27760314941406,106.98827362060547,53.54327392578125
2009-06-15,30.81,2.5,,,,113.17577362060547,43.39515686035156,152.0225372314453
2009-06-16,32.68,2.44,,,,117.29483032226562,80.64398956298828,147.9831085205078
2009-06-17,31.54,2.49,,,,67.82196807861328,71.17179870605469,59.36430740356445
2009-06-18,30.03,2.58,,,,125.39688873291016,111.12079620361328,150.6143035888672
2009-06-19,27.99,2.54,,,,87.33700561523438,87.06816864013672,77.81084442138672
2009-06-22,31.17,2.55,,,,72.85077667236328,59.810089111328125,78.3946762084961
2009-06-23,30.58,2.51,,,,68.85244750976562,53.387062072753906,82.69873046875
2009-06-24,29.05,2.53,,,,64.43209075927734,60.45530700683594,56.728912353515625
2009-06-25,26.36,2.43,,,,75.05303192138672,74.82200622558594,68.08248138427734
2009-06-26,25.93,2.42,,,,62.11064529418945,55.03952407836914,74.60114288330078
2009-06-29,25.35,2.4,,,,63.609127044677734,68.2912826538086,48.82429504394531
2009-06-30,26.35,2.42,,,,115.36304473876953,98.5782470703125,109.63198852539062
2009-07-01,26.22,2.5,0.16,214.726,9.5,78.3032455444336,74.668212890625,79.26629638671875
2009-07-02,27.95,2.53,,,,59.012489318847656,31.37645149230957,85.05593872070312
2009-07-03,,,,,,128.64340209960938,113.99771118164062,136.68519592285156
2009-07-06,29.0,2.56,,,,113.20809936523438,49.06940841674805,155.52919006347656
2009-07-07,30.85,2.49,,,,111.88407897949219,79.67120361328125,132.9073028564453
2009-07-08,31.3,2.42,,,,82.51947784423828,78.34807586669922,78.42003631591797
2009-07-09,29.78,2.5,,,,92.7091064453125,85.31422424316406,83.02056884765625
2009-07-10,29.02,2.41,,,,75.67652130126953,82.30208587646484,62.927398681640625
2009-07-13,26.31,2.46,,,,86.54022979736328,76.6878662109375,79.9565658569336
2009-07-14,25.02,2.53,,,,79.36795043945312,83.28805541992188,69.470458984375
2009-07-15,25.89,2.6,,,,65.9410400390625,69.60501098632812,64.50828552246094
2009-07-16,25.42,2.59,,,,48.223270416259766,59.169029235839844,49.352813720703125
2009-07-17,24.34,2.65,,,,102.60165405273438,87.67357635498047,103.59859466552734
2009-07-20,24.4,2.62,,,,66.4411849975586,75.69905853271484,47.35536575317383
2009-07-21,23.87,2.54,,,,66.33427429199219,82.66261291503906,62.05390548706055
2009-07-22,23.47,2.6,,,,76.01303100585938,95.72090911865234,66.53390502929688
2009-07-23,23.43,2.64,,,,92.52982330322266,29.518402099609375,135.4169464111328
2009-07-24,23.09,2.65,,,,139.66500854492188,142.8052520751953,148.89210510253906
2009-07-27,24.28,2.67,,,,84.09903717041016,74.52460479736328,93.24131774902344
2009-07-28,25.01,2.6,,,,112.64398956298828,66.54652404785156,152.64251708984375
2009-07-29,25.61,2.52,,,,106.9848403930664,110.6057357788086,92.256103515625
2009-07-30,25.4,2.48,,,,66.3989028930664,51.4846305847168,67.4822769165039
2009-07-31,25.92,2.39,,,,62.293861389160156,80.36744689941406,54.846317291259766
2009-08-01,,,0.16,215.445,9.6,31.61517333984375,35.01984405517578,29.21000862121582
2009-08-03,25.56,2.48,,,,108.12535095214844,117.59185791015625,89.90961456298828
2009-08-04,24.89,2.5,,,,90.17018127441406,66.2366714477539,94.71073150634766
2009-08-05,24.9,2.57,,,,91.09561157226562,57.79149627685547,117.06641387939453
2009-08-06,25.67,2.57,,,,71.8479232788086,82.93626403808594,50.310569763183594
2009-08-07,24.76,2.57,,,,116.16471099853516,119.54285430908203,99.7105484008789
2009-08-10,24.99,2.56,,,,62.05097961425781,66.61843872070312,55.56636047363281
2009-08-11,25.99,2.5,,,,70.10725402832031,104.83718872070312,29.1481876373291
2009-08-12,25.45,2.54,,,,92.35037231445312,96.06898498535156,100.16377258300781
2009-08-13,24.71,2.47,,,,38.16322326660156,53.26405334472656,25.38713264465332
2009-08-14,24.27,2.48,,,,60.02387619018555,74.79889678955078,56.150699615478516
2009-08-17,27.89,2.44,,,,103.51773834228516,108.11334991455078,90.17721557617188
2009-08-18,26.18,2.45,,,,60.940799713134766,60.75321960449219,65.15251922607422
2009-08-19,26.26,2.44,,,,114.65005493164062,146.95347595214844,74.90615844726562
2009-08-20,25.09,2.39,,,,89.52886199951172,126.44214630126953,43.42686080932617
2009-08-21,25.01,2.43,,,,55.026039123535156,58.51377868652344,42.70548629760742
2009-08-24,25.14,2.43,,,,85.66985321044922,66.42700958251953,94.9828872680664
2009-08-25,24.92,2.4,,,,80.03519439697266,106.38511657714844,66.55177307128906
2009-08-26,24.95,2.38,,,,84.01439666748047,63.81393814086914,86.49408721923828
2009-08-27,24.68,2.43,,,,37.685638427734375,45.08356475830078,31.336790084838867
2009-08-28,24.76,2.45,,,,75.44893646240234,42.98097229003906,95.60099792480469
2009-08-31,26.01,2.43,,,,65.05042266845703,49.884761810302734,74.8958740234375
2009-09-01,29.15,2.46,0.15,215.861,9.8,54.71840286254883,58.746124267578125,49.00006866455078
2009-09-02,28.9,2.4,,,,72.62633514404297,88.4922866821289,46.97083282470703
2009-09-03,27.1,2.42,,,,51.18758010864258,51.03002166748047,48.644657135009766
2009-09-04,25.26,2.51,,,,89.62574768066406,71.47990417480469,101.356201171875
2009-09-07,,,,,,94.7952651977539,52.501930236816406,113.85865783691406
2009-09-08,25.62,2.54,,,,86.37725830078125,111.94478607177734,64.64285278320312
2009-09-09,24.32,2.55,,,,58.955596923828125,36.733829498291016,67.40721130371094
2009-09-10,23.55,2.46,,,,92.47447204589844,65.8498764038086,98.86553955078125
2009-09-11,24.15,2.44,,,,79.11636352539062,89.16059112548828,74.36874389648438
2009-09-14,23.86,2.48,,,,71.04702758789062,70.82833862304688,59.07783126831055
2009-09-15,23.42,2.51,,,,91.68357849121094,103.32329559326172,72.92308807373047
2009-09-16,23.69,2.47,,,,83.44913482666016,115.74576568603516,54.3056640625
2009-09-17,23.65,2.44,,,,63.38246536254883,86.4669189453125,44.38274002075195
2009-09-18,23.92,2.46,,,,173.58433532714844,173.05003356933594,168.39761352539062
2009-09-21,24.06,2.47,,,,86.94403076171875,60.67348861694336,93.9856948852539
2009-09-22,23.08,2.44,,,,117.70545196533203,117.34314727783203,111.85801696777344
2009-09-23,23.49,2.48,,,,65.02313995361328,43.215328216552734,78.0993423461914
2009-09-24,24.95,2.47,,,,98.93354034423828,27.208003997802734,141.8385009765625
2009-09-25,25.61,2.36,,,,136.7091522216797,41.93487548828125,198.20767211914062
2009-09-28,24.88,2.33,,,,129.9046173095703,69.06920623779297,172.8316192626953
2009-09-29,25.19,2.31,,,,129.5198211669922,109.55734252929688,143.59971618652344
2009-09-30,25.61,2.36,,,,156.0135955810547,101.27754211425781,187.05284118652344
2009-10-01,28.27,2.34,0.12,216.509,10.0,132.37034606933594,105.57030487060547,159.60162353515625
2009-10-02,28.68,2.36,,,,106.42787170410156,39.78760528564453,143.8094482421875
2009-10-05,26.84,2.36,,,,116.66905975341797,74.77067565917969,131.6618194580078
2009-10-06,25.7,2.36,,,,102.16697692871094,86.1828842163086,111.09504699707031
2009-10-07,24.68,2.34,,,,87.75013732910156,80.19003295898438,79.04757690429688
2009-10-08,24.18,2.37,,,,89.52886199951172,68.65636444091797,103.07914733886719
2009-10-09,23.12,2.42,,,,71.34761047363281,94.83732604980469,39.551849365234375
2009-10-12,23.01,,,,,88.92799377441406,106.38511657714844,88.7356948852539
2009-10-13,22.99,2.43,,,,93.311767578125,109.93810272216797,84.64544677734375
2009-10-14,22.86,2.49,,,,102.09968566894531,90.47592163085938,113.19878387451172
2009-10-15,21.72,2.52,,,,58.43559646606445,29.12786293029785,78.96041870117188
2009-10-16,21.43,2.46,,,,105.3839111328125,105.05953216552734,105.1560287475586
2009-10-19,21.49,2.42,,,,118.14970397949219,183.22271728515625,50.94194412231445
2009-10-20,20.9,2.4,,,,81.17144012451172,69.36135864257812,89.99545288085938
2009-10-21,22.22,2.42,,,,94.54090118408203,86.9999008178711,90.70813751220703
2009-10-22,20.69,2.47,,,,96.91943359375,103.52261352539062,86.34808349609375
2009-10-23,22.27,2.47,,,,94.92536163330078,104.42281341552734,81.6552505493164
2009-10-26,24.31,2.53,,,,82.19770812988281,98.3336410522461,68.34996795654297
2009-10-27,24.83,2.5,,,,89.091064453125,72.6683120727539,101.02091979980469
2009-10-28,27.91,2.49,,,,115.82404327392578,153.95669555664062,89.89056396484375
2009-10-29,24.76,2.55,,,,69.81175231933594,111.35498046875,23.22026252746582
2009-10-30,30.69,2.51,,,,79.11636352539062,82.30208587646484,68.6480712890625
2009-11-01,,,0.12,217.234,9.9,49.5234375,65.8280029296875,27.453527450561523
2009-11-02,29.78,2.53,,,,66.92056274414062,41.69660568237305,83.46981811523438
2009-11-03,28.81,2.58,,,,122.68769073486328,179.3880615234375,61.21119689941406
2009-11-04,27.72,2.66,,,,77.37921905517578,36.733829498291016,98.0468521118164
2009-11-05,25.43,2.67,,,,66.18517303466797,59.383296966552734,66.04205322265625
2009-11-06,24.19,2.68,,,,82.23851776123047,91.8236312866211,60.17784118652344
2009-11-09,23.15,2.65,,,,95.38807678222656,129.67425537109375,50.47520065307617
2009-11-10,22.84,2.65,,,,93.14065551757812,64.59406280517578,101.02091979980469
2009-11-11,23.04,,,,,112.0372314453125,148.9231719970703,80.74080657958984
2009-11-12,24.24,2.63,,,,68.01986694335938,47.467350006103516,73.52884674072266
2009-11-13,23.36,2.61,,,,90.13789367675781,89.86044311523438,91.01372528076172
2009-11-16,22.89,2.55,,,,84.1821517944336,67.13842010498047,91.00012969970703
2009-11-17,22.41,2.55,,,,111.31455993652344,76.53236389160156,165.972412109375
2009-11-18,21.63,2.59,,,,56.92919921875,63.84821319580078,47.33841323852539
2009-11-19,22.63,2.62,,,,94.14665985107422,118.19013214111328,69.58746337890625
2009-11-20,22.19,2.61,,,,80.53811645507812,97.7446060180664,64.0582275390625
2009-11-23,21.16,2.6,,,,101.72103881835938,105.81697082519531,102.97209930419922
2009-11-24,20.47,2.59,,,,96.83511352539062,72.40277862548828,100.65177917480469
2009-11-25,20.48,2.55,,,,100.7330551147461,123.59751892089844,70.8761215209961
2009-11-26,,,,,,80.381591796875,84.35176086425781,70.35769653320312
2009-11-27,24.85,2.53,,,,75.2001724243164,67.47183227539062,81.29068756103516
2009-11-30,24.51,2.54,,,,119.0936508178711,70.35677337646484,139.37570190429688
2009-12-01,21.92,2.61,0.12,217.347,9.9,91.02635192871094,78.90971374511719,85.56404113769531
2009-12-02,21.12,2.6,,,,133.80459594726562,129.7875213623047,156.3692169189453
2009-12-03,22.46,2.65,,,,117.07620239257812,96.11891174316406,143.1654815673828
2009-12-04,21.25,2.64,,,,91.11188507080078,84.34347534179688,108.23197937011719
2009-12-07,22.1,2.66,,,,101.2398452758789,72.6683120727539,127.9598388671875
2009-12-08,23.69,2.67,,,,98.88261413574219,144.07589721679688,75.8990707397461
2009-12-09,22.66,2.69,,,,68.26332092285156,78.79844665527344,53.77556228637695
2009-12-10,22.32,2.71,,,,58.97747039794922,84.92745208740234,43.5925407409668
2009-12-11,21.59,2.72,,,,75.6594467163086,78.70597076416016,60.17784118652344
2009-12-14,21.15,2.69,,,,90.81452178955078,51.73427200317383,115.0706558227539
2009-12-15,21.49,2.72,,,,87.87664794921875,83.79719543457031,82.60334014892578
2009-12-16,20.54,2.76,,,,104.30451965332031,78.88400268554688,107.66790008544922
2009-12-17,22.51,2.73,,,,54.542823791503906,36.249961853027344,60.47209548950195
2009-12-18,21.68,2.73,,,,70.63836669921875,74.1272964477539,55.646541595458984
2009-12-21,20.49,2.8,,,,69.63356018066406,49.58515548706055,74.44605255126953
2009-12-22,19.54,2.81,,,,46.920223236083984,28.065479278564453,70.22814178466797
2009-12-23,19.71,2.81,,,,64.23261260986328,100.62626647949219,38.15102005004883
2009-12-24,19.47,2.82,,,,90.2060775756836,39.96818542480469,125.01529693603516
2009-12-25,,,,,,81.29000091552734,121.55968475341797,84.49398040771484
2009-12-28,19.93,2.76,,,,176.13995361328125,215.24888610839844,141.74119567871094
2009-12-29,20.01,2.73,,,,204.67898559570312,257.7460632324219,152.28150939941406
2009-12-30,19.96,2.72,,,,169.00856018066406,182.93019104003906,192.73497009277344
2009-12-31,21.68,2.71,,,,115.29686737060547,194.51718139648438,73.74842834472656
2010-01-01,,,0.11,217.488,9.8,200.2101287841797,241.93197631835938,171.52587890625
2010-01-04,20.04,2.76,,,,177.1170654296875,190.8885040283203,214.94683837890625
2010-01-05,19.35,2.76,,,,122.52561950683594,148.32315063476562,123.71615600585938
2010-01-06,19.16,2.84,,,,161.5886688232422,177.20040893554688,161.23924255371094
2010-01-07,19.06,2.82,,,,102.26229095458984,116.5114517211914,91.10816955566406
2010-01-08,18.13,2.87,,,,110.29637908935547,117.2873306274414,110.05786895751953
2010-01-11,17.55,2.9,,,,71.1869888305664,66.2366714477539,71.03305053710938
2010-01-12,18.25,2.82,,,,117.8705062866211,97.24774932861328,135.19036865234375
2010-01-13,17.85,2.83,,,,121.8910140991211,157.2557830810547,119.24259185791016
2010-01-14,17.63,2.82,,,,82.36654663085938,57.122100830078125,95.29094696044922
2010-01-15,17.91,2.81,,,,80.62333679199219,132.79376220703125,29.1481876373291
2010-01-18,,,,,,71.80421447753906,76.35540771484375,55.72695541381836
2010-01-19,17.58,2.8,,,,96.37858581542969,106.7576904296875,89.04645538330078
2010-01-20,18.68,2.76,,,,84.67708587646484,87.79310607910156,73.22811889648438
2010-01-21,22.27,2.75,,,,91.92457580566406,130.91659545898438,60.05855941772461
2010-01-22,27.31,2.78,,,,50.3940315246582,40.191131591796875,50.28506088256836
2010-01-25,25.41,2.8,,,,119.7811279296875,148.23611450195312,89.29812622070312
2010-01-26,24.55,2.78,,,,90.70558166503906,94.04342651367188,72.40754699707031
2010-01-27,23.14,2.76,,,,65.01604461669922,71.29751586914062,59.46916961669922
2010-01-28,23.73,2.81,,,,114.45198822021484,104.31973266601562,119.64280700683594
2010-01-29,24.62,2.81,,,,63.51999282836914,56.992027282714844,73.9464111328125
2010-02-01,22.59,2.82,0.13,217.281,9.8,143.8407440185547,67.48140716552734,189.9657745361328
2010-02-02,21.48,2.81,,,,96.0164566040039,110.44719696044922,79.84069061279297
2010-02-03,21.6,2.85,,,,113.39703369140625,82.21671295166016,142.8684539794922
2010-02-04,26.08,2.82,,,,129.3971710205078,122.54893493652344,145.2570343017578
2010-02-05,26.11,2.82,,,,92.10714721679688,85.26480102539062,93.00211334228516
2010-02-08,26.51,2.83,,,,78.18482208251953,82.04649353027344,82.1218490600586
2010-02-09,26.0,2.83,,,,67.68016052246094,97.45931243896484,62.53130340576172
2010-02-10,25.4,2.81,,,,108.09431457519531,111.23776245117188,92.78327941894531
2010-02-11,23.96,2.82,,,,96.85870361328125,115.8726806640625,69.80223846435547
2010-02-12,22.73,2.85,,,,77.26105499267578,89.86044311523438,64.24498748779297
2010-02-15,,,,,,85.1559829711914,118.85140991210938,63.7288818359375
2010-02-16,22.25,2.84,,,,128.9653778076172,146.93531799316406,116.4306411743164
2010-02-17,21.72,2.87,,,,75.88551330566406,85.51957702636719,71.33177185058594
2010-02-18,20.63,2.89,,,,62.95377731323242,47.817142486572266,69.7973861694336
2010-02-19,20.02,2.83,,,,119.76934051513672,50.27396774291992,162.4921417236328
2010-02-22,19.94,2.89,,,,61.917152404785156,54.010746002197266,64.3575668334961
2010-02-23,21.37,2.82,,,,86.1339340209961,121.6474838256836,53.71730041503906
2010-02-24,20.27,2.83,,,,88.9943618774414,78.86260223388672,98.66878509521484
2010-02-25,20.1,2.82,,,,60.928157806396484,38.36249542236328,74.6622543334961
2010-02-26,19.5,2.8,,,,80.64303588867188,92.76324462890625,56.740718841552734
2010-03-01,19.26,2.81,0.16,217.353,9.9,62.062156677246094,77.33890533447266,64.50828552246094
2010-03-02,19.06,2.82,,,,78.95610809326172,100.18028259277344,53.71730041503906
2010-03-03,18.83,2.81,,,,63.70322799682617,35.28174591064453,76.51399230957031
2010-03-04,18.72,2.75,,,,81.27005767822266,71.29751586914062,81.09432220458984
2010-03-05,17.42,2.78,,,,86.04071807861328,72.57958984375,88.05606079101562
2010-03-08,17.79,2.82,,,,126.4942398071289,126.10487365722656,105.18392181396484
2010-03-09,17.92,2.82,,,,88.63056945800781,73.6314697265625,98.26546478271484
2010-03-10,18.57,2.81,,,,85.76227569580078,99.74800109863281,59.4283447265625
2010-03-11,18.06,2.76,,,,93.17601013183594,83.27997589111328,90.8371810913086
2010-03-12,17.58,2.74,,,,85.50605010986328,82.0857162475586,73.73432159423828
2010-03-15,18.0,2.75,,,,105.72024536132812,101.49131774902344,110.70109558105469
2010-03-16,17.69,2.73,,,,59.61876678466797,59.43525695800781,49.57487487792969
2010-03-17,16.91,2.7,,,,76.35995483398438,65.24993133544922,72.56651306152344
2010-03-18,16.62,2.7,,,,85.35852813720703,91.6416244506836,65.51842498779297
2010-03-19,16.97,2.68,,,,81.09864044189453,55.97239303588867,88.18562316894531
2010-03-22,16.87,2.66,,,,59.7628173828125,25.533798217773438,85.19084167480469
2010-03-23,16.35,2.67,,,,81.17144012451172,123.30908203125,77.13896179199219
2010-03-24,17.55,2.76,,,,62.22502899169922,58.38446044921875,60.873016357421875
2010-03-25,18.4,2.81,,,,53.73440170288086,18.906705856323242,73.59361267089844
2010-03-26,17.77,2.82,,,,59.15299606323242,49.65972137451172,62.13166427612305
2010-03-29,17.59,2.84,,,,60.892791748046875,56.65833282470703,81.01481628417969
2010-03-30,17.13,2.82,,,,137.87635803222656,155.07400512695312,141.10585021972656
2010-03-31,17.59,2.82,,,,66.39112091064453,48.769195556640625,81.35665130615234
2010-04-01,17.47,2.84,0.2,217.403,9.9,91.47129821777344,91.18974304199219,97.79303741455078
2010-04-02,,2.85,,,,121.52615356445312,125.06021118164062,136.91024780273438
2010-04-05,17.02,2.83,,,,91.55338287353516,91.27156829833984,76.12950134277344
2010-04-06,16.23,2.84,,,,112.21997833251953,99.44405364990234,103.68270111083984
2010-04-07,16.62,2.83,,,,138.17127990722656,113.0223388671875,147.29966735839844
2010-04-08,16.48,2.82,,,,139.44073486328125,101.71575164794922,164.02589416503906
2010-04-09,16.14,2.82,,,,164.31387329101562,144.15113830566406,191.2849884033203
2010-04-12,15.58,2.8,,,,121.04388427734375,80.4475326538086,161.04286193847656
2010-04-13,16.2,2.77,,,,132.78982543945312,100.18028259277344,161.1519012451172
2010-04-14,15.59,2.81,,,,97.32975006103516,100.37602996826172,106.04978942871094
2010-04-15,15.89,2.82,,,,115.77906036376953,96.1855697631836,139.0623321533203
2010-04-16,18.36,2.81,,,,67.53778839111328,83.36082458496094,58.83406448364258
2010-04-19,17.34,2.82,,,,110.55541229248047,81.64082336425781,136.19302368164062
2010-04-20,15.73,2.77,,,,123.79924011230469,112.1983413696289,112.30139923095703
2010-04-21,16.32,2.74,,,,59.80563735961914,59.621551513671875,66.30701446533203
2010-04-22,16.47,2.73,,,,58.78251647949219,48.2601203918457,57.50529861450195
2010-04-23,16.62,2.74,,,,84.60388946533203,64.87959289550781,97.40878295898438
2010-04-26,17.47,2.74,,,,72.09941864013672,79.86387634277344,59.95292282104492
2010-04-27,22.81,2.68,,,,69.49442291259766,100.07186126708984,32.1037712097168
2010-04-28,21.08,2.77,,,,43.92354965209961,51.08640670776367,30.436508178710938
2010-04-29,18.44,2.75,,,,62.75053405761719,59.264888763427734,54.925296783447266
2010-04-30,22.05,2.72,,,,42.7428092956543,36.523921966552734,45.696834564208984
2010-05-01,,,0.2,217.29,9.6,31.064146041870117,50.67577362060547,14.089533805847168
2010-05-03,20.19,2.72,,,,147.40721130371094,163.28164672851562,115.76406860351562
2010-05-04,23.84,2.67,,,,129.4566650390625,136.64984130859375,107.64727783203125
2010-05-05,24.91,2.7,,,,84.3966293334961,84.13684844970703,87.72305297851562
2010-05-06,32.8,2.66,,,,69.1490249633789,72.21885681152344,71.18995666503906
2010-05-07,40.95,2.62,,,,76.70611572265625,101.96000671386719,42.52235794067383
2010-05-10,28.84,2.7,,,,76.66112518310547,96.53704071044922,67.10118865966797
2010-05-11,28.32,2.71,,,,91.06715393066406,121.04912567138672,50.483463287353516
2010-05-12,25.52,2.67,,,,46.60899353027344,46.46552658081055,44.29352951049805
2010-05-13,26.68,2.68,,,,53.53644943237305,33.35728454589844,61.21119689941406
2010-05-14,31.24,2.65,,,,100.9544448852539,125.80462646484375,99.68680572509766
2010-05-17,30.84,2.66,,,,125.4760513305664,125.08982849121094,132.16053771972656
2010-05-18,33.55,2.62,,,,135.3522186279297,106.52810668945312,154.0152587890625
2010-05-19,35.32,2.56,,,,157.28277587890625,147.19871520996094,144.13101196289062
2010-05-20,45.79,2.49,,,,114.79195404052734,124.24763488769531,92.72586822509766
2010-05-21,40.1,2.44,,,,132.2446746826172,102.89764404296875,150.1968994140625
2010-05-24,38.32,2.46,,,,95.59480285644531,82.87004852294922,96.77052307128906
2010-05-25,34.61,2.37,,,,99.93221282958984,81.17560577392578,123.10631561279297
2010-05-26,35.02,2.39,,,,110.53778076171875,78.20470428466797,142.3209686279297
2010-05-27,29.68,2.47,,,,81.87602996826172,54.41600799560547,96.45018768310547
2010-05-28,32.07,2.55,,,,90.22557830810547,70.6733169555664,101.82017517089844
2010-05-31,,,,,,100.23619842529297,76.13536071777344,127.00881958007812
2010-06-01,35.54,2.51,0.18,217.199,9.4,165.62838745117188,148.60671997070312,206.58779907226562
2010-06-02,30.17,2.53,,,,181.89389038085938,76.7182388305664,273.414306640625
2010-06-03,29.46,2.57,,,,131.32081604003906,72.00413513183594,174.71580505371094
2010-06-04,35.48,2.48,,,,97.81204223632812,32.50365447998047,140.97854614257812
2010-06-07,36.57,2.43,,,,150.21189880371094,102.460205078125,177.49786376953125
2010-06-08,33.7,2.44,,,,117.35954284667969,75.48277282714844,132.2161865234375
2010-06-09,33.73,2.46,,,,73.68704986572266,26.712812423706055,100.26505279541016
2010-06-10,30.57,2.54,,,,147.0831298828125,82.87804412841797,186.1151123046875
2010-06-11,28.79,2.49,,,,100.93696594238281,103.6755599975586,91.56245422363281
2010-06-14,28.58,2.51,,,,90.917724609375,47.28932571411133,118.33190155029297
2010-06-15,25.87,2.53,,,,103.29512023925781,63.91686248779297,118.47328186035156
2010-06-16,25.92,2.52,,,,88.8821029663086,61.344356536865234,96.64925384521484
2010-06-17,25.05,2.49,,,,89.18451690673828,101.6114273071289,63.56547546386719
2010-06-18,23.95,2.5,,,,119.01441192626953,92.2818374633789,126.45426177978516
2010-06-21,24.88,2.52,,,,89.52886199951172,64.9114761352539,108.28516387939453
2010-06-22,27.05,2.47,,,,131.22592163085938,127.28626251220703,147.45736694335938
2010-06-23,26.91,2.47,,,,82.58478546142578,67.08418273925781,81.38884735107422
2010-06-24,29.74,2.47,,,,89.27035522460938,76.28191375732422,100.74220275878906
2010-06-25,28.53,2.47,,,,59.793643951416016,71.53150939941406,39.77622985839844
2010-06-28,29.0,2.43,,,,77.70220184326172,65.23202514648438,88.41617584228516
2010-06-29,34.13,2.36,,,,113.39703369140625,68.51393127441406,148.58319091796875
2010-06-30,34.54,2.36,,,,96.41568756103516,96.11891174316406,85.89928436279297
2010-07-01,32.86,2.33,0.18,217.605,9.4,94.26005554199219,80.54563903808594,95.17594909667969
2010-07-02,30.12,2.37,,,,64.02725219726562,47.03275680541992,84.064208984375
2010-07-05,,,,,,39.26006317138672,39.13921356201172,32.64596939086914
2010-07-06,29.65,2.33,,,,111.21331024169922,47.516136169433594,145.321533203125
2010-07-07,26.84,2.37,,,,93.78730773925781,89.75867462158203,81.1065673828125
2010-07-08,25.71,2.41,,,,140.0662841796875,153.59866333007812,128.116455078125
2010-07-09,24.98,2.44,,,,66.58427429199219,92.9310531616211,44.29352951049805
2010-07-12,24.43,2.43,,,,28.984968185424805,33.023712158203125,27.5450382232666
2010-07-13,24.56,2.48,,,,140.02398681640625,143.58135986328125,146.37460327148438
2010-07-14,24.89,2.45,,,,158.44317626953125,132.24179077148438,177.7099151611328
2010-07-15,25.14,2.39,,,,123.99986267089844,120.08622741699219,117.83973693847656
2010-07-16,26.25,2.35,,,,45.871360778808594,52.26304626464844,38.14347457885742
2010-07-19,25.97,2.38,,,,71.64586639404297,58.82086181640625,77.09806823730469
2010-07-20,23.93,2.37,,,,88.59192657470703,84.47926330566406,89.6815185546875
2010-07-21,25.64,2.32,,,,99.6260986328125,120.6021728515625,100.59412384033203
2010-07-22,24.63,2.36,,,,65.88532257080078,65.6825180053711,66.96031951904297
2010-07-23,23.47,2.42,,,,73.75513458251953,76.72499084472656,69.32923889160156
2010-07-26,22.73,2.41,,,,132.6739044189453,145.06539916992188,113.88129425048828
2010-07-27,23.19,2.43,,,,99.45352935791016,122.02757263183594,76.33728790283203
2010-07-28,24.25,2.42,,,,103.40233612060547,73.6314697265625,135.11502075195312
2010-07-29,24.13,2.44,,,,65.02313995361328,86.43065643310547,54.06877517700195
2010-07-30,23.5,2.39,,,,74.9758071899414,108.72003936767578,56.67703628540039
2010-08-01,,,0.19,217.923,9.5,90.22557830810547,115.6472396850586,75.02539825439453
2010-08-02,22.01,2.43,,,,117.83837127685547,95.72090911865234,145.16488647460938
2010-08-03,22.63,2.41,,,,112.56298065185547,112.21649932861328,93.59963989257812
2010-08-04,22.21,2.42,,,,99.5685043334961,106.89756774902344,108.2695083618164
2010-08-05,22.1,2.41,,,,85.46356201171875,115.8726806640625,68.2229995727539
2010-08-06,21.74,2.36,,,,64.68528747558594,54.30415344238281,62.280662536621094
2010-08-09,22.14,2.32,,,,48.00822830200195,34.80760192871094,58.065956115722656
2010-08-10,22.37,2.27,,,,77.12614440917969,46.133243560791016,89.78591918945312
2010-08-11,25.39,2.18,,,,69.17195129394531,61.296913146972656,70.3005599975586
2010-08-12,25.73,2.19,,,,83.66990661621094,68.24647521972656,88.54891204833984
2010-08-13,26.24,2.14,,,,54.12692642211914,71.94709014892578,30.0054874420166
2010-08-16,26.1,2.07,,,,66.96566009521484,35.605079650878906,81.669921875
2010-08-17,24.33,2.12,,,,83.65069580078125,33.35728454589844,111.29308319091797
2010-08-18,24.59,2.13,,,,108.86372375488281,155.04090881347656,51.7277717590332
2010-08-19,26.44,2.09,,,,96.27484130859375,92.42374420166016,83.02056884765625
2010-08-20,25.49,2.13,,,,57.42262649536133,64.40160369873047,41.78012466430664
2010-08-23,25.66,2.11,,,,76.51311492919922,80.76451110839844,74.85064697265625
2010-08-24,27.46,2.0,,,,105.28943634033203,177.6336669921875,47.143096923828125
2010-08-25,26.7,2.01,,,,97.31837463378906,134.333740234375,74.69841003417969
2010-08-26,27.37,1.99,,,,83.9590835571289,91.30980682373047,76.16139221191406
2010-08-27,24.45,2.1,,,,95.1482162475586,112.42115020751953,99.63099670410156
2010-08-30,27.21,2.04,,,,97.03926849365234,114.32975769042969,73.35562896728516
2010-08-31,26.05,2.0,,,,123.15957641601562,127.0142822265625,98.87963104248047
2010-09-01,23.89,2.08,0.19,218.275,9.5,94.7530746459961,128.467529296875,69.33533477783203
2010-09-02,23.19,2.13,,,,60.68281555175781,85.40615844726562,35.61858367919922
2010-09-03,21.31,2.2,,,,81.19038391113281,64.75238037109375,81.01481628417969
2010-09-06,,,,,,52.41404724121094,31.351625442504883,61.01749038696289
2010-09-07,23.8,2.12,,,,113.9554672241211,117.52210998535156,91.49004364013672
2010-09-08,23.25,2.14,,,,87.17283630371094,90.38068389892578,81.18537902832031
2010-09-09,22.81,2.2,,,,45.96228790283203,32.729148864746094,60.05855941772461
2010-09-10,21.99,2.23,,,,86.666015625,102.39910888671875,80.07278442382812
2010-09-13,21.21,2.21,,,,71.60271453857422,90.16712951660156,43.87150573730469
2010-09-14,21.56,2.18,,,,80.19900512695312,83.42832946777344,69.58746337890625
2010-09-15,22.1,2.24,,,,63.128170013427734,13.24923324584961,99.46052551269531
2010-09-16,21.72,2.29,,,,61.403690338134766,64.43651580810547,48.37177276611328
2010-09-17,22.01,2.27,,,,89.34310913085938,75.36531829833984,102.86529541015625
2010-09-20,21.5,2.25,,,,70.04185485839844,98.5782470703125,34.2599983215332
2010-09-21,22.35,2.18,,,,100.86990356445312,104.58179473876953,114.072021484375
2010-09-22,22.51,2.12,,,,67.37425231933594,37.3149299621582,80.92327880859375
2010-09-23,23.87,2.11,,,,80.06205749511719,26.605207443237305,110.95684814453125
2010-09-24,21.71,2.17,,,,91.22930908203125,87.81234741210938,78.47589111328125
2010-09-27,22.54,2.1,,,,95.32569122314453,102.95162200927734,105.68840026855469
2010-09-28,22.6,2.11,,,,89.32766723632812,81.63164520263672,99.03833770751953
2010-09-29,23.25,2.08,,,,82.90054321289062,82.64537048339844,91.91253662109375
2010-09-30,23.7,2.11,,,,69.40618133544922,50.32184600830078,73.45343780517578
2010-10-01,22.5,2.12,0.19,219.035,9.4,80.87020111083984,105.42781066894531,51.7277717590332
2010-10-04,23.53,2.09,,,,75.46617126464844,95.03227233886719,72.6607666015625
2010-10-05,21.76,2.09,,,,111.25634002685547,150.27041625976562,113.40319061279297
2010-10-06,21.49,2.03,,,,98.46273040771484,140.2280731201172,70.1784439086914
2010-10-07,21.56,2.05,,,,104.35934448242188,120.8184585571289,106.37311553955078
2010-10-08,20.71,2.06,,,,67.21151733398438,70.1953353881836,63.872554779052734
2010-10-11,18.96,,,,,70.21652221679688,65.88272094726562,75.55995178222656
2010-10-12,18.93,2.07,,,,64.5305404663086,92.92386627197266,59.62129592895508
2010-10-13,19.07,2.09,,,,52.52485656738281,83.78108978271484,34.940853118896484
2010-10-14,19.88,2.14,,,,77.56256103515625,57.992862701416016,91.36890411376953
2010-10-15,19.03,2.22,,,,71.87647247314453,105.92511749267578,77.95765686035156
2010-10-18,19.09,2.14,,,,30.70746421813965,45.91941452026367,25.534217834472656
2010-10-19,20.63,2.13,,,,83.68592071533203,76.47596740722656,86.98432922363281
2010-10-20,19.79,2.16,,,,69.56391906738281,52.83794403076172,77.12610626220703
2010-10-21,19.27,2.2,,,,43.10032272338867,67.5206069946289,35.839271545410156
2010-10-22,18.78,2.24,,,,65.01024627685547,94.26929473876953,54.05805587768555
2010-10-25,19.85,2.22,,,,50.78228759765625,70.09750366210938,38.97882843017578
2010-10-26,20.22,2.27,,,,44.563690185546875,44.426517486572266,37.05610275268555
2010-10-27,20.71,2.35,,,,85.60568237304688,89.0527114868164,86.65853881835938
2010-10-28,20.88,2.32,,,,55.86671829223633,65.52323913574219,65.58342742919922
2010-10-29,21.2,2.29,,,,78.20037078857422,68.60450744628906,88.43543243408203
2010-11-01,21.83,2.32,0.19,219.59,9.8,130.50672912597656,168.37120056152344,102.13687133789062
2010-11-02,21.57,2.29,,,,130.6160430908203,144.6822052001953,114.6452865600586
2010-11-03,19.56,2.33,,,,81.79179382324219,81.54003143310547,73.68014526367188
2010-11-04,18.52,2.2,,,,79.7408447265625,139.116943359375,38.6790885925293
2010-11-05,18.26,2.2,,,,54.94014358520508,32.218257904052734,64.49569702148438
2010-11-08,18.29,2.19,,,,92.57479858398438,72.22683715820312,107.10100555419922
2010-11-09,19.08,2.26,,,,131.48008728027344,174.7671661376953,103.25592803955078
2010-11-10,18.47,2.21,,,,79.36360168457031,96.31916046142578,51.646949768066406
2010-11-11,18.64,,,,,87.63406372070312,97.84803771972656,69.95565032958984
2010-11-12,20.61,2.25,,,,75.50946807861328,78.54995727539062,81.89803314208984
2010-11-15,20.2,2.39,,,,120.9535903930664,23.338314056396484,181.6869354248047
2010-11-16,22.58,2.34,,,,121.2349853515625,63.98566436767578,154.18106079101562
2010-11-17,21.76,2.39,,,,77.66468811035156,67.32662963867188,73.00418090820312
2010-11-18,18.75,2.38,,,,73.96996307373047,57.711341857910156,90.92536926269531
2010-11-19,18.04,2.36,,,,103.71417236328125,87.7290267944336,120.21553039550781
2010-11-22,18.37,2.31,,,,113.15013122558594,70.01493835449219,142.7540283203125
2010-11-23,20.63,2.32,,,,77.37921905517578,44.080596923828125,104.1747817993164
2010-11-24,19.56,2.4,,,,166.79205322265625,46.403343200683594,238.6806640625
2010-11-25,,,,,,91.48633575439453,98.80512237548828,76.0737533569336
2010-11-26,22.22,2.36,,,,56.32421112060547,42.11313247680664,58.54418182373047
2010-11-29,21.53,2.32,,,,159.03428649902344,61.87112045288086,225.77899169921875
2010-11-30,23.54,2.36,,,,183.40769958496094,111.94478607177734,224.09521484375
2010-12-01,21.36,2.44,0.18,220.472,9.3,94.04766082763672,34.725250244140625,144.82144165039062
2010-12-02,19.39,2.46,,,,100.17845916748047,53.26405334472656,138.83587646484375
2010-12-03,18.01,2.54,,,,86.44165802001953,80.02017974853516,92.41577911376953
2010-12-06,18.02,2.53,,,,110.68245697021484,133.98641967773438,98.60991668701172
2010-12-07,17.99,2.61,,,,127.92436218261719,134.24273681640625,106.37311553955078
2010-12-08,17.74,2.63,,,,67.67610931396484,56.81499099731445,71.08396911621094
2010-12-09,17.25,2.59,,,,88.63056945800781,66.26831817626953,92.12387084960938
2010-12-10,17.61,2.68,,,,61.2244987487793,44.97392654418945,80.38435363769531
2010-12-13,17.55,2.68,,,,72.62633514404297,72.40277862548828,67.10118865966797
2010-12-14,17.61,2.83,,,,67.45047760009766,74.71428680419922,56.08718490600586
2010-12-15,17.94,2.85,,,,72.64402770996094,57.93634033203125,78.52751922607422
2010-12-16,17.39,2.81,,,,136.46005249023438,129.23800659179688,147.5120391845703
2010-12-17,16.11,2.72,,,,107.16203308105469,125.68492126464844,89.10858917236328
2010-12-20,16.41,2.74,,,,128.2569580078125,88.1808090209961,154.45814514160156
2010-12-21,16.49,2.72,,,,156.8079376220703,101.6114273071289,228.18374633789062
2010-12-22,15.45,2.71,,,,163.8302459716797,175.27664184570312,146.19802856445312
2010-12-23,16.47,2.74,,,,124.6888656616211,149.1660919189453,96.77052307128906
2010-12-24,,,,,,126.52168273925781,160.5319366455078,133.8994903564453
2010-12-27,17.67,2.65,,,,87.47978210449219,93.02454376220703,77.5916519165039
2010-12-28,17.52,2.75,,,,134.57305908203125,185.7583770751953,103.29389953613281
2010-12-29,17.28,2.71,,,,53.03965377807617,57.68334197998047,40.094669342041016
2010-12-30,17.52,2.72,,,,161.357177734375,151.3981170654297,165.74378967285156
2010-12-31,17.75,2.69,,,,45.37763977050781,57.57558822631836,41.1631965637207
2011-01-01,,,0.17,221.187,9.1,83.27684020996094,101.46951293945312,69.24730682373047
2011-01-03,17.61,2.75,,,,74.2015151977539,116.24346923828125,52.886474609375
2011-01-04,17.38,2.73,,,,119.25243377685547,149.70750427246094,110.1801528930664
2011-01-05,17.02,2.79,,,,44.563690185546875,29.6176815032959,55.58415603637695
2011-01-06,17.4,2.76,,,,74.0829849243164,63.30424118041992,76.26953887939453
2011-01-07,17.14,2.74,,,,74.59210968017578,67.60227966308594,84.5804672241211
2011-01-10,17.54,2.73,,,,96.13255310058594,111.8094253540039,106.58297729492188
2011-01-11,16.89,2.77,,,,89.32766723632812,96.47376251220703,86.65853881835938
2011-01-12,16.24,2.79,,,,74.32042694091797,49.39444351196289,88.28538513183594
2011-01-13,16.39,2.75,,,,61.53376388549805,74.9764404296875,56.85250473022461
2011-01-14,15.46,2.76,,,,66.92056274414062,66.71456909179688,83.46981811523438
2011-01-17,,,,,,91.63396453857422,63.94633483886719,99.05546569824219
2011-01-18,15.87,2.79,,,,56.982242584228516,22.72273826599121,75.8120346069336
2011-01-19,17.31,2.77,,,,62.640323638916016,36.733829498291016,73.53514099121094
2011-01-20,17.99,2.82,,,,59.08705139160156,51.54202651977539,55.274322509765625
2011-01-21,18.47,2.81,,,,88.97392272949219,61.40773010253906,96.74909973144531
2011-01-24,17.65,2.78,,,,106.99507904052734,59.732810974121094,135.23403930664062
2011-01-25,17.59,2.73,,,,204.19937133789062,286.507080078125,119.48760223388672
2011-01-26,16.64,2.83,,,,113.75102233886719,144.3284149169922,74.52352142333984
2011-01-27,16.15,2.83,,,,68.67119598388672,78.23979187011719,59.82140350341797
2011-01-28,20.04,2.82,,,,69.63356018066406,52.890830993652344,71.68878936767578
2011-01-31,19.53,2.84,,,,89.41900634765625,81.03978729248047,87.87374114990234
2011-02-01,17.63,2.87,0.16,221.898,9.0,118.03402709960938,106.28321075439453,139.30824279785156
2011-02-02,17.3,2.85,,,,98.82798767089844,116.7689208984375,79.13491821289062
2011-02-03,16.69,2.87,,,,113.2795181274414,116.35298156738281,119.88513946533203
2011-02-04,15.93,2.91,,,,94.64479064941406,111.82633209228516,93.27420806884766
2011-02-07,16.28,2.9,,,,59.578556060791016,63.3548469543457,46.23867416381836
2011-02-08,15.81,2.89,,,,56.59284210205078,82.74734497070312,31.372482299804688
2011-02-09,15.87,2.84,,,,86.5784683227539,120.08622741699219,56.34212112426758
2011-02-10,16.09,2.85,,,,104.0421371459961,100.37602996826172,94.88665771484375
2011-02-11,15.69,2.79,,,,97.6264877319336,114.10633087158203,83.97877502441406
2011-02-14,15.95,2.75,,,,76.56786346435547,56.24476623535156,80.42346954345703
2011-02-15,16.37,2.77,,,,55.579994201660156,81.26640319824219,30.811004638671875
2011-02-16,16.72,2.76,,,,62.22502899169922,36.490291595458984,73.04761505126953
2011-02-17,16.59,2.78,,,,88.42582702636719,74.591552734375,90.4970474243164
2011-02-18,16.43,2.81,,,,66.4507064819336,26.49846649169922,99.46052551269531
2011-02-21,,,,,,108.9972152709961,122.8349838256836,86.69396209716797
2011-02-22,20.8,2.72,,,,163.8302459716797,143.4081573486328,166.13412475585938
2011-02-23,22.13,2.75,,,,73.44939422607422,65.9009780883789,79.39811706542969
2011-02-24,21.32,2.73,,,,144.02468872070312,110.9492416381836,174.1978759765625
2011-02-25,19.22,2.7,,,,137.7366943359375,96.11891174316406,160.3453369140625
2011-02-28,18.35,2.73,,,,107.25624084472656,98.70101165771484,109.76851654052734
2011-03-01,21.01,2.75,0.14,223.046,9.0,178.95901489257812,167.48521423339844,200.43797302246094
2011-03-02,20.7,2.77,,,,126.99939727783203,70.33804321289062,152.53907775878906
2011-03-03,18.6,2.79,,,,154.95379638671875,185.3721923828125,125.9856185913086
2011-03-04,19.06,2.81,,,,119.61127471923828,139.116943359375,104.98609924316406
2011-03-07,20.66,2.81,,,,138.72427368164062,217.9229736328125,90.88463592529297
2011-03-08,19.82,2.83,,,,166.0056610107422,195.58462524414062,138.03890991210938
2011-03-09,20.22,2.78,,,,199.4664306640625,220.15809631347656,171.7862548828125
2011-03-10,21.88,2.72,,,,136.30661010742188,170.6488494873047,115.97911071777344
2011-03-11,20.08,2.76,,,,136.77268981933594,152.97994995117188,133.14822387695312
2011-03-14,21.13,2.75,,,,87.9781265258789,83.89395904541016,95.42161560058594
2011-03-15,24.32,2.7,,,,141.81134033203125,188.49978637695312,133.03860473632812
2011-03-16,29.4,2.64,,,,166.35165405273438,129.7875213623047,186.44021606445312
2011-03-17,26.37,2.65,,,,116.2304458618164,128.06979370117188,106.82286071777344
2011-03-18,24.44,2.67,,,,147.7964324951172,160.15379333496094,170.9876251220703
2011-03-21,20.61,2.67,,,,151.39047241210938,251.54080200195312,77.92938232421875
2011-03-22,20.21,2.66,,,,192.9297637939453,210.48081970214844,181.6156463623047
2011-03-23,19.17,2.67,,,,231.2828826904297,260.3220520019531,192.3189697265625
2011-03-24,18.0,2.7,,,,144.67994689941406,150.24436950683594,135.34413146972656
2011-03-25,17.91,2.67,,,,130.91949462890625,163.90444946289062,106.33194732666016
2011-03-28,19.44,2.66,,,,131.84349060058594,164.29708862304688,116.48399353027344
2011-03-29,18.16,2.69,,,,196.35418701171875,239.24972534179688,181.41627502441406
2011-03-30,17.71,2.67,,,,125.13372039794922,187.12283325195312,92.49120330810547
2011-03-31,17.74,2.67,,,,126.22554016113281,142.84201049804688,124.8178939819336
2011-04-01,17.4,2.66,0.1,224.093,9.1,125.87757110595703,151.90907287597656,104.671142578125
2011-04-04,17.5,2.68,,,,71.92547607421875,119.50679779052734,19.936094284057617
2011-04-05,17.25,2.66,,,,103.40233612060547,117.81034851074219,85.9822769165039
2011-04-06,16.9,2.71,,,,130.38829040527344,203.76333618164062,82.0490493774414
2011-04-07,17.11,2.77,,,,74.62199401855469,77.62674713134766,70.14407348632812
2011-04-08,17.87,2.76,,,,84.77043914794922,110.51242065429688,65.0670166015625
2011-04-11,16.59,2.74,,,,98.69049072265625,153.99659729003906,42.81612014770508
2011-04-12,17.09,2.75,,,,88.33514404296875,95.40184020996094,79.57455444335938
2011-04-13,16.92,2.74,,,,111.53427124023438,118.60369110107422,123.65897369384766
2011-04-14,16.27,2.74,,,,110.64944458007812,130.99176025390625,92.00848388671875
2011-04-15,15.32,2.72,,,,86.82132720947266,99.8700942993164,66.64122009277344
2011-04-18,16.96,2.71,,,,86.95490264892578,123.83892822265625,48.20381546020508
2011-04-19,15.83,2.71,,,,96.63265991210938,84.77499389648438,102.8519515991211
2011-04-20,15.07,2.74,,,,80.7943344116211,95.1903076171875,73.29056549072266
2011-04-21,14.69,2.74,,,,117.58607482910156,133.97044372558594,106.1573486328125
2011-04-22,,,,,,81.57286834716797,120.21479797363281,41.28806686401367
2011-04-25,15.77,2.72,,,,78.18482208251953,98.4557876586914,75.27836608886719
2011-04-26,15.62,2.69,,,,144.02468872070312,127.62787628173828,166.33477783203125
2011-04-27,15.35,2.74,,,,124.72569274902344,168.22711181640625,103.71331787109375
2011-04-28,14.62,2.72,,,,110.53406524658203,130.8551788330078,74.67893981933594
2011-04-29,14.75,2.71,,,,68.87517547607422,78.4721908569336,54.54462814331055
2011-05-01,,,0.09,224.806,9.0,69.49442291259766,92.3740234375,57.78679275512695
2011-05-02,15.99,2.7,,,,115.2568588256836,178.73658752441406,78.09160614013672
2011-05-03,16.7,2.67,,,,269.19287109375,357.81903076171875,230.06015014648438
2011-05-04,17.08,2.65,,,,113.01701354980469,155.4057159423828,84.25540924072266
2011-05-05,18.2,2.6,,,,101.1986083984375,127.79033660888672,106.58975982666016
2011-05-06,18.4,2.62,,,,104.74522399902344,130.52850341796875,81.6552505493164
2011-05-09,17.16,2.6,,,,126.04299926757812,141.36190795898438,124.46033477783203
2011-05-10,15.91,2.64,,,,140.8026580810547,147.75711059570312,129.40621948242188
2011-05-11,16.95,2.63,,,,88.7294921875,110.57046508789062,86.0782470703125
2011-05-12,16.03,2.65,,,,80.9588851928711,100.8871078491211,84.14981079101562
2011-05-13,17.07,2.61,,,,114.1140365600586,156.01754760742188,92.17827606201172
2011-05-16,18.24,2.61,,,,87.17283630371094,118.92195892333984,68.67183685302734
2011-05-17,17.55,2.57,,,,74.639404296875,77.95297241210938,76.8423843383789
2011-05-18,16.23,2.6,,,,85.3180923461914,96.14966583251953,80.19831848144531
2011-05-19,15.52,2.62,,,,150.25360107421875,132.37353515625,145.2797393798828
2011-05-20,17.43,2.6,,,,81.48226928710938,81.23146057128906,83.3908462524414
2011-05-23,18.27,2.58,,,,119.9306640625,131.929931640625,123.79792785644531
2011-05-24,17.82,2.56,,,,134.65721130371094,130.4072265625,159.95956420898438
2011-05-25,17.07,2.59,,,,119.10356140136719,118.73694610595703,105.22824096679688
2011-05-26,16.09,2.59,,,,103.62940979003906,135.37228393554688,89.14252471923828
2011-05-27,15.98,2.59,,,,94.45203399658203,60.532264709472656,129.0297088623047
2011-05-30,,,,,,112.04273986816406,106.8414306640625,105.31926727294922
2011-05-31,15.45,2.6,,,,140.02398681640625,167.51158142089844,119.76103973388672
2011-06-01,18.3,2.52,0.09,224.806,9.1,96.12361145019531,132.68455505371094,55.33601379394531
2011-06-02,18.09,2.59,,,,86.354736328125,103.30670928955078,97.65707397460938
2011-06-03,17.95,2.57,,,,66.98822784423828,66.78202819824219,66.84336853027344
2011-06-06,18.49,2.58,,,,62.42275619506836,74.6767349243164,55.36690902709961
2011-06-07,18.07,2.62,,,,106.61982727050781,146.60916137695312,61.14325714111328
2011-06-08,18.79,2.59,,,,122.13936614990234,110.69401550292969,129.26162719726562
2011-06-09,17.77,2.58,,,,101.33381652832031,125.40650177001953,69.7342758178711
2011-06-10,18.86,2.58,,,,90.61734771728516,93.68428802490234,94.88665771484375
2011-06-13,19.61,2.6,,,,105.76525115966797,118.09245300292969,91.46501159667969
2011-06-14,18.26,2.66,,,,43.3272819519043,54.97407531738281,26.202177047729492
2011-06-15,21.32,2.6,,,,81.83572387695312,99.31944274902344,65.09031677246094
2011-06-16,22.73,2.55,,,,115.51518249511719,115.15961456298828,101.70475769042969
2011-06-17,21.85,2.56,,,,77.9061050415039,111.83948516845703,57.00760269165039
2011-06-20,19.99,2.59,,,,74.1619644165039,57.50397491455078,75.37199401855469
2011-06-21,18.86,2.59,,,,79.22998046875,67.7023696899414,87.84294891357422
2011-06-22,18.52,2.62,,,,56.08184814453125,59.636505126953125,43.52489471435547
2011-06-23,19.29,2.58,,,,128.5777130126953,155.1676025390625,112.54357147216797
2011-06-24,21.1,2.53,,,,115.043212890625,155.1676025390625,95.66203308105469
2011-06-27,20.56,2.54,,,,108.47199249267578,158.04800415039062,48.568077087402344
2011-06-28,19.17,2.57,,,,66.17350006103516,54.32808303833008,64.7356948852539
2011-06-29,17.27,2.67,,,,81.51732635498047,73.87855529785156,73.9464111328125
2011-06-30,16.52,2.73,,,,101.40513610839844,60.65579605102539,129.2930450439453
2011-07-01,15.87,2.72,0.07,225.395,9.0,88.8176040649414,98.38246154785156,87.53140258789062
2011-07-04,,,,,,70.36500549316406,86.33650207519531,72.01317596435547
2011-07-05,16.06,2.72,,,,83.86247253417969,83.60433959960938,83.6811294555664
2011-07-06,16.34,2.69,,,,41.548736572265625,52.71744155883789,31.408252716064453
2011-07-07,15.95,2.68,,,,93.25922393798828,119.0043716430664,74.44605255126953
2011-07-08,15.95,2.63,,,,65.35699462890625,61.7265625,68.6480712890625
2011-07-11,18.39,2.57,,,,84.93763732910156,124.78595733642578,44.60734939575195
2011-07-12,19.87,2.55,,,,75.82986450195312,79.57521057128906,73.01094055175781
2011-07-13,19.91,2.55,,,,92.94522094726562,126.01641082763672,61.82948684692383
2011-07-14,20.8,2.6,,,,74.88043212890625,92.42374420166016,47.44032287597656
2011-07-15,19.53,2.57,,,,91.54486083984375,155.48524475097656,39.47088623046875
2011-07-18,20.95,2.57,,,,72.8036880493164,108.86939239501953,52.971229553222656
2011-07-19,19.21,2.52,,,,126.4942398071289,173.39419555664062,98.60991668701172
2011-07-20,19.09,2.56,,,,92.12239074707031,91.83882904052734,95.7533187866211
2011-07-21,17.56,2.63,,,,90.60633850097656,122.84532165527344,48.21888732910156
2011-07-22,17.52,2.59,,,,62.43583297729492,82.99153137207031,40.38016128540039
2011-07-25,19.35,2.61,,,,83.91838073730469,96.86955261230469,80.79877471923828
2011-07-26,20.23,2.58,,,,92.6003646850586,117.49224853515625,56.00007629394531
2011-07-27,22.98,2.57,,,,88.66615295410156,127.28626251220703,58.98295211791992
2011-07-28,23.74,2.56,,,,101.98326873779297,120.49700927734375,81.66145324707031
2011-07-29,25.25,2.46,,,,95.42375946044922,149.49005126953125,73.68014526367188
2011-08-01,23.66,2.39,0.1,226.106,9.0,88.10020446777344,131.7435302734375,51.28065490722656
2011-08-02,24.79,2.33,,,,90.46023559570312,85.88742065429688,85.96630859375
2011-08-03,23.38,2.31,,,,86.63004302978516,106.92609405517578,54.88425827026367
2011-08-04,31.66,2.2,,,,77.03646087646484,53.7595329284668,83.27569580078125
2011-08-05,32.0,2.3,,,,51.97543716430664,62.17853927612305,40.337921142578125
2011-08-08,48.0,2.13,,,,94.76786804199219,111.65364074707031,78.80245208740234
2011-08-09,35.06,2.01,,,,63.13661575317383,50.353816986083984,91.00012969970703
2011-08-10,42.99,1.98,,,,44.114097595214844,23.988168716430664,60.02550506591797
2011-08-11,39.0,2.15,,,,91.38117980957031,106.28321075439453,82.3185043334961
2011-08-12,36.36,2.04,,,,69.30058288574219,89.81344604492188,51.863040924072266
2011-08-15,31.87,2.1,,,,131.05657958984375,216.2534942626953,45.09419250488281
2011-08-16,32.85,2.03,,,,54.5106086730957,75.24390411376953,27.893709182739258
2011-08-17,31.58,1.98,,,,38.834320068359375,46.45774459838867,38.75034713745117
2011-08-18,42.67,1.88,,,,109.4460678100586,138.20497131347656,91.0078353881836
2011-08-19,43.05,1.87,,,,119.64898681640625,163.58494567871094,73.90825653076172
2011-08-22,42.44,1.88,,,,143.45765686035156,216.6910400390625,65.0670166015625
2011-08-23,36.27,1.93,,,,197.70501708984375,257.43212890625,127.49225616455078
2011-08-24,35.9,2.06,,,,159.73345947265625,227.48826599121094,88.54891204833984
2011-08-25,39.76,2.01,,,,109.68766784667969,131.22006225585938,85.1281509399414
2011-08-26,35.59,1.99,,,,93.75191497802734,145.38742065429688,46.19712829589844
2011-08-29,32.28,2.08,,,,125.17124938964844,187.17893981933594,96.64925384521484
2011-08-30,32.89,1.99,,,,61.34384536743164,87.36431884765625,29.1481876373291
2011-08-31,31.62,2.03,,,,91.10472106933594,123.52103424072266,78.78668975830078
2011-09-01,31.82,1.96,0.08,226.597,9.0,90.60633850097656,79.48815155029297,90.41041564941406
2011-09-02,33.92,1.82,,,,105.27227783203125,104.9482421875,93.37300872802734
2011-09-05,,,,,,123.4190673828125,108.27445983886719,123.15218353271484
2011-09-06,37.0,1.77,,,,138.56492614746094,138.13841247558594,115.22107696533203
2011-09-07,33.38,1.84,,,,87.84709930419922,87.57669830322266,97.39681243896484
2011-09-08,34.32,1.81,,,,99.44561767578125,123.06974029541016,79.84069061279297
2011-09-09,38.52,1.76,,,,90.50731658935547,108.27445983886719,75.2596664428711
2011-09-12,38.59,1.73,,,,110.15664672851562,149.0381317138672,78.51317596435547
2011-09-13,36.91,1.79,,,,111.98429107666016,136.84854125976562,90.11463165283203
2011-09-14,34.6,1.84,,,,78.36181640625,92.32435607910156,65.1603012084961
2011-09-15,31.97,1.88,,,,85.37545776367188,95.32618713378906,79.5114517211914
2011-09-16,30.98,1.9,,,,72.69947814941406,113.44023132324219,42.05349349975586
2011-09-19,32.73,1.81,,,,56.625091552734375,88.70838928222656,26.906021118164062
2011-09-20,32.86,1.77,,,,70.64717864990234,70.42972564697266,78.32711791992188
2011-09-21,37.32,1.67,,,,102.08763122558594,133.35824584960938,64.39859771728516
2011-09-22,41.35,1.52,,,,84.1607666015625,87.25778198242188,78.38019561767578
2011-09-23,41.25,1.61,,,,93.08572387695312,134.39883422851562,74.7345962524414
2011-09-26,39.02,1.66,,,,73.34098052978516,89.3630599975586,47.43303298950195
2011-09-27,37.71,1.75,,,,86.86112976074219,94.46592712402344,72.22775268554688
2011-09-28,41.08,1.76,,,,55.84939956665039,41.758121490478516,63.8557243347168
2011-09-29,38.84,1.72,,,,93.68878173828125,106.74331665039062,72.34049987792969
2011-09-30,42.96,1.67,,,,68.4011001586914,84.42639923095703,43.33536148071289
2011-10-01,,,0.07,226.75,8.8,82.06195831298828,81.80935668945312,100.08106231689453
2011-10-03,45.45,1.56,,,,92.0157699584961,135.6046142578125,46.573734283447266
2011-10-04,40.82,1.56,,,,73.61261749267578,80.7246322631836,67.33231353759766
2011-10-05,37.81,1.67,,,,66.10445404052734,58.57864761352539,79.39811706542969
2011-10-06,36.27,1.72,,,,86.47265625,86.20648193359375,71.90472412109375
2011-10-07,36.2,1.8,,,,74.47611236572266,122.66873168945312,48.46634292602539
2011-10-10,33.02,,,,,55.35139083862305,76.40447998046875,28.323945999145508
2011-10-11,32.86,1.86,,,,85.24990844726562,137.5988006591797,40.507408142089844
2011-10-12,31.26,1.95,,,,137.2508544921875,192.29933166503906,117.21292114257812
2011-10-13,30.7,1.9,,,,135.9896240234375,152.95193481445312,139.1749267578125
2011-10-14,28.24,1.98,,,,73.91124725341797,100.47782897949219,55.872291564941406
2011-10-17,33.39,1.9,,,,96.44184112548828,117.04607391357422,69.7342758178711
2011-10-18,31.56,1.91,,,,114.35791778564453,159.60829162597656,76.0737533569336
2011-10-19,34.44,1.9,,,,51.13114547729492,29.12786293029785,60.7387809753418
2011-10-20,34.78,1.92,,,,72.08696746826172,82.13151550292969,57.08816146850586
2011-10-21,31.32,1.93,,,,110.52729034423828,168.5214080810547,59.46916961669922
2011-10-24,29.26,1.95,,,,96.52515411376953,122.4720458984375,94.85708618164062
2011-10-25,32.22,1.88,,,,82.53282928466797,89.75867462158203,74.86759948730469
2011-10-26,29.86,1.95,,,,64.39116668701172,64.19296264648438,53.54327392578125
2011-10-27,25.46,2.11,,,,53.972591400146484,26.903230667114258,72.92984008789062
2011-10-28,24.53,2.06,,,,51.45736312866211,32.061859130859375,64.18260955810547
2011-10-31,29.96,1.92,,,,82.71080780029297,107.19307708740234,68.77662658691406
2011-11-01,34.77,1.78,0.08,227.169,8.6,80.11046600341797,87.85026550292969,59.95292282104492
2011-11-02,32.74,1.8,,,,37.60396957397461,27.26416015625,51.16725158691406
2011-11-03,30.5,1.85,,,,110.41893005371094,88.06324005126953,131.16685485839844
2011-11-04,30.16,1.84,,,,111.48065185546875,127.0142822265625,95.34821319580078
2011-11-07,29.85,1.79,,,,65.59539794921875,65.39349365234375,74.99886322021484
2011-11-08,27.48,1.85,,,,82.42171478271484,54.77867126464844,110.96342468261719
2011-11-09,36.16,1.76,,,,112.76825714111328,49.18425369262695,152.37680053710938
2011-11-10,32.81,1.8,,,,80.2463150024414,63.99944305419922,85.41097259521484
2011-11-11,30.04,,,,,66.76000213623047,57.046722412109375,79.30432891845703
2011-11-14,31.13,1.8,,,,95.59480285644531,82.87004852294922,110.59487915039062
2011-11-15,31.22,1.8,,,,114.09954833984375,73.38603210449219,165.2702178955078
2011-11-16,33.51,1.75,,,,83.44913482666016,86.80931854248047,96.54340362548828
2011-11-17,34.51,1.69,,,,108.66275787353516,111.61095428466797,125.95146942138672
2011-11-18,32.0,1.72,,,,109.06854248046875,74.55965423583984,139.92774963378906
2011-11-21,32.91,1.7,,,,111.56315612792969,128.3304901123047,85.63224029541016
2011-11-22,31.97,1.68,,,,58.25148391723633,38.714786529541016,71.04230499267578
2011-11-23,33.98,1.63,,,,102.48828125,72.98058319091797,121.74603271484375
2011-11-24,,,,,,67.84777069091797,47.74512481689453,86.2856674194336
2011-11-25,34.47,1.69,,,,83.16069793701172,55.26980972290039,103.72608184814453
2011-11-28,32.13,1.71,,,,105.4183120727539,88.92554473876953,134.85943603515625
2011-11-29,30.64,1.73,,,,107.72577667236328,130.4072265625,108.77251434326172
2011-11-30,27.8,1.83,,,,84.24638366699219,53.7517204284668,106.48133087158203
2011-12-01,27.41,1.84,0.07,227.223,8.5,104.02568054199219,32.407962799072266,151.37606811523438
2011-12-02,27.52,1.8,,,,104.30795288085938,44.11564636230469,141.9305419921875
2011-12-05,27.84,1.77,,,,97.07157897949219,96.77278900146484,94.17107391357422
2011-12-06,28.13,1.83,,,,73.94124603271484,36.8568229675293,98.37513732910156
2011-12-07,28.67,1.78,,,,49.84187698364258,30.577512741088867,70.13782501220703
2011-12-08,30.59,1.77,,,,87.08116912841797,48.61534881591797,115.8571548461914
2011-12-09,26.38,1.85,,,,71.6583023071289,45.46037292480469,97.50456237792969
2011-12-12,25.67,1.79,,,,99.59353637695312,138.13841247558594,72.01317596435547
2011-12-13,25.41,1.72,,,,89.63418579101562,132.0948486328125,45.3682975769043
2011-12-14,26.04,1.67,,,,113.05692291259766,82.65320587158203,125.34716033935547
2011-12-15,25.11,1.66,,,,82.23851776123047,65.58831024169922,98.47283172607422
2011-12-16,24.29,1.62,,,,118.86456298828125,137.20901489257812,119.64794921875
2011-12-19,24.92,1.58,,,,86.1526107788086,103.06490325927734,85.96630859375
2011-12-20,23.22,1.68,,,,180.24853515625,111.8094253540039,233.1502685546875
2011-12-21,21.43,1.7,,,,80.14276123046875,114.13725280761719,50.77426528930664
2011-12-22,21.16,1.69,,,,83.3827133178711,75.56913757324219,88.2449722290039
2011-12-23,20.73,1.75,,,,75.76393127441406,67.13842010498047,70.00009155273438
2011-12-26,,,,,,103.26950073242188,158.38711547851562,39.633148193359375
2011-12-27,21.91,1.72,,,,68.30036163330078,79.43848419189453,66.2595443725586
2011-12-28,23.52,1.65,,,,86.666015625,105.59908294677734,56.05094909667969
2011-12-29,22.65,1.63,,,,115.55469512939453,76.79933166503906,136.1237335205078
2011-12-30,23.4,1.64,,,,125.90361785888672,138.50050354003906,101.08270263671875
2012-01-01,,,0.08,227.842,8.3,72.44184112548828,65.65350341796875,65.71381378173828
2012-01-02,,,,,,60.10707473754883,66.58006286621094,66.64122009277344
2012-01-03,22.97,1.7,,,,88.10020446777344,70.26321411132812,95.23550415039062
2012-01-04,22.22,1.75,,,,76.9422836303711,48.4455451965332,94.28619384765625
2012-01-05,21.48,1.75,,,,82.43946838378906,44.82857131958008,112.17436981201172
2012-01-06,20.63,1.73,,,,100.59858703613281,50.144466400146484,137.4264373779297
2012-01-09,21.07,1.72,,,,88.3912582397461,58.746124267578125,105.00015258789062
2012-01-10,20.69,1.76,,,,66.64337158203125,31.265052795410156,84.75396728515625
2012-01-11,21.05,1.69,,,,103.96586608886719,64.3319091796875,125.20471954345703
2012-01-12,20.47,1.72,,,,103.84225463867188,103.52261352539062,126.64385223388672
2012-01-13,20.91,1.65,,,,98.1017074584961,65.1998291015625,125.08112335205078
2012-01-16,,,,,,72.8570556640625,77.47498321533203,64.62178802490234
2012-01-17,22.2,1.66,,,,56.625091552734375,32.25759506225586,80.71806335449219
2012-01-18,20.89,1.68,,,,73.85881042480469,51.54202651977539,79.84069061279297
2012-01-19,19.87,1.75,,,,103.19525909423828,89.16059112548828,108.69277954101562
2012-01-20,18.28,1.79,,,,70.93292236328125,49.50020980834961,82.57613372802734
2012-01-23,18.67,1.83,,,,109.54258728027344,96.10075378417969,131.16685485839844
2012-01-24,18.91,1.84,,,,103.51773834228516,29.485458374023438,159.85958862304688
2012-01-25,18.31,1.79,,,,65.62960052490234,27.548458099365234,91.91253662109375
2012-01-26,18.57,1.74,,,,85.76227569580078,64.12371826171875,112.91385650634766
2012-01-27,18.53,1.71,,,,58.41665267944336,54.8111457824707,68.57685852050781
2012-01-30,19.4,1.65,,,,128.4284210205078,97.12857055664062,169.39462280273438
2012-01-31,19.44,1.61,,,,69.98382568359375,77.52045440673828,71.12568664550781
2012-02-01,18.55,1.64,0.1,228.329,8.3,134.9707489013672,146.08860778808594,166.7452850341797
2012-02-02,17.98,1.63,,,,57.816890716552734,81.37259674072266,62.21672058105469
2012-02-03,17.1,1.74,,,,102.98137664794922,82.13151550292969,119.88513946533203
2012-02-06,17.76,1.69,,,,124.92127990722656,120.24239349365234,143.27719116210938
2012-02-07,17.65,1.75,,,,142.98854064941406,118.79033660888672,165.13812255859375
2012-02-08,18.16,1.74,,,,82.25337219238281,67.091064453125,87.04978942871094
2012-02-09,18.63,1.77,,,,85.78363037109375,72.36271667480469,104.25413513183594
2012-02-10,20.79,1.69,,,,68.33390808105469,64.87959289550781,70.35078430175781
2012-02-13,19.04,1.7,,,,61.8345947265625,61.64426040649414,51.41740417480469
2012-02-14,19.54,1.63,,,,80.42071533203125,76.35540771484375,108.2695083618164
2012-02-15,21.14,1.64,,,,128.7169189453125,128.32070922851562,125.92017364501953
2012-02-16,19.22,1.7,,,,81.79179382324219,67.95002746582031,102.01866149902344
2012-02-17,17.78,1.72,,,,49.788089752197266,52.94382858276367,49.6804313659668
2012-02-20,,,,,,150.11636352539062,79.81562042236328,191.4005584716797
2012-02-21,18.19,1.74,,,,141.4915771484375,74.6767349243164,207.62591552734375
2012-02-22,18.19,1.72,,,,101.14710235595703,64.82299041748047,120.15283203125
2012-02-23,16.8,1.68,,,,68.30036163330078,47.66309356689453,85.19084167480469
2012-02-24,17.31,1.67,,,,152.73109436035156,121.80877685546875,163.6897735595703
2012-02-27,18.19,1.62,,,,54.99793243408203,59.046226501464844,49.25038528442383
2012-02-28,17.96,1.64,,,,113.57374572753906,98.12760925292969,125.92017364501953
2012-02-29,18.43,1.68,,,,146.89878845214844,124.47962951660156,152.6886749267578
2012-03-01,17.26,1.73,0.13,228.807,8.2,91.45125579833984,87.79310607910156,84.49398040771484
2012-03-02,17.29,1.71,,,,99.75540924072266,48.009552001953125,131.57546997070312
2012-03-05,18.05,1.69,,,,116.52247619628906,49.78449249267578,152.25900268554688
2012-03-06,20.87,1.66,,,,110.7882080078125,95.72090911865234,110.54864501953125
2012-03-07,19.07,1.68,,,,138.18359375,99.4920654296875,178.73951721191406
2012-03-08,17.95,1.71,,,,154.152587890625,122.94247436523438,176.60728454589844
2012-03-09,17.11,1.71,,,,132.3766326904297,131.9691619873047,120.55867767333984
2012-03-12,15.64,1.71,,,,71.49427032470703,47.516136169433594,85.87181854248047
2012-03-13,14.8,1.79,,,,64.65402221679688,90.99530029296875,50.59938049316406
2012-03-14,15.31,1.89,,,,69.15589904785156,82.73163604736328,57.50529861450195
2012-03-15,15.42,1.92,,,,64.95230865478516,47.7122802734375,79.593505859375
2012-03-16,14.47,1.94,,,,72.73102569580078,79.09871673583984,60.478126525878906
2012-03-19,15.04,2.0,,,,106.99507904052734,127.99888610839844,85.41097259521484
2012-03-20,15.58,1.97,,,,104.6073989868164,139.04721069335938,57.98955535888672
2012-03-21,15.13,1.92,,,,124.37675476074219,123.99391174316406,144.79244995117188
2012-03-22,15.57,1.92,,,,67.60342407226562,96.27904510498047,42.82999038696289
2012-03-23,14.82,1.88,,,,93.311767578125,146.18142700195312,60.964874267578125
2012-03-26,14.26,1.9,,,,79.66934967041016,83.60433959960938,90.65455627441406
2012-03-27,15.59,1.87,,,,116.36654663085938,77.33890533447266,135.4674072265625
2012-03-28,15.47,1.87,,,,149.5762939453125,145.47891235351562,133.47816467285156
2012-03-29,15.48,1.85,,,,83.44913482666016,86.80931854248047,72.40754699707031
2012-03-30,15.5,1.9,,,,103.07345581054688,127.55941009521484,70.93142700195312
2012-04-01,,,0.14,229.187,8.2,141.78305053710938,128.49693298339844,171.4866180419922
2012-04-02,15.64,1.89,,,,154.47207641601562,76.99829864501953,221.2166290283203
2012-04-03,15.66,1.94,,,,134.50100708007812,122.59382629394531,153.38304138183594
2012-04-04,16.44,1.9,,,,126.0838851928711,182.8302459716797,114.37386322021484
2012-04-05,16.7,1.84,,,,116.87487030029297,126.50212860107422,94.40840148925781
2012-04-06,,1.75,,,,88.2839584350586,76.53236389160156,89.36975860595703
2012-04-09,18.81,1.74,,,,126.88357543945312,99.38737487792969,135.65272521972656
2012-04-10,20.39,1.73,,,,116.15497589111328,60.043113708496094,150.24566650390625
2012-04-11,20.02,1.75,,,,85.70198059082031,44.576438903808594,117.74031829833984
2012-04-12,17.2,1.79,,,,136.67489624023438,107.56909942626953,167.4833984375
2012-04-13,19.55,1.75,,,,112.74003601074219,112.39301300048828,121.31948852539062
2012-04-16,19.55,1.73,,,,136.95370483398438,119.46562194824219,128.116455078125
2012-04-17,18.46,1.76,,,,117.74530029296875,117.38287353515625,97.90890502929688
2012-04-18,18.64,1.73,,,,99.26673889160156,109.95687103271484,91.71488952636719
2012-04-19,18.36,1.71,,,,65.09412384033203,36.052085876464844,90.21300506591797
2012-04-20,17.44,1.7,,,,100.38084411621094,55.212059020996094,132.400390625
2012-04-23,18.97,1.69,,,,90.46023559570312,85.88742065429688,78.80245208740234
2012-04-24,18.1,1.73,,,,93.36894226074219,64.75238037109375,114.77099609375
2012-04-25,16.82,1.75,,,,83.9510269165039,125.53893280029297,58.17325973510742
2012-04-26,16.24,1.72,,,,118.67997741699219,125.27436065673828,104.4911880493164
2012-04-27,16.32,1.7,,,,84.50428009033203,74.1348648071289,84.32154846191406
2012-04-30,17.15,1.68,,,,99.85459899902344,121.18793487548828,79.42212677001953
2012-05-01,16.6,1.71,0.16,228.713,8.2,75.19068908691406,74.95924377441406,76.41751098632812
2012-05-02,16.88,1.69,,,,87.5736312866211,68.32492065429688,94.9828872680664
2012-05-03,17.56,1.68,,,,101.76319885253906,62.96894073486328,128.3878936767578
2012-05-04,19.16,1.64,,,,62.24031066894531,48.2601203918457,74.75688934326172
2012-05-07,18.94,1.65,,,,60.385345458984375,60.1994743347168,50.21230697631836
2012-05-08,19.05,1.61,,,,84.52481842041016,80.25203704833984,80.32575225830078
2012-05-09,20.08,1.6,,,,54.60276794433594,21.773876190185547,72.64625549316406
2012-05-10,18.83,1.62,,,,55.440460205078125,48.361087799072266,57.62560272216797
2012-05-11,19.89,1.57,,,,110.3074951171875,106.6355972290039,105.62174224853516
2012-05-14,21.87,1.49,,,,65.92174530029297,57.50397491455078,61.66799545288086
2012-05-15,21.97,1.47,,,,92.65923309326172,61.58268356323242,109.15282440185547
2012-05-16,22.27,1.46,,,,67.07111358642578,59.43525695800781,68.16544342041016
2012-05-17,24.49,1.38,,,,53.89209747314453,64.4714584350586,59.75062561035156
2012-05-18,25.1,1.39,,,,147.14547729492188,71.55734252929688,196.9634246826172
2012-05-21,22.01,1.45,,,,59.07185363769531,72.48002624511719,37.784690856933594
2012-05-22,22.48,1.49,,,,115.74031829833984,127.32034301757812,99.56037139892578
2012-05-23,22.33,1.45,,,,86.14241790771484,62.45619583129883,91.16561126708984
2012-05-24,21.54,1.48,,,,113.44409942626953,67.85694122314453,138.35406494140625
2012-05-25,21.76,1.45,,,,81.91314697265625,65.32881164550781,81.73602294921875
2012-05-28,,,,,,157.4913330078125,167.47366333007812,148.420166015625
2012-05-29,21.03,1.44,,,,91.09561157226562,82.55928039550781,82.6351089477539
2012-05-30,24.14,1.36,,,,88.2839584350586,76.53236389160156,108.52043151855469
2012-05-31,24.06,1.32,,,,91.92120361328125,88.24424743652344,90.59005737304688
2012-06-01,26.66,1.22,0.16,228.524,8.2,67.89513397216797,56.99885559082031,71.31401824951172
2012-06-04,26.12,1.28,,,,40.61731719970703,44.991432189941406,30.021839141845703
2012-06-05,24.68,1.32,,,,67.32860565185547,62.646610260009766,67.18301391601562
2012-06-06,22.16,1.4,,,,69.86804962158203,90.13916778564453,47.84497833251953
2012-06-07,21.72,1.39,,,,102.94328308105469,117.2873306274414,91.71488952636719
2012-06-08,21.23,1.37,,,,92.90912628173828,85.498291015625,89.14252471923828
2012-06-11,23.56,1.33,,,,78.35245513916016,69.43224334716797,79.630859375
2012-06-12,22.09,1.37,,,,92.0157699584961,95.72090911865234,93.14746856689453
2012-06-13,24.27,1.31,,,,99.33882141113281,114.26890563964844,88.95745086669922
2012-06-14,21.68,1.34,,,,112.46371459960938,101.92504119873047,119.02177429199219
2012-06-15,21.11,1.31,,,,55.382530212402344,55.212059020996094,51.80884552001953
2012-06-18,18.32,1.3,,,,102.8192367553711,106.95939636230469,104.08381652832031
2012-06-19,18.38,1.34,,,,111.61479949951172,111.271240234375,92.81120300292969
2012-06-20,17.24,1.33,,,,147.8824920654297,73.7136459350586,202.8987274169922
2012-06-21,20.08,1.31,,,,73.04448699951172,80.10161590576172,66.81266021728516
2012-06-22,18.11,1.38,,,,72.01234436035156,95.72090911865234,39.920345306396484
2012-06-25,20.38,1.32,,,,99.9677505493164,135.90005493164062,75.56938171386719
2012-06-26,19.72,1.35,,,,129.9046173095703,161.88095092773438,108.01976013183594
2012-06-27,19.45,1.34,,,,48.38581848144531,66.7895278930664,30.949481964111328
2012-06-28,19.71,1.29,,,,92.0157699584961,110.07904815673828,67.33231353759766
2012-06-29,17.08,1.34,,,,80.06205749511719,79.81562042236328,66.57411193847656
2012-07-01,,,0.16,228.59,8.2,19.562408447265625,13.00146198272705,21.689006805419922
2012-07-02,16.8,1.31,,,,45.3155632019043,36.140865325927734,45.21757125854492
2012-07-03,16.66,1.35,,,,77.41548156738281,73.115234375,88.08991241455078
2012-07-04,,,,,,129.361083984375,119.75125885009766,130.61802673339844
2012-07-05,17.5,1.34,,,,82.71080780029297,98.94745635986328,61.898963928222656
2012-07-06,17.1,1.3,,,,62.64903259277344,46.84214401245117,65.11829376220703
2012-07-09,17.98,1.26,,,,83.69519805908203,70.26321411132812,95.23550415039062
2012-07-10,18.72,1.26,,,,97.55320739746094,101.4813232421875,84.64544677734375
2012-07-11,17.95,1.27,,,,69.2664794921875,89.3630599975586,47.43303298950195
2012-07-12,18.33,1.25,,,,66.01834869384766,30.97182846069336,90.41747283935547
2012-07-13,16.74,1.27,,,,107.78419494628906,64.4714584350586,143.40150451660156
2012-07-16,17.11,1.26,,,,54.23030090332031,63.07394027709961,52.60989761352539
2012-07-17,16.48,1.28,,,,155.83316040039062,186.42417907714844,185.11451721191406
2012-07-18,16.16,1.3,,,,104.48519134521484,84.87403106689453,122.27937316894531
2012-07-19,15.45,1.32,,,,147.7859344482422,208.41952514648438,125.88591766357422
2012-07-20,16.27,1.27,,,,166.3677978515625,147.4272918701172,202.8987274169922
2012-07-23,18.62,1.25,,,,80.69075012207031,93.14380645751953,70.62830352783203
2012-07-24,20.47,1.22,,,,109.74150848388672,170.18356323242188,60.835670471191406
2012-07-25,19.34,1.21,,,,86.86112976074219,149.57106018066406,19.69847869873047
2012-07-26,17.53,1.22,,,,76.39044952392578,110.7713623046875,57.74641036987305
2012-07-27,16.7,1.33,,,,67.26025390625,93.87451171875,44.74320983886719
2012-07-30,18.03,1.3,,,,112.50230407714844,66.46281433105469,138.5913848876953
2012-07-31,18.93,1.28,,,,65.10248565673828,61.08432388305664,63.68794631958008
2012-08-01,18.96,1.32,0.13,229.918,8.1,67.74896240234375,42.65711212158203,88.95060729980469
2012-08-02,17.57,1.27,,,,52.747894287109375,49.07982635498047,52.63383102416992
2012-08-03,15.64,1.36,,,,74.2411117553711,98.68345642089844,47.035282135009766
2012-08-06,15.95,1.35,,,,99.59353637695312,138.13841247558594,72.01317596435547
2012-08-07,15.99,1.39,,,,114.60892486572266,110.57046508789062,110.67202758789062
2012-08-08,15.32,1.39,,,,75.28562927246094,39.50204849243164,112.0252685546875
2012-08-09,15.28,1.4,,,,87.43833923339844,93.87451171875,78.30061340332031
2012-08-10,14.74,1.38,,,,85.19978332519531,101.92504119873047,56.67703628540039
2012-08-13,13.7,1.38,,,,89.93396759033203,99.6190414428711,74.78291320800781
2012-08-14,14.85,1.46,,,,109.05572509765625,108.72003936767578,90.6832504272461
2012-08-15,14.63,1.53,,,,94.5273666381836,32.77787780761719,129.8649444580078
2012-08-16,14.29,1.54,,,,95.69639587402344,66.04742431640625,116.30126953125
2012-08-17,13.45,1.52,,,,104.33283996582031,104.0116958618164,105.34660339355469
2012-08-20,14.02,1.53,,,,69.01182556152344,88.45637512207031,49.18756866455078
2012-08-21,15.02,1.49,,,,75.3927230834961,103.34590911865234,54.854984283447266
2012-08-22,15.11,1.45,,,,123.79440307617188,136.1802520751953,106.4885482788086
2012-08-23,15.96,1.42,,,,76.19268798828125,79.57521057128906,78.4415054321289
2012-08-24,15.18,1.4,,,,69.69965362548828,65.8280029296875,61.00783920288086
2012-08-27,16.35,1.37,,,,83.16069793701172,110.53961944580078,61.467308044433594
2012-08-28,16.49,1.37,,,,73.70896911621094,34.579803466796875,100.95040130615234
2012-08-29,17.06,1.39,,,,65.1778335571289,61.155025482177734,70.13782501220703
2012-08-30,17.83,1.36,,,,84.21781921386719,97.95169067382812,75.86557006835938
2012-08-31,17.47,1.35,,,,69.28677368164062,52.62743377685547,76.81883239746094
2012-09-01,,,0.14,231.015,7.8,48.182804107666016,54.03879928588867,35.05731964111328
2012-09-03,,,,,,57.5265007019043,76.46590423583984,39.862571716308594
2012-09-04,17.98,1.36,,,,83.33502960205078,91.3863754272461,62.36612319946289
2012-09-05,17.74,1.35,,,,81.70010375976562,96.25746154785156,67.93619537353516
2012-09-06,15.6,1.41,,,,54.94014358520508,45.105560302734375,53.74641418457031
2012-09-07,14.38,1.42,,,,69.73827362060547,88.48458862304688,57.98955535888672
2012-09-10,16.28,1.43,,,,66.42849731445312,70.63896179199219,73.64983367919922
2012-09-11,16.41,1.45,,,,79.34294128417969,63.27897262573242,79.1713638305664
2012-09-12,15.8,1.52,,,,99.15667724609375,73.22330474853516,103.82830810546875
2012-09-13,14.05,1.51,,,,65.81260681152344,68.73431396484375,57.33120346069336
2012-09-14,14.51,1.61,,,,76.23063659667969,48.361087799072266,92.20095825195312
2012-09-17,14.59,1.6,,,,92.0157699584961,34.94572830200195,123.87979888916016
2012-09-18,14.18,1.57,,,,82.91783905029297,57.86383056640625,89.63341522216797
2012-09-19,13.88,1.52,,,,53.06172561645508,30.22765350341797,63.032127380371094
2012-09-20,14.07,1.53,,,,52.32091522216797,45.63987731933594,54.383094787597656
2012-09-21,13.98,1.5,,,,67.89513397216797,85.498291015625,59.4283447265625
2012-09-24,14.15,1.47,,,,60.30682373046875,34.3549690246582,71.63859558105469
2012-09-25,15.43,1.43,,,,74.92713165283203,86.49067687988281,85.25845336914062
2012-09-26,16.81,1.38,,,,87.26852416992188,65.24993133544922,108.84976959228516
2012-09-27,14.84,1.41,,,,106.64201354980469,132.8922119140625,94.21844482421875
2012-09-28,15.73,1.42,,,,89.97920227050781,59.801490783691406,116.38748168945312
2012-10-01,16.32,1.39,0.16,231.638,7.8,52.09804916381836,69.25025177001953,43.32115936279297
2012-10-02,15.71,1.41,,,,81.33536529541016,117.94183349609375,67.63290405273438
2012-10-03,15.43,1.41,,,,63.84767532348633,52.41859436035156,62.46040725708008
2012-10-04,14.55,1.47,,,,72.01234436035156,68.66934204101562,62.48401641845703
2012-10-05,14.33,1.48,,,,87.9742202758789,121.43551635742188,73.1533203125
2012-10-08,15.11,,,,,92.6003646850586,109.09994506835938,77.00010681152344
2012-10-09,16.37,1.49,,,,108.14913177490234,71.87748718261719,146.5515899658203
2012-10-10,16.29,1.45,,,,64.5305404663086,57.18391799926758,65.58342742919922
2012-10-11,15.59,1.42,,,,89.17181396484375,79.01985168457031,98.86553955078125
2012-10-12,16.14,1.42,,,,81.25166320800781,87.23245239257812,88.35201263427734
2012-10-15,15.27,1.43,,,,129.81033325195312,124.61779022216797,111.93920135498047
2012-10-16,15.22,1.48,,,,79.95852661132812,30.36663246154785,107.64727783203125
2012-10-17,15.07,1.53,,,,95.4528579711914,112.78108978271484,76.43233489990234
2012-10-18,15.03,1.57,,,,109.91007995605469,121.74640655517578,101.54853057861328
2012-10-19,17.06,1.49,,,,103.82190704345703,135.84681701660156,70.14407348632812
2012-10-22,16.62,1.51,,,,163.3594970703125,171.90426635742188,158.47830200195312
2012-10-23,18.83,1.5,,,,106.50161743164062,95.1903076171875,116.04340362548828
2012-10-24,18.33,1.51,,,,74.35617065429688,81.54003143310547,68.01244354248047
2012-10-25,18.12,1.55,,,,89.9630355834961,89.68612670898438,74.80708312988281
2012-10-26,17.81,1.48,,,,67.88048553466797,87.97300720214844,56.44474792480469
2012-10-29,,1.44,,,,117.22061920166016,129.84422302246094,108.30290222167969
2012-10-30,,,,,,69.49442291259766,84.67618560791016,44.945281982421875
2012-10-31,18.6,1.42,,,,75.20423889160156,128.52471923828125,23.822736740112305
2012-11-01,16.69,1.45,0.16,231.249,7.7,53.590579986572266,66.78202819824219,38.991966247558594
2012-11-02,17.59,1.47,,,,55.20946502685547,71.22761535644531,48.60889434814453
2012-11-05,18.42,1.44,,,,61.5718879699707,73.6588363647461,54.612220764160156
2012-11-06,17.58,1.48,,,,129.58700561523438,104.96533966064453,127.9598388671875
2012-11-07,19.08,1.41,,,,43.58641815185547,43.45225524902344,48.32462692260742
2012-11-08,18.49,1.35,,,,59.48845672607422,43.69867706298828,67.6910171508789
2012-11-09,18.61,1.34,,,,72.01234436035156,58.73782730102539,81.6552505493164
2012-11-12,16.68,,,,,108.3355484008789,91.3863754272461,110.87310791015625
2012-11-13,16.65,1.32,,,,61.272926330566406,68.71986389160156,57.31915283203125
2012-11-14,17.92,1.34,,,,56.916969299316406,90.7868423461914,25.241731643676758
2012-11-15,17.99,1.34,,,,96.56777954101562,110.85698699951172,87.59906768798828
2012-11-16,16.41,1.34,,,,98.02496337890625,128.05113220214844,78.70011138916016
2012-11-19,15.24,1.36,,,,116.35051727294922,102.3462142944336,125.20471954345703
2012-11-20,15.08,1.39,,,,135.60218811035156,108.14783477783203,173.96865844726562
2012-11-21,15.31,1.42,,,,116.17536163330078,125.2083969116211,114.87977600097656
2012-11-22,,,,,,121.62774658203125,142.65103149414062,124.93429565429688
2012-11-23,15.14,1.41,,,,122.54585266113281,152.7108154296875,95.53192138671875
2012-11-26,15.5,1.39,,,,110.5606689453125,118.69883728027344,91.93466186523438
2012-11-27,15.92,1.37,,,,67.26025390625,50.2899169921875,69.91126251220703
2012-11-28,15.51,1.36,,,,55.39410400390625,95.72090911865234,24.56636619567871
2012-11-29,15.06,1.37,,,,56.9495849609375,75.69905853271484,36.83195114135742
2012-11-30,15.87,1.37,,,,68.23002624511719,88.42601013183594,51.06186294555664
2012-12-01,,,0.16,231.221,7.9,36.50212478637695,42.45472717285156,35.411434173583984
2012-12-03,16.64,1.38,,,,67.43140411376953,84.02980041503906,63.08024215698242
2012-12-04,17.12,1.37,,,,101.98326873779297,105.43488311767578,100.50640869140625
2012-12-05,16.46,1.35,,,,84.93763732910156,103.08405303955078,79.84069061279297
2012-12-06,16.58,1.34,,,,39.543968200683594,48.51968765258789,35.411434173583984
2012-12-07,15.9,1.39,,,,107.20284271240234,135.37228393554688,77.25685119628906
2012-12-10,16.05,1.39,,,,59.91724395751953,51.199554443359375,64.0582275390625
2012-12-11,15.57,1.42,,,,107.62855529785156,71.53150939941406,119.32868957519531
2012-12-12,15.95,1.47,,,,108.60877227783203,123.74224090576172,103.2132568359375
2012-12-13,16.56,1.47,,,,95.92377471923828,82.87804412841797,95.71634674072266
2012-12-14,17.0,1.48,,,,104.71763610839844,125.27436065673828,81.27092742919922
2012-12-17,16.34,1.53,,,,87.63406372070312,96.10075378417969,72.87046813964844
2012-12-18,15.57,1.56,,,,80.30467224121094,136.0977325439453,33.38792419433594
2012-12-19,17.36,1.54,,,,102.01748657226562,125.63368225097656,89.8207778930664
2012-12-20,17.67,1.53,,,,82.29981994628906,54.697662353515625,91.24650573730469
2012-12-21,17.84,1.51,,,,77.03646087646484,55.85405731201172,87.35212707519531
2012-12-24,17.84,1.53,,,,89.38674926757812,146.77206420898438,34.97782516479492
2012-12-25,,,,,,105.3998794555664,180.1293487548828,25.040943145751953
2012-12-26,19.48,1.51,,,,55.93453598022461,61.958187103271484,41.3433952331543
2012-12-27,19.47,1.48,,,,61.99993133544922,61.80908966064453,66.28485107421875
2012-12-28,22.72,1.46,,,,103.94142150878906,126.14788055419922,90.18838500976562
2012-12-31,18.02,1.53,,,,49.50288009643555,49.35050582885742,54.88425827026367
2013-01-01,,,0.14,231.679,8.0,116.83330535888672,137.02786254882812,102.86529541015625
2013-01-02,14.68,1.59,,,,82.32990264892578,67.59239196777344,88.59515380859375
2013-01-03,14.56,1.65,,,,78.42606353759766,119.1385269165039,43.47582244873047
2013-01-04,13.83,1.66,,,,80.4021224975586,112.21649932861328,46.79981994628906
2013-01-07,13.79,1.65,,,,83.806640625,123.12435913085938,66.02006530761719
2013-01-08,13.62,1.64,,,,84.62763977050781,96.41960144042969,67.01956176757812
2013-01-09,13.81,1.64,,,,70.40132904052734,132.98138427734375,24.6488037109375
2013-01-10,13.49,1.65,,,,54.5674934387207,57.59950256347656,48.04367446899414
2013-01-11,13.36,1.63,,,,94.95783996582031,101.94751739501953,91.10816955566406
2013-01-14,13.52,1.63,,,,77.53734588623047,128.8311309814453,42.983154296875
2013-01-15,13.55,1.6,,,,124.8553237915039,194.48594665527344,84.35465240478516
2013-01-16,13.42,1.58,,,,96.06802368164062,120.6021728515625,88.759521484375
2013-01-17,13.57,1.61,,,,125.95314025878906,131.84371948242188,136.15419006347656
2013-01-18,12.46,1.61,,,,146.60467529296875,187.9115447998047,168.34690856933594
2013-01-21,,,,,,121.64796447753906,130.6022491455078,155.62168884277344
2013-01-22,12.43,1.6,,,,151.14378356933594,175.7916259765625,181.53890991210938
2013-01-23,12.46,1.6,,,,116.95853424072266,90.26982879638672,144.31341552734375
2013-01-24,12.69,1.65,,,,98.55047607421875,95.07786560058594,105.7391128540039
2013-01-25,12.89,1.7,,,,124.61068725585938,124.22712707519531,120.88731384277344
2013-01-28,13.57,1.71,,,,121.24431610107422,138.13841247558594,108.01976013183594
2013-01-29,13.31,1.73,,,,37.03491973876953,41.02324676513672,34.217437744140625
2013-01-30,14.32,1.76,,,,90.16455841064453,70.34636688232422,97.79303741455078
2013-01-31,14.28,1.75,,,,53.66896438598633,17.83458709716797,79.337646484375
2013-02-01,12.9,1.77,0.15,232.937,7.7,134.15383911132812,137.17015075683594,131.57546997070312
2013-02-04,14.67,1.75,,,,82.70536804199219,86.79031372070312,86.87002563476562
2013-02-05,13.72,1.77,,,,81.3898696899414,89.25328063964844,67.67822265625
2013-02-06,13.41,1.73,,,,92.0157699584961,122.31005096435547,76.51399230957031
2013-02-07,13.5,1.74,,,,75.93278503417969,126.16509246826172,36.83195114135742
2013-02-08,13.02,1.74,,,,91.72178649902344,126.60848236083984,58.66887664794922
2013-02-11,12.94,1.72,,,,98.34883880615234,169.3523712158203,29.738231658935547
2013-02-12,12.64,1.73,,,,91.13523864746094,102.705322265625,72.48694610595703
2013-02-13,12.98,1.76,,,,176.86680603027344,80.81442260742188,232.8612823486328
2013-02-14,12.66,1.73,,,,86.18997192382812,85.92466735839844,90.78156280517578
2013-02-15,12.46,1.72,,,,73.30233764648438,90.47592163085938,58.0506591796875
2013-02-18,,,,,,63.09653091430664,73.38603210449219,69.95565032958984
2013-02-19,12.31,1.74,,,,113.0272445678711,86.6764144897461,137.36370849609375
2013-02-20,14.68,1.75,,,,86.96478271484375,110.34176635742188,65.73994445800781
2013-02-21,15.22,1.73,,,,33.24657440185547,12.052450180053711,45.23820114135742
2013-02-22,14.17,1.7,,,,81.15421295166016,95.61431884765625,61.3475227355957
2013-02-25,18.99,1.63,,,,49.62648391723633,57.71935272216797,41.26597595214844
2013-02-26,16.87,1.63,,,,114.36246490478516,102.21625518798828,111.4918212890625
2013-02-27,14.73,1.64,,,,119.15711212158203,95.03227233886719,151.9270782470703
2013-02-28,15.51,1.64,,,,66.07115936279297,11.975960731506348,99.89134216308594
2013-03-01,15.36,1.61,0.14,232.282,7.5,56.746341705322266,42.42875289916992,70.779541015625
2013-03-04,14.01,1.64,,,,45.37763977050781,54.285552978515625,52.82609939575195
2013-03-05,13.48,1.65,,,,85.88137817382812,73.38603210449219,88.41617584228516
2013-03-06,13.53,1.7,,,,89.93396759033203,52.29999923706055,112.17436981201172
2013-03-07,13.06,1.75,,,,89.28753662109375,94.94688415527344,89.0944595336914
2013-03-08,12.59,1.79,,,,92.39599609375,75.05389404296875,108.13135528564453
2013-03-11,11.56,1.8,,,,70.56848907470703,99.31944274902344,62.13166427612305
2013-03-12,12.27,1.76,,,,92.6003646850586,109.09994506835938,91.00012969970703
2013-03-13,11.83,1.77,,,,104.33283996582031,66.86466217041016,136.3308868408203
2013-03-14,11.3,1.77,,,,49.96774673461914,29.302318572998047,63.546669006347656
2013-03-15,11.3,1.76,,,,86.62572479248047,62.17853927612305,121.01376342773438
2013-03-18,13.36,1.7,,,,107.28964233398438,115.8726806640625,96.64925384521484
2013-03-19,14.39,1.68,,,,82.03292083740234,70.09750366210938,84.4541244506836
2013-03-20,12.67,1.7,,,,72.51012420654297,83.70065307617188,50.77426528930664
2013-03-21,13.99,1.68,,,,85.62372589111328,53.350101470947266,102.34828186035156
2013-03-22,13.57,1.67,,,,109.61961364746094,129.77261352539062,113.94017791748047
2013-03-25,13.74,1.69,,,,102.8192367553711,89.13282775878906,111.51837158203125
2013-03-26,12.77,1.67,,,,87.94427490234375,116.89810180664062,48.752281188964844
2013-03-27,13.15,1.62,,,,100.5026626586914,160.3092803955078,60.171199798583984
2013-03-28,12.7,1.62,,,,57.269142150878906,48.07819747924805,60.152950286865234
2013-03-29,,,,,,125.15999603271484,124.77474212646484,124.88934326171875
2013-04-01,13.58,1.63,0.15,231.797,7.6,99.55804443359375,36.091487884521484,142.9933624267578
2013-04-02,12.78,1.63,,,,72.47573852539062,25.50093650817871,99.26139831542969
2013-04-03,14.21,1.59,,,,77.13086700439453,56.65833282470703,81.01481628417969
2013-04-04,13.89,1.56,,,,123.71868896484375,80.16960906982422,149.17013549804688
2013-04-05,13.92,1.48,,,,99.51920318603516,49.6064338684082,130.04095458984375
2013-04-08,13.19,1.52,,,,121.8519515991211,80.98458099365234,172.62557983398438
2013-04-09,12.84,1.54,,,,82.03292083740234,70.09750366210938,97.44706726074219
2013-04-10,12.36,1.6,,,,92.12703704833984,63.8911018371582,106.58297729492188
2013-04-11,12.24,1.58,,,,54.70295333862305,42.415775299072266,60.64962387084961
2013-04-12,12.06,1.53,,,,97.20853424072266,44.727378845214844,149.2281951904297
2013-04-15,17.27,1.5,,,,105.3128433227539,76.35540771484375,111.45391082763672
2013-04-16,13.96,1.51,,,,108.67475128173828,144.45367431640625,113.79481506347656
2013-04-17,16.51,1.49,,,,153.71543884277344,245.18765258789062,70.3005599975586
2013-04-18,17.56,1.48,,,,82.49689483642578,88.56934356689453,84.42923736572266
2013-04-19,14.97,1.49,,,,91.2050552368164,50.91762161254883,115.2765884399414
2013-04-22,14.39,1.48,,,,165.16957092285156,137.2176513671875,160.2342987060547
2013-04-23,13.48,1.51,,,,153.32225036621094,152.85031127929688,134.20237731933594
2013-04-24,13.61,1.5,,,,104.45033264160156,111.56658935546875,93.05755615234375
2013-04-25,13.62,1.51,,,,76.640380859375,124.51100158691406,61.36854934692383
2013-04-26,13.61,1.48,,,,98.46273040771484,91.14825439453125,99.4194564819336
2013-04-29,13.71,1.5,,,,89.40803527832031,98.04611206054688,66.91102600097656
2013-04-30,13.52,1.48,,,,74.62605285644531,90.92887115478516,55.159027099609375
2013-05-01,14.49,1.46,0.11,231.893,7.5,68.93204498291016,76.35540771484375,63.68794631958008
2013-05-02,13.59,1.46,,,,70.48016357421875,76.6507797241211,74.59004211425781
2013-05-03,12.85,1.56,,,,82.29981994628906,136.74415588378906,28.5145320892334
2013-05-06,12.66,1.58,,,,88.39717102050781,139.14486694335938,61.898963928222656
2013-05-07,12.83,1.6,,,,83.02174377441406,99.31944274902344,82.84222412109375
2013-05-08,12.66,1.59,,,,84.93763732910156,46.18701171875,102.7320785522461
2013-05-09,13.13,1.59,,,,65.07382202148438,80.3196029663086,51.534217834472656
2013-05-10,12.59,1.64,,,,61.07770919799805,71.63495635986328,41.825439453125
2013-05-13,12.55,1.68,,,,78.7603530883789,110.84883117675781,53.93434143066406
2013-05-14,12.77,1.7,,,,86.73805236816406,74.11805725097656,89.29812622070312
2013-05-15,12.81,1.68,,,,44.513790130615234,59.169029235839844,30.845508575439453
2013-05-16,13.07,1.64,,,,89.78886413574219,121.48123168945312,74.6622543334961
2013-05-17,12.45,1.69,,,,105.79786682128906,138.20497131347656,97.07501983642578
2013-05-20,13.02,1.71,,,,123.02521514892578,154.4437713623047,106.08818054199219
2013-05-21,13.37,1.68,,,,95.35551452636719,90.92887115478516,117.21292114257812
2013-05-22,13.82,1.77,,,,76.76866149902344,76.53236389160156,70.21910095214844
2013-05-23,14.07,1.76,,,,100.92051696777344,136.11924743652344,74.0457992553711
2013-05-24,13.99,1.75,,,,104.98847961425781,158.80255126953125,54.18696212768555
2013-05-27,,,,,,126.3936767578125,126.00462341308594,140.1337432861328
2013-05-28,14.48,1.86,,,,157.53294372558594,139.5982666015625,189.21295166015625
2013-05-29,14.83,1.83,,,,108.14913177490234,95.8366470336914,139.89015197753906
2013-05-30,14.53,1.82,,,,95.18872833251953,94.8957290649414,89.70606231689453
2013-05-31,16.3,1.86,,,,67.14663696289062,59.5021858215332,80.64988708496094
2013-06-01,,,0.09,232.445,7.5,64.05517578125,42.57200622558594,81.16401672363281
2013-06-03,16.28,1.83,,,,62.92530059814453,53.76995086669922,59.79927062988281
2013-06-04,16.27,1.82,,,,110.1469497680664,73.20527648925781,128.9053497314453
2013-06-05,17.5,1.8,,,,58.66412353515625,38.989036560058594,65.04141235351562
2013-06-06,16.63,1.78,,,,80.57597351074219,101.15371704101562,69.48297882080078
2013-06-07,15.14,1.85,,,,156.52792358398438,188.70693969726562,145.29251098632812
2013-06-10,15.44,1.9,,,,97.70214080810547,120.59220886230469,77.37370300292969
2013-06-11,17.07,1.86,,,,126.30946350097656,146.23046875,94.8660659790039
2013-06-12,18.59,1.91,,,,80.8882827758789,76.79933166503906,70.46405029296875
2013-06-13,16.41,1.87,,,,82.10367584228516,132.2207794189453,68.27178192138672
2013-06-14,17.15,1.85,,,,79.86274719238281,62.308895111083984,86.61962127685547
2013-06-17,16.8,1.92,,,,149.29881286621094,102.32699584960938,178.46080017089844
2013-06-18,16.61,1.93,,,,124.2212905883789,99.07113647460938,130.83892822265625
2013-06-19,16.64,2.02,,,,116.4417724609375,136.0977325439453,113.51895141601562
2013-06-20,20.49,2.08,,,,91.31602478027344,94.17408752441406,89.02388763427734
2013-06-21,18.9,2.14,,,,73.69450378417969,95.5079574584961,61.2792854309082
2013-06-24,20.11,2.15,,,,89.89329528808594,125.46322631835938,52.32435989379883
2013-06-25,18.47,2.17,,,,85.92912292480469,94.23108673095703,71.4527587890625
2013-06-26,17.21,2.16,,,,96.83511352539062,104.58179473876953,80.52143096923828
2013-06-27,16.86,2.13,,,,39.08634567260742,32.4716911315918,43.33536148071289
2013-06-28,16.86,2.16,,,,39.43532943725586,42.887939453125,41.73490905761719
2013-07-01,16.37,2.16,0.09,232.9,7.3,71.90812683105469,114.6988525390625,39.862571716308594
2013-07-02,16.44,2.14,,,,107.83097839355469,77.39933013916016,129.11737060546875
2013-07-03,16.2,2.16,,,,84.93763732910156,48.38639450073242,114.3505859375
2013-07-04,,,,,,77.55175018310547,58.905174255371094,79.84069061279297
2013-07-05,14.89,2.33,,,,67.95011138916016,33.87047576904297,91.8167953491211
2013-07-08,14.78,2.28,,,,87.94427490234375,87.67357635498047,81.25379943847656
2013-07-09,14.35,2.28,,,,98.94683074951172,111.50863647460938,78.70011138916016
2013-07-10,14.21,2.32,,,,87.17283630371094,104.28540802001953,65.23825073242188
2013-07-11,14.01,2.26,,,,77.26105499267578,70.6046371459961,80.30623626708984
2013-07-12,13.84,2.24,,,,75.10594940185547,102.460205078125,39.4439697265625
2013-07-15,13.79,2.23,,,,125.8574447631836,110.41363525390625,117.21292114257812
2013-07-16,14.42,2.21,,,,100.76251220703125,75.33927154541016,111.71624755859375
2013-07-17,13.78,2.2,,,,117.40746307373047,108.68563842773438,118.54826354980469
2013-07-18,13.77,2.24,,,,55.372318267822266,25.97735595703125,81.25379943847656
2013-07-19,12.54,2.18,,,,83.66990661621094,98.5782470703125,75.8990707397461
2013-07-22,12.29,2.18,,,,78.05756378173828,77.81729125976562,64.90730285644531
2013-07-23,12.66,2.2,,,,74.88516998291016,105.39482879638672,58.60646057128906
2013-07-24,13.18,2.27,,,,49.37989044189453,65.63719177246094,41.0609245300293
2013-07-25,12.97,2.29,,,,54.64029312133789,68.09012603759766,39.7557258605957
2013-07-26,12.72,2.27,,,,87.67440795898438,68.40354919433594,95.09219360351562
2013-07-29,13.39,2.28,,,,101.85054779052734,135.38272094726562,56.461280822753906
2013-07-30,13.39,2.3,,,,96.21566009521484,82.21671295166016,106.67511749267578
2013-07-31,13.45,2.29,,,,50.381256103515625,58.59721374511719,34.91132736206055
2013-08-01,12.94,2.39,0.08,233.456,7.2,45.96228790283203,65.45829772949219,27.29934310913086
2013-08-02,11.98,2.33,,,,43.63861846923828,31.63948631286621,52.78091049194336
2013-08-05,11.84,2.35,,,,85.84397888183594,70.4774398803711,92.37665557861328
2013-08-06,12.72,2.35,,,,65.87492370605469,93.81736755371094,62.602359771728516
2013-08-07,12.98,2.29,,,,128.6837158203125,182.08563232421875,131.16685485839844
2013-08-08,12.73,2.28,,,,95.32569122314453,88.24424743652344,101.91381072998047
2013-08-09,13.41,2.25,,,,81.24469757080078,117.81034851074219,67.55751037597656
2013-08-12,12.81,2.29,,,,84.8097152709961,99.4690170288086,82.96698760986328
2013-08-13,12.31,2.37,,,,78.55891418457031,78.31710052490234,65.3241958618164
2013-08-14,13.04,2.37,,,,42.36020278930664,33.78384780883789,42.26860046386719
2013-08-15,14.73,2.41,,,,75.8603286743164,63.02235412597656,84.10698699951172
2013-08-16,14.37,2.48,,,,48.60426712036133,74.54562377929688,49.742733001708984
2013-08-19,15.1,2.52,,,,113.08908081054688,159.71640014648438,62.691410064697266
2013-08-20,14.91,2.46,,,,96.34892272949219,73.1827392578125,99.19265747070312
2013-08-21,15.94,2.49,,,,62.34443283081055,82.87004852294922,55.29743957519531
2013-08-22,14.76,2.48,,,,58.66005325317383,75.6793441772461,45.90839767456055
2013-08-23,13.98,2.42,,,,98.12107849121094,164.3360137939453,52.218082427978516
2013-08-26,14.99,2.38,,,,110.09980010986328,133.62196350097656,71.64894104003906
2013-08-27,16.77,2.34,,,,154.7476806640625,202.4811553955078,112.59285736083984
2013-08-28,16.49,2.38,,,,140.363037109375,159.92112731933594,120.05101013183594
2013-08-29,16.81,2.36,,,,187.63999938964844,179.8677215576172,198.03622436523438
2013-08-30,17.01,2.39,,,,122.40435028076172,114.4008560180664,120.86737060546875
2013-09-01,,,0.08,233.544,7.2,108.71361541748047,140.25515747070312,63.81089782714844
2013-09-02,,,,,,104.6073989868164,46.34907150268555,144.97389221191406
2013-09-03,16.61,2.43,,,,105.57984924316406,96.48362731933594,124.37335205078125
2013-09-04,15.88,2.44,,,,50.25387191772461,66.79891967773438,41.78767013549805
2013-09-05,15.77,2.46,,,,89.52886199951172,82.87804412841797,85.0811996459961
2013-09-06,15.85,2.48,,,,126.0838851928711,129.5047607421875,114.37386322021484
2013-09-09,15.63,2.45,,,,111.56315612792969,153.99659729003906,64.22418212890625
2013-09-10,14.53,2.46,,,,66.75199127197266,74.86483764648438,62.444671630859375
2013-09-11,13.82,2.46,,,,110.54598236083984,98.80512237548828,139.4685516357422
2013-09-12,14.29,2.47,,,,76.2971420288086,95.07786560058594,74.01737976074219
2013-09-13,14.16,2.45,,,,95.27296447753906,116.89810180664062,79.22245788574219
2013-09-16,14.38,2.47,,,,127.75743865966797,109.16929626464844,128.99879455566406
2013-09-17,14.53,2.47,,,,112.64398956298828,91.50147247314453,111.01274108886719
2013-09-18,13.59,2.35,,,,83.11102294921875,102.58262634277344,59.23664093017578
2013-09-19,13.16,2.42,,,,58.43898391723633,30.662687301635742,76.72712707519531
2013-09-20,13.12,2.41,,,,90.80135345458984,73.758544921875,100.6722183227539
2013-09-23,14.31,2.37,,,,164.7133026123047,228.06431579589844,152.18252563476562
2013-09-24,14.08,2.32,,,,174.1165771484375,216.97576904296875,130.30503845214844
2013-09-25,14.01,2.27,,,,124.926513671875,104.4545669555664,127.337158203125
2013-09-26,14.06,2.32,,,,129.27093505859375,109.54206848144531,145.1153106689453
2013-09-27,15.46,2.3,,,,131.36656188964844,84.94845581054688,171.23388671875
2013-09-30,16.6,2.31,,,,116.45745849609375,94.59918212890625,143.46372985839844
2013-10-01,15.54,2.33,0.09,233.669,7.2,132.81521606445312,147.98361206054688,116.93648529052734
2013-10-02,16.6,2.32,,,,65.55722045898438,53.822113037109375,76.95936584472656
2013-10-03,17.67,2.29,,,,40.20857238769531,43.168251037597656,51.43798065185547
2013-10-04,16.74,2.33,,,,102.0298080444336,128.83995056152344,73.52884674072266
2013-10-07,19.41,2.28,,,,125.08997344970703,203.2228546142578,53.93434143066406
2013-10-08,20.34,2.26,,,,93.82888793945312,138.27662658691406,67.84491729736328
2013-10-09,19.6,2.31,,,,87.7754135131836,53.26405334472656,107.89530944824219
2013-10-10,16.48,2.36,,,,57.74200439453125,54.53457260131836,70.75789642333984
2013-10-11,15.72,2.35,,,,66.39112091064453,55.73622131347656,69.7342758178711
2013-10-14,16.07,,,,,85.28290557861328,80.54563903808594,89.57735443115234
2013-10-15,18.66,2.38,,,,102.45054626464844,119.15772247314453,70.99236297607422
2013-10-16,14.71,2.35,,,,66.40760803222656,31.154447555541992,84.4541244506836
2013-10-17,13.48,2.28,,,,63.642032623291016,63.446136474609375,68.79644775390625
2013-10-18,13.04,2.27,,,,72.72377014160156,57.999935150146484,78.61371612548828
2013-10-21,13.16,2.3,,,,133.9811248779297,119.75125885009766,145.98486328125
2013-10-22,13.33,2.23,,,,70.64717864990234,93.90628814697266,45.69082260131836
2013-10-23,13.42,2.2,,,,88.33514404296875,96.06898498535156,80.13101959228516
2013-10-24,13.2,2.2,,,,60.84307861328125,40.437198638916016,73.07867431640625
2013-10-25,13.09,2.21,,,,50.8508186340332,57.93634033203125,36.243473052978516
2013-10-28,13.31,2.22,,,,73.30716705322266,100.48709106445312,45.7179069519043
2013-10-29,13.41,2.22,,,,65.83985137939453,82.04649353027344,41.0609245300293
2013-10-30,13.65,2.22,,,,88.22819519042969,111.94478607177734,93.37300872802734
2013-10-31,13.75,2.26,,,,60.22850036621094,106.74331665039062,11.129308700561523
2013-11-01,13.28,2.32,0.08,234.1,6.9,64.67051696777344,64.4714584350586,59.75062561035156
2013-11-04,12.93,2.31,,,,55.28624725341797,36.744049072265625,61.296329498291016
2013-11-05,13.27,2.37,,,,59.7628173828125,68.09012603759766,42.595420837402344
2013-11-06,12.67,2.37,,,,76.10494232177734,55.90471267700195,79.9372329711914
2013-11-07,13.91,2.34,,,,53.581016540527344,56.55821228027344,57.65850067138672
2013-11-08,12.9,2.45,,,,120.52340698242188,43.69179153442383,163.9947052001953
2013-11-11,12.53,,,,,91.38117980957031,72.87992095947266,91.1835708618164
2013-11-12,12.82,2.46,,,,88.01508331298828,23.930227279663086,126.4144287109375
2013-11-13,12.52,2.43,,,,45.27427291870117,22.56745719909668,56.470462799072266
2013-11-14,12.37,2.4,,,,99.47650909423828,79.33625030517578,110.29043579101562
2013-11-15,12.19,2.4,,,,92.94522094726562,51.88911056518555,129.84193420410156
2013-11-18,13.1,2.36,,,,83.27684020996094,46.12250518798828,100.02388000488281
2013-11-19,13.39,2.42,,,,94.15567016601562,85.33258819580078,85.41097259521484
2013-11-20,13.4,2.52,,,,81.33536529541016,58.970916748046875,98.37513732910156
2013-11-21,12.66,2.5,,,,62.14948654174805,43.370731353759766,77.51886749267578
2013-11-22,12.26,2.44,,,,76.55093383789062,55.50204086303711,81.01481628417969
2013-11-25,12.79,2.44,,,,164.51678466796875,17.730854034423828,273.6017150878906
2013-11-26,12.81,2.42,,,,186.73788452148438,97.12857055664062,243.04446411132812
2013-11-27,12.98,2.46,,,,67.51730346679688,42.068424224853516,91.23197174072266
2013-11-28,,,,,,57.798343658447266,21.607664108276367,78.0993423461914
2013-11-29,13.7,2.47,,,,76.10494232177734,55.90471267700195,79.9372329711914
2013-12-01,,,0.09,234.719,6.7,14.309146881103516,0.0,23.797008514404297
2013-12-02,14.23,2.51,,,,37.750057220458984,9.408465385437012,54.93312454223633
2013-12-03,14.55,2.51,,,,81.95154571533203,94.59918212890625,64.55868530273438
2013-12-04,14.7,2.54,,,,99.29759216308594,95.03227233886719,112.2939224243164
2013-12-05,15.08,2.58,,,,44.54942321777344,31.723068237304688,58.21237564086914
2013-12-06,13.79,2.58,,,,49.9202880859375,56.87614440917969,41.510284423828125
2013-12-09,13.49,2.56,,,,65.89988708496094,35.038421630859375,80.3701400756836
2013-12-10,13.91,2.51,,,,61.11748123168945,56.86740493774414,60.98532485961914
2013-12-11,15.42,2.55,,,,67.5223617553711,15.838711738586426,99.08287811279297
2013-12-12,15.54,2.55,,,,57.636253356933594,42.33809280395508,65.58342742919922
2013-12-13,15.76,2.54,,,,45.2227668762207,15.027854919433594,62.673580169677734
2013-12-16,16.03,2.55,,,,41.46468734741211,0.0,68.9583740234375
2013-12-17,16.21,2.51,,,,116.00431060791016,137.0634002685547,92.88858032226562
2013-12-18,13.8,2.57,,,,112.78604125976562,124.93207550048828,97.2586441040039
2013-12-19,14.15,2.59,,,,67.32860565185547,80.54563903808594,61.58443069458008
2013-12-20,13.79,2.52,,,,106.17205047607422,70.56349182128906,147.14230346679688
2013-12-23,13.04,2.56,,,,47.473106384277344,42.068424224853516,43.86152648925781
2013-12-24,12.48,2.61,,,,75.74468994140625,80.54563903808594,75.58089447021484
2013-12-25,,,,,,92.75189971923828,158.51382446289062,44.07206344604492
2013-12-26,12.33,2.58,,,,104.82809448242188,135.8570556640625,61.01749038696289
2013-12-27,12.46,2.62,,,,115.08920288085938,99.76952362060547,124.82646179199219
2013-12-30,13.56,2.6,,,,68.65425109863281,34.22146224975586,104.66162872314453
2013-12-31,13.72,2.66,,,,121.707763671875,158.26060485839844,79.20298767089844
2014-01-01,,,0.07,235.288,6.6,112.1636962890625,178.90951538085938,37.30704879760742
2014-01-02,14.23,2.61,,,,82.12977600097656,90.97441101074219,68.2934799194336
2014-01-03,13.76,2.6,,,,117.95494079589844,97.99321746826172,130.7776336669922
2014-01-06,13.55,2.58,,,,103.51773834228516,137.5988006591797,65.58342742919922
2014-01-07,12.92,2.56,,,,91.53147888183594,165.11856079101562,21.746082305908203
2014-01-08,12.87,2.58,,,,93.82888793945312,154.54446411132812,47.4914436340332
2014-01-09,12.89,2.53,,,,61.47032928466797,74.8991470336914,51.114501953125
2014-01-10,12.14,2.49,,,,96.66303253173828,96.36549377441406,92.7442398071289
2014-01-13,13.28,2.45,,,,108.96604919433594,121.66630554199219,101.4817123413086
2014-01-14,12.28,2.49,,,,91.65206909179688,78.31710052490234,101.61541748046875
2014-01-15,12.28,2.49,,,,87.80299377441406,79.57521057128906,86.2856674194336
2014-01-16,12.53,2.45,,,,60.78105545043945,47.12864303588867,61.772769927978516
2014-01-17,12.44,2.44,,,,64.95230865478516,76.17926788330078,76.2492446899414
2014-01-20,,,,,,85.71331787109375,110.58168029785156,50.310569763183594
2014-01-21,12.87,2.45,,,,125.08997344970703,129.32363891601562,100.16377258300781
2014-01-22,12.84,2.43,,,,81.95154571533203,77.39933013916016,71.73186492919922
2014-01-23,13.77,2.4,,,,61.2178840637207,54.2484016418457,67.8727798461914
2014-01-24,18.14,2.38,,,,106.38368225097656,73.14222717285156,122.01567840576172
2014-01-27,17.42,2.41,,,,105.46525573730469,143.3735809326172,71.75263214111328
2014-01-28,15.8,2.39,,,,64.61444854736328,42.94371032714844,78.80245208740234
2014-01-29,17.35,2.33,,,,66.80148315429688,47.00884246826172,78.42003631591797
2014-01-30,17.29,2.36,,,,45.55594253540039,32.439796447753906,59.527584075927734
2014-01-31,18.41,2.33,,,,75.71583557128906,37.74138641357422,94.44012451171875
2014-02-01,,,0.07,235.547,6.7,36.704349517822266,18.295684814453125,45.781227111816406
2014-02-03,21.44,2.31,,,,156.57630920410156,87.8030776977539,187.15977478027344
2014-02-04,19.11,2.33,,,,51.89400863647461,86.22379302978516,28.767663955688477
2014-02-05,19.95,2.38,,,,91.35379028320312,87.11290740966797,85.87181854248047
2014-02-06,17.23,2.4,,,,43.71916961669922,26.821290969848633,61.52191162109375
2014-02-07,15.29,2.41,,,,60.6419677734375,52.89839553833008,63.032127380371094
2014-02-10,15.26,2.38,,,,55.363250732421875,73.59044647216797,30.69084930419922
2014-02-11,14.51,2.4,,,,77.70220184326172,81.54003143310547,68.01244354248047
2014-02-12,14.3,2.45,,,,59.721771240234375,31.753570556640625,72.83544158935547
2014-02-13,14.14,2.41,,,,68.08977508544922,61.09217071533203,62.280662536621094
2014-02-14,13.57,2.43,,,,61.67979049682617,50.638771057128906,66.37358093261719
2014-02-17,,,,,,84.3966293334961,63.102638244628906,87.72305297851562
2014-02-18,13.87,2.4,,,,95.13902282714844,86.22379302978516,93.49490356445312
2014-02-19,15.5,2.4,,,,85.04147338867188,56.51980209350586,94.28619384765625
2014-02-20,14.79,2.42,,,,115.87171173095703,81.54003143310547,153.02798461914062
2014-02-21,14.68,2.4,,,,116.56026458740234,74.96870422363281,156.3282470703125
2014-02-24,14.23,2.4,,,,69.3731460571289,77.80455780029297,50.47520065307617
2014-02-25,13.67,2.36,,,,61.5718879699707,90.02747344970703,40.959163665771484
2014-02-26,14.35,2.34,,,,71.66613006591797,39.69196319580078,86.0782470703125
2014-02-27,14.04,2.32,,,,65.92174530029297,72.29071807861328,54.81599426269531
2014-02-28,14.0,2.33,,,,70.87701416015625,59.5021858215332,86.85372161865234
2014-03-01,,,0.08,236.028,6.7,101.96997833251953,75.51596069335938,121.13034057617188
2014-03-03,16.0,2.28,,,,180.03085327148438,188.45054626464844,232.03701782226562
2014-03-04,14.1,2.37,,,,213.0656280517578,112.21649932861328,267.42755126953125
2014-03-05,13.89,2.37,,,,213.84420776367188,64.3580322265625,322.0857238769531
2014-03-06,14.21,2.37,,,,142.98854064941406,61.09217071533203,186.84197998046875
2014-03-07,14.11,2.42,,,,165.26113891601562,131.8019561767578,189.33396911621094
2014-03-10,14.2,2.42,,,,118.64496612548828,56.774288177490234,149.9586639404297
2014-03-11,14.8,2.4,,,,115.1427230834961,97.12857055664062,132.5697021484375
2014-03-12,14.47,2.36,,,,124.26982879638672,100.658447265625,142.08460998535156
2014-03-13,16.22,2.32,,,,84.93763732910156,58.62197494506836,92.3600845336914
2014-03-14,17.82,2.29,,,,103.85346984863281,78.54288482666016,142.93641662597656
2014-03-17,15.64,2.32,,,,135.20684814453125,101.09300231933594,175.66989135742188
2014-03-18,14.52,2.32,,,,194.0785369873047,35.17838668823242,300.7580871582031
2014-03-19,15.12,2.31,,,,153.06887817382812,93.90628814697266,189.29054260253906
2014-03-20,14.52,2.34,,,,97.96873474121094,54.93778610229492,117.10459899902344
2014-03-21,15.0,2.3,,,,117.64946746826172,80.63504028320312,134.51516723632812
2014-03-24,15.09,2.27,,,,122.18487548828125,117.29734802246094,135.4674072265625
2014-03-25,14.02,2.28,,,,140.58642578125,52.55763626098633,197.27215576171875
2014-03-26,14.93,2.26,,,,108.48175048828125,108.14783477783203,122.42239379882812
2014-03-27,14.62,2.24,,,,87.17283630371094,45.06159591674805,112.7574691772461
2014-03-28,14.41,2.28,,,,112.1636962890625,82.00019073486328,136.79251098632812
2014-03-31,13.88,2.29,,,,85.81781768798828,34.22146224975586,114.17632293701172
2014-04-01,13.1,2.33,0.09,236.468,6.2,120.92815399169922,86.11138153076172,129.28570556640625
2014-04-02,13.09,2.35,,,,94.74890899658203,58.12754821777344,109.0892562866211
2014-04-03,13.37,2.34,,,,63.2974739074707,56.09123611450195,58.482032775878906
2014-04-04,13.96,2.31,,,,59.551780700683594,96.47376251220703,30.949481964111328
2014-04-07,15.57,2.3,,,,56.96214294433594,43.682159423828125,65.58342742919922
2014-04-08,14.89,2.29,,,,115.93987274169922,66.04742431640625,137.72518920898438
2014-04-09,13.82,2.34,,,,142.43226623535156,81.13934326171875,189.49903869628906
2014-04-10,15.89,2.28,,,,85.1054916381836,52.21140670776367,108.87366485595703
2014-04-11,17.03,2.26,,,,52.940582275390625,37.69830322265625,62.88821792602539
2014-04-14,16.11,2.28,,,,125.00255584716797,62.308895111083984,170.76438903808594
2014-04-15,15.61,2.25,,,,129.5658721923828,60.27796173095703,172.38095092773438
2014-04-16,14.18,2.26,,,,143.8509521484375,119.50679779052734,172.7794952392578
2014-04-17,13.36,2.3,,,,82.81419372558594,55.03952407836914,114.77099609375
2014-04-18,,,,,,95.13902282714844,43.11189651489258,129.45449829101562
2014-04-21,13.25,2.31,,,,89.93396759033203,99.6190414428711,66.47370147705078
2014-04-22,13.19,2.28,,,,135.49290466308594,121.10247039794922,124.3217544555664
2014-04-23,13.27,2.27,,,,114.79195404052734,65.39349365234375,149.9977264404297
2014-04-24,13.32,2.27,,,,66.78563690185547,39.94804000854492,88.8549575805664
2014-04-25,14.06,2.25,,,,125.74397277832031,94.01768493652344,150.30506896972656
2014-04-28,13.97,2.26,,,,116.31206512451172,46.381622314453125,170.22215270996094
2014-04-29,13.71,2.27,,,,125.793701171875,83.60433959960938,167.3622589111328
2014-04-30,13.41,2.25,,,,182.05270385742188,94.691650390625,230.36473083496094
2014-05-01,13.25,2.22,0.09,236.918,6.3,79.18489074707031,52.62743377685547,104.25413513183594
2014-05-02,12.91,2.18,,,,92.11811828613281,44.080596923828125,134.81442260742188
2014-05-05,13.29,2.2,,,,63.878719329833984,45.487205505371094,75.88164520263672
2014-05-06,13.8,2.18,,,,111.76004791259766,124.78595733642578,126.38749694824219
2014-05-07,13.4,2.21,,,,80.20745086669922,23.988168716430664,113.38150787353516
2014-05-08,13.43,2.21,,,,121.40300750732422,55.32768630981445,167.2892303466797
2014-05-09,12.92,2.22,,,,119.73136138916016,137.44808959960938,102.57736206054688
2014-05-12,12.23,2.25,,,,93.84044647216797,74.84127807617188,93.63752746582031
2014-05-13,12.13,2.22,,,,114.07518005371094,78.73202514648438,131.340576171875
2014-05-14,12.17,2.15,,,,113.31475067138672,105.43488311767578,119.35136413574219
2014-05-15,13.17,2.12,,,,60.22850036621094,66.71456909179688,50.081886291503906
2014-05-16,12.44,2.14,,,,79.4108657836914,82.93626403808594,100.62113952636719
2014-05-19,12.42,2.18,,,,56.4642219543457,103.19910430908203,23.47588539123535
2014-05-20,12.96,2.17,,,,77.7395248413086,34.444549560546875,107.73809051513672
2014-05-21,11.91,2.17,,,,94.7530746459961,113.35370635986328,88.2449722290039
2014-05-22,12.03,2.19,,,,58.45708084106445,64.75238037109375,48.60889434814453
2014-05-23,11.36,2.17,,,,110.1740951538086,139.12429809570312,103.82830810546875
2014-05-26,,,,,,43.230899810791016,32.32337188720703,44.934810638427734
2014-05-27,11.51,2.13,,,,68.70510864257812,68.49362182617188,57.13044738769531
2014-05-28,11.68,2.07,,,,96.48255157470703,64.12371826171875,113.65670776367188
2014-05-29,11.57,2.08,,,,114.96981048583984,114.61592864990234,119.50125122070312
2014-05-30,11.4,2.11,,,,64.87747955322266,38.045753479003906,82.5081787109375
2014-06-01,,,0.1,237.231,6.1,34.79587936401367,55.50204086303711,11.573546409606934
2014-06-02,11.58,2.15,,,,57.27783203125,38.06768035888672,79.38050842285156
2014-06-03,11.87,2.19,,,,84.3966293334961,109.3779067993164,70.1784439086914
2014-06-04,12.08,2.2,,,,76.4748306274414,88.2772445678711,60.24431228637695
2014-06-05,11.68,2.19,,,,107.98065185546875,138.9010009765625,75.3071517944336
2014-06-06,10.73,2.19,,,,52.97283172607422,49.28912353515625,46.98514175415039
2014-06-09,11.15,2.19,,,,75.93278503417969,75.69905853271484,63.1404914855957
2014-06-10,10.99,2.19,,,,114.51898193359375,126.85164642333984,84.64544677734375
2014-06-11,11.6,2.21,,,,130.0640106201172,153.97560119628906,114.91181182861328
2014-06-12,12.56,2.16,,,,87.9742202758789,107.94268035888672,84.40767669677734
2014-06-13,12.18,2.15,,,,99.44561767578125,102.55811309814453,91.24650573730469
2014-06-16,12.65,2.12,,,,135.30911254882812,159.87274169921875,108.34659576416016
2014-06-17,12.06,2.15,,,,207.0354766845703,228.35545349121094,205.12261962890625
2014-06-18,10.61,2.13,,,,144.5634307861328,189.41281127929688,123.64356231689453
2014-06-19,10.62,2.16,,,,104.74522399902344,110.9492416381836,97.98629760742188
2014-06-20,10.85,2.13,,,,143.6958465576172,158.33287048339844,188.66464233398438
2014-06-23,10.98,2.15,,,,129.00125122070312,101.04613494873047,137.916748046875
2014-06-24,12.13,2.1,,,,155.02163696289062,146.41055297851562,162.82781982421875
2014-06-25,11.59,2.09,,,,94.64479064941406,125.80462646484375,98.37513732910156
2014-06-26,11.63,2.07,,,,95.01924896240234,84.92745208740234,103.53228759765625
2014-06-27,11.26,2.09,,,,136.6387939453125,125.17349243164062,159.68138122558594
2014-06-30,11.57,2.06,,,,84.09903717041016,111.78690338134766,77.70109558105469
2014-07-01,11.15,2.11,0.09,237.498,6.2,127.72338104248047,106.79310607910156,143.89199829101562
2014-07-02,10.82,2.15,,,,134.72164916992188,118.50614166259766,138.38417053222656
2014-07-03,10.32,2.13,,,,93.11001586914062,99.96367645263672,83.37957763671875
2014-07-04,,,,,,92.0157699584961,45.866268157958984,122.42239379882812
2014-07-07,11.33,2.11,,,,124.0274887084961,175.16477966308594,120.32154083251953
2014-07-08,11.98,2.07,,,,114.51898193359375,143.7652130126953,112.860595703125
2014-07-09,11.65,2.06,,,,109.20553588867188,96.77278900146484,147.9831085205078
2014-07-10,12.59,2.09,,,,75.13040161132812,68.09012603759766,68.15267181396484
2014-07-11,12.08,2.05,,,,116.42811584472656,82.3720703125,137.4128875732422
2014-07-14,11.82,2.07,,,,151.0289306640625,200.75205993652344,150.70233154296875
2014-07-15,11.96,2.07,,,,97.30403137207031,67.48140716552734,133.67962646484375
2014-07-16,11.0,2.05,,,,160.0869140625,130.9490509033203,184.3162384033203
2014-07-17,14.54,2.0,,,,147.45384216308594,143.58135986328125,165.38429260253906
2014-07-18,12.06,1.99,,,,207.27992248535156,241.7320098876953,273.1739196777344
2014-07-21,12.81,1.98,,,,203.44903564453125,93.61052703857422,286.2948913574219
2014-07-22,12.24,1.99,,,,208.98077392578125,106.38511657714844,303.1802978515625
2014-07-23,11.52,1.98,,,,217.15283203125,102.33808135986328,308.6094970703125
2014-07-24,11.84,1.99,,,,119.6003646850586,101.16673278808594,126.57456970214844
2014-07-25,12.69,1.95,,,,180.27578735351562,127.30229187011719,212.36537170410156
2014-07-28,12.56,1.96,,,,149.43914794921875,158.91110229492188,165.6844482421875
2014-07-29,13.28,1.93,,,,169.99307250976562,164.88954162597656,175.73809814453125
2014-07-30,13.33,2.01,,,,202.2324676513672,112.9015884399414,269.0602111816406
2014-07-31,16.95,2.05,,,,141.76959228515625,103.41455078125,166.76536560058594
2014-08-01,17.03,2.05,0.09,237.46,6.1,151.29515075683594,142.8910675048828,152.29226684570312
2014-08-04,15.12,2.04,,,,155.696044921875,192.68292236328125,151.7878875732422
2014-08-05,16.87,2.02,,,,172.57949829101562,210.28125,151.477783203125
2014-08-06,16.37,2.01,,,,159.5406494140625,125.56544494628906,195.50344848632812
2014-08-07,16.66,1.99,,,,177.72909545898438,128.17422485351562,226.39756774902344
2014-08-08,15.77,1.99,,,,212.3964385986328,105.87133026123047,285.3000183105469
2014-08-11,14.23,1.97,,,,206.7042236328125,158.51382446289062,246.80352783203125
2014-08-12,14.13,2.01,,,,150.57125854492188,131.3443145751953,187.8070831298828
2014-08-13,12.9,2.0,,,,165.8466033935547,95.72090911865234,210.4890899658203
2014-08-14,12.42,1.98,,,,106.74224090576172,56.75396728515625,136.09793090820312
2014-08-15,13.15,1.92,,,,131.8223419189453,84.78488159179688,155.58172607421875
2014-08-18,12.32,1.95,,,,115.86087036132812,73.50270080566406,140.1337432861328
2014-08-19,12.21,1.94,,,,216.1544952392578,140.0679473876953,260.62188720703125
2014-08-20,11.78,1.94,,,,123.02521514892578,145.3588409423828,113.66590118408203
2014-08-21,11.76,1.92,,,,153.53732299804688,214.29058837890625,127.67109680175781
2014-08-22,11.47,1.87,,,,109.5760269165039,92.43278503417969,126.16048431396484
2014-08-25,11.7,1.86,,,,167.60015869140625,167.08425903320312,139.36477661132812
2014-08-26,11.63,1.87,,,,118.14370727539062,81.54003143310547,136.02488708496094
2014-08-27,11.78,1.86,,,,143.0821075439453,138.3192138671875,165.8470916748047
2014-08-28,12.05,1.84,,,,97.53470611572266,72.02554321289062,120.15283203125
2014-08-29,11.98,1.87,,,,157.33633422851562,84.78488159179688,219.2288055419922
2014-09-01,,,0.09,237.477,5.9,227.84857177734375,139.7829132080078,310.91400146484375
2014-09-02,12.25,1.89,,,,219.2826690673828,139.5368194580078,294.8482971191406
2014-09-03,12.36,1.89,,,,184.26419067382812,133.59783935546875,215.90293884277344
2014-09-04,12.64,1.91,,,,219.8441925048828,133.7293243408203,297.44921875
2014-09-05,12.09,1.94,,,,117.66925048828125,85.31422424316406,142.3209686279297
2014-09-08,12.66,1.94,,,,147.0210418701172,128.2474365234375,160.45652770996094
2014-09-09,13.5,1.94,,,,110.5606689453125,118.69883728027344,99.00655364990234
2014-09-10,12.88,1.96,,,,131.67970275878906,155.88833618164062,116.33929443359375
2014-09-11,12.8,1.96,,,,118.18185424804688,76.23522186279297,156.07891845703125
2014-09-12,13.31,2.04,,,,168.17050170898438,171.5517578125,175.61180114746094
2014-09-15,14.12,2.02,,,,112.8726806640625,136.98724365234375,97.93791198730469
2014-09-16,12.73,2.05,,,,157.3469696044922,140.3507843017578,179.04273986816406
2014-09-17,12.65,2.03,,,,159.79791259765625,189.44503784179688,150.8333282470703
2014-09-18,12.03,2.04,,,,118.05796813964844,96.9249496459961,127.04210662841797
2014-09-19,12.11,2.0,,,,132.80625915527344,90.7868423461914,176.69212341308594
2014-09-22,13.69,1.99,,,,80.6785888671875,141.93572998046875,47.35536575317383
2014-09-23,14.93,1.97,,,,179.1758270263672,182.98098754882812,159.8920440673828
2014-09-24,13.27,1.98,,,,146.8816375732422,161.84317016601562,134.99317932128906
2014-09-25,15.64,1.96,,,,107.52838134765625,103.73941040039062,121.1404800415039
2014-09-26,14.85,1.95,,,,151.3148193359375,163.08006286621094,129.2236328125
2014-09-29,15.98,1.92,,,,101.27595520019531,109.3779067993164,98.24981689453125
2014-09-30,16.31,1.94,,,,97.30403137207031,59.046226501464844,126.64385223388672
2014-10-01,16.71,1.89,0.09,237.43,5.7,108.3355484008789,41.53926086425781,145.52096557617188
2014-10-02,16.16,1.91,,,,57.60987091064453,64.61161041259766,53.89246368408203
2014-10-03,14.55,1.88,,,,103.98194122314453,96.25746154785156,104.99230194091797
2014-10-06,15.46,1.89,,,,95.29304504394531,126.66629028320312,75.46585845947266
2014-10-07,17.2,1.84,,,,67.60342407226562,71.3597640991211,59.52109146118164
2014-10-08,15.11,1.89,,,,80.9824447631836,76.88874053955078,96.19920349121094
2014-10-09,18.76,1.88,,,,75.36348724365234,54.64109802246094,91.15214538574219
2014-10-10,21.24,1.86,,,,121.7016830444336,98.5782470703125,132.82337951660156
2014-10-13,24.64,,,,,80.6785888671875,66.2366714477539,86.81816864013672
2014-10-14,22.79,1.82,,,,70.293212890625,43.79802703857422,80.3701400756836
2014-10-15,26.25,1.81,,,,89.52886199951172,62.089237213134766,97.10354614257812
2014-10-16,25.2,1.82,,,,68.58318328857422,34.186038970947266,85.5436019897461
2014-10-17,21.99,1.83,,,,86.50884246826172,86.24256134033203,83.92394256591797
2014-10-20,18.57,1.83,,,,75.8603286743164,50.41788101196289,92.51768493652344
2014-10-21,16.08,1.85,,,,60.74390411376953,64.59406280517578,60.612552642822266
2014-10-22,17.87,1.84,,,,78.49686431884766,78.2552490234375,84.85437774658203
2014-10-23,16.53,1.88,,,,74.2879638671875,114.45526885986328,50.541351318359375
2014-10-24,16.11,1.88,,,,91.68357849121094,87.42739868164062,86.18183135986328
2014-10-27,16.04,1.86,,,,96.68016815185547,142.0374755859375,59.23664093017578
2014-10-28,14.39,1.88,,,,139.37872314453125,101.89645385742188,146.80384826660156
2014-10-29,15.15,1.86,,,,92.36563873291016,83.71029663085938,118.69851684570312
2014-10-30,14.52,1.84,,,,103.40233612060547,95.72090911865234,104.40705871582031
2014-10-31,14.03,1.85,,,,89.83234405517578,97.0188217163086,74.69841003417969
2014-11-01,,,0.09,236.983,5.8,97.52098083496094,131.718505859375,78.47589111328125
2014-11-03,14.73,1.84,,,,80.91041564941406,47.4478645324707,94.9828872680664
2014-11-04,14.89,1.83,,,,79.87751770019531,93.68428802490234,62.5135612487793
2014-11-05,14.17,1.84,,,,103.51773834228516,81.08500671386719,110.67202758789062
2014-11-06,13.67,1.85,,,,41.02251052856445,13.632080078125,56.85250473022461
2014-11-07,13.12,1.81,,,,90.21154022216797,71.94709014892578,96.01756286621094
2014-11-10,12.67,1.83,,,,57.861446380615234,67.29723358154297,40.094669342041016
2014-11-11,12.92,,,,,77.03646087646484,81.31694030761719,60.29010009765625
2014-11-12,13.02,1.82,,,,57.4178352355957,35.22529220581055,80.79877471923828
2014-11-13,13.79,1.82,,,,61.54497528076172,14.436595916748047,90.31159210205078
2014-11-14,13.31,1.78,,,,77.44579315185547,84.22626495361328,81.96185302734375
2014-11-17,13.99,1.8,,,,136.548583984375,100.83576202392578,159.80328369140625
2014-11-18,13.86,1.79,,,,87.40283966064453,104.5605697631836,101.7494888305664
2014-11-19,13.96,1.82,,,,92.23857116699219,103.94873046875,73.36450958251953
2014-11-20,13.58,1.81,,,,89.15814208984375,82.04649353027344,114.0581283569336
2014-11-21,12.9,1.78,,,,110.541748046875,88.16119384765625,128.68649291992188
2014-11-24,12.62,1.77,,,,142.10719299316406,127.0142822265625,154.83897399902344
2014-11-25,12.25,1.76,,,,163.63818359375,105.81697082519531,183.87875366210938
2014-11-26,12.07,1.71,,,,119.0936508178711,140.7135467529297,117.3689956665039
2014-11-27,,,,,,80.7943344116211,88.60020446777344,60.464717864990234
2014-11-28,13.33,1.71,,,,90.86843872070312,115.29475402832031,75.55995178222656
2014-12-01,14.29,1.73,0.12,236.252,5.6,57.56436538696289,52.170162200927734,60.92109298706055
2014-12-02,12.85,1.73,,,,108.90633392333984,144.76148986816406,60.37268829345703
2014-12-03,12.47,1.72,,,,88.44233703613281,48.0927848815918,113.65670776367188
2014-12-04,12.38,1.7,,,,89.80892944335938,103.30670928955078,74.67893981933594
2014-12-05,11.82,1.66,,,,62.501277923583984,70.09750366210938,51.971771240234375
2014-12-08,14.21,1.62,,,,109.46703338623047,123.36444091796875,110.8133773803711
2014-12-09,14.89,1.58,,,,72.47573852539062,110.50405883789062,49.630699157714844
2014-12-10,18.53,1.59,,,,107.7931900024414,173.59149169921875,75.84365844726562
2014-12-11,20.08,1.57,,,,81.70773315429688,122.18434143066406,67.94254302978516
2014-12-12,21.08,1.54,,,,77.55175018310547,80.99461364746094,67.55751037597656
2014-12-15,20.42,1.52,,,,66.97259521484375,102.71761322021484,51.405982971191406
2014-12-16,23.57,1.49,,,,136.0686492919922,102.90675354003906,179.47190856933594
2014-12-17,19.44,1.52,,,,144.743896484375,131.929931640625,165.06390380859375
2014-12-18,16.81,1.55,,,,122.81765747070312,111.94478607177734,151.73114013671875
2014-12-19,16.49,1.5,,,,110.96691131591797,106.52810668945312,136.69993591308594
2014-12-22,15.25,1.46,,,,74.2015151977539,95.10829162597656,70.51529693603516
2014-12-23,14.8,1.53,,,,56.84593200683594,82.43048095703125,42.97197723388672
2014-12-24,14.37,1.54,,,,123.6417236328125,123.26113891601562,154.2179412841797
2014-12-25,,,,,,44.02083206176758,21.942665100097656,54.90705490112305
2014-12-26,14.5,1.52,,,,114.01953887939453,167.51158142089844,49.900428771972656
2014-12-29,15.06,1.5,,,,92.93777465820312,79.41574096679688,88.32076263427734
2014-12-30,15.92,1.51,,,,69.61613464355469,69.40184783935547,57.887996673583984
2014-12-31,19.2,1.5,,,,93.75191497802734,62.308895111083984,112.60550689697266
2015-01-01,,,0.11,234.747,5.7,74.57938385009766,49.56654739379883,82.6867904663086
2015-01-02,17.79,1.46,,,,106.85701751708984,117.18091583251953,97.7404556274414
2015-01-05,19.92,1.36,,,,100.71996307373047,111.56658935546875,74.44605255126953
2015-01-06,21.12,1.32,,,,66.82413482666016,104.68611907958984,31.75220489501953
2015-01-07,19.31,1.34,,,,78.7603530883789,92.3740234375,61.63924789428711
2015-01-08,17.01,1.41,,,,168.6398162841797,232.1667022705078,133.55169677734375
2015-01-09,17.55,1.39,,,,64.71438598632812,112.9015884399414,26.906021118164062
2015-01-12,19.6,1.36,,,,148.07835388183594,240.57008361816406,91.20873260498047
2015-01-13,20.56,1.37,,,,151.55538940429688,259.009521484375,79.21449279785156
2015-01-14,21.48,1.35,,,,88.3912582397461,151.0614471435547,77.00010681152344
2015-01-15,22.39,1.33,,,,132.78982543945312,257.6064147949219,23.87435531616211
2015-01-16,20.95,1.34,,,,156.10951232910156,258.1163635253906,82.3185043334961
2015-01-19,,,,,,120.25823974609375,130.7869873046875,109.0892562866211
2015-01-20,19.89,1.29,,,,175.2919158935547,250.92645263671875,119.59854125976562
2015-01-21,18.85,1.34,,,,148.50863647460938,189.17694091796875,123.48958587646484
2015-01-22,16.4,1.37,,,,98.54320526123047,136.02444458007812,69.33533477783203
2015-01-23,16.66,1.29,,,,109.11988067626953,124.3245620727539,97.21778869628906
2015-01-26,15.52,1.29,,,,135.92604064941406,200.75205993652344,117.21292114257812
2015-01-27,17.22,1.29,,,,95.16268157958984,126.49301147460938,67.82636260986328
2015-01-28,20.44,1.23,,,,146.4594268798828,197.5410614013672,107.45787811279297
2015-01-29,18.76,1.26,,,,105.28024291992188,89.96244049072266,125.06260681152344
2015-01-30,20.97,1.21,,,,126.52168273925781,107.02128601074219,133.8994903564453
2015-02-01,,,0.11,235.342,5.5,114.22647094726562,97.6070327758789,122.12085723876953
2015-02-02,19.43,1.19,,,,101.14710235595703,121.00291442871094,109.33908081054688
2015-02-03,17.33,1.27,,,,141.2511749267578,190.78347778320312,136.3990936279297
2015-02-04,18.33,1.29,,,,90.69612121582031,51.66682815551758,122.10316467285156
2015-02-05,16.85,1.31,,,,89.42814636230469,59.43525695800781,99.14974975585938
2015-02-06,17.29,1.3,,,,166.44029235839844,161.88095092773438,168.78086853027344
2015-02-09,18.55,1.31,,,,128.9940643310547,61.7265625,163.03916931152344
2015-02-10,17.23,1.34,,,,134.22850036621094,95.58238220214844,183.36782836914062
2015-02-11,16.96,1.33,,,,110.84524536132812,136.00498962402344,113.44159698486328
2015-02-12,15.34,1.38,,,,76.61225128173828,116.38312530517578,54.604698181152344
2015-02-13,14.69,1.36,,,,139.6398468017578,77.33890533447266,174.17236328125
2015-02-16,,,,,,102.5166015625,166.07669067382812,53.278602600097656
2015-02-17,15.8,1.44,,,,123.7453384399414,151.83316040039062,134.55909729003906
2015-02-18,15.45,1.45,,,,154.67242431640625,171.32925415039062,135.76023864746094
2015-02-19,15.29,1.44,,,,143.86007690429688,158.51382446289062,157.4002227783203
2015-02-20,14.3,1.46,,,,136.84970092773438,128.40325927734375,147.2638702392578
2015-02-23,14.56,1.42,,,,168.176513671875,162.57827758789062,161.03253173828125
2015-02-24,13.69,1.39,,,,149.08883666992188,130.0511932373047,154.96505737304688
2015-02-25,13.84,1.35,,,,114.378173828125,96.48362731933594,124.37335205078125
2015-02-26,13.91,1.37,,,,95.06265258789062,58.32002258300781,121.61164855957031
2015-02-27,13.34,1.37,,,,105.93698120117188,97.48697662353516,115.19450378417969
2015-03-01,,,0.11,235.976,5.4,111.40922546386719,59.2353630065918,135.8723907470703
2015-03-02,13.04,1.42,,,,105.46525573730469,28.674713134765625,151.477783203125
2015-03-03,13.86,1.44,,,,149.37307739257812,105.11527252197266,175.35304260253906
2015-03-04,14.23,1.46,,,,218.31878662109375,125.56544494628906,279.2906188964844
2015-03-05,14.04,1.46,,,,77.4869613647461,84.97329711914062,64.4328384399414
2015-03-06,15.2,1.51,,,,86.04071807861328,93.57368469238281,91.05797576904297
2015-03-09,15.06,1.5,,,,79.82090759277344,29.8407039642334,116.15377044677734
2015-03-10,16.69,1.44,,,,89.771484375,62.646610260009766,104.50691986083984
2015-03-11,16.87,1.41,,,,78.04478454589844,77.80455780029297,72.10742950439453
2015-03-12,15.42,1.43,,,,105.60790252685547,112.30168151855469,81.96185302734375
2015-03-13,16.0,1.45,,,,67.84777069091797,63.66017150878906,59.736228942871094
2015-03-16,15.61,1.44,,,,109.26010131835938,99.0216293334961,107.37196350097656
2015-03-17,15.66,1.36,,,,97.29219818115234,46.18701171875,130.9833984375
2015-03-18,13.97,1.36,,,,117.37445068359375,69.34112548828125,144.59336853027344
2015-03-19,14.07,1.35,,,,55.86671829223633,39.31394577026367,65.58342742919922
2015-03-20,13.02,1.33,,,,94.76250457763672,90.36339569091797,102.77999114990234
2015-03-23,13.41,1.32,,,,98.2957763671875,39.19728469848633,130.7776336669922
2015-03-24,13.62,1.3,,,,100.38084411621094,90.97441101074219,106.23431396484375
2015-03-25,15.44,1.34,,,,105.37905883789062,100.48709106445312,91.4358139038086
2015-03-26,15.8,1.4,,,,103.40631103515625,120.86180877685547,94.88064575195312
2015-03-27,15.07,1.37,,,,199.252197265625,215.19210815429688,214.0090789794922
2015-03-30,14.51,1.38,,,,123.23540496826172,78.62789154052734,172.156494140625
2015-03-31,15.29,1.38,,,,131.05657958984375,63.07394027709961,165.3453826904297
2015-04-01,15.11,1.32,0.12,236.222,5.4,138.92813110351562,112.53166198730469,158.84425354003906
2015-04-02,14.67,1.37,,,,113.84656524658203,146.4466094970703,85.50566101074219
2015-04-03,,1.36,,,,150.14471435546875,112.26191711425781,202.8813018798828
2015-04-06,14.74,1.41,,,,116.78925323486328,148.18333435058594,97.11392211914062
2015-04-07,14.78,1.37,,,,110.12525177001953,70.26321411132812,146.5161590576172
2015-04-08,13.98,1.38,,,,166.75509643554688,143.77671813964844,209.86695861816406
2015-04-09,13.09,1.41,,,,134.8137969970703,138.23880004882812,128.116455078125
2015-04-10,12.58,1.39,,,,142.1363983154297,86.59376525878906,183.85244750976562
2015-04-13,13.94,1.4,,,,79.2243423461914,78.98047637939453,98.8162841796875
2015-04-14,13.67,1.37,,,,121.64796447753906,83.95858764648438,147.84060668945312
2015-04-15,12.84,1.4,,,,143.6572723388672,134.79066467285156,175.66989135742188
2015-04-16,12.6,1.4,,,,104.71763610839844,97.43561553955078,133.5165252685547
2015-04-17,13.89,1.36,,,,99.0600357055664,94.80491638183594,92.256103515625
2015-04-20,13.3,1.35,,,,91.7326431274414,60.966854095458984,118.6555404663086
2015-04-21,13.25,1.37,,,,85.28290557861328,107.3941879272461,82.11257934570312
2015-04-22,12.71,1.42,,,,75.58879852294922,70.92341613769531,96.13033294677734
2015-04-23,12.48,1.41,,,,61.07770919799805,35.81747817993164,83.65087890625
2015-04-24,12.29,1.39,,,,156.40452575683594,183.9093017578125,126.72051239013672
2015-04-27,13.12,1.4,,,,76.0417251586914,85.28362274169922,71.13496398925781
2015-04-28,12.41,1.44,,,,46.00788497924805,27.51976203918457,61.21119689941406
2015-04-29,13.39,1.5,,,,84.09903717041016,93.15574645996094,62.1608772277832
2015-04-30,14.55,1.47,,,,52.747894287109375,49.07982635498047,52.63383102416992
2015-05-01,12.7,1.52,0.12,237.001,5.6,76.23860931396484,38.00196838378906,95.09219360351562
2015-05-04,12.85,1.56,,,,70.595703125,64.96468353271484,63.218116760253906
2015-05-05,14.31,1.57,,,,44.76443099975586,39.66812515258789,49.630699157714844
2015-05-06,15.15,1.6,,,,99.69424438476562,108.4225845336914,82.89888763427734
2015-05-07,15.13,1.55,,,,64.28498840332031,67.85694122314453,69.17703247070312
2015-05-08,12.86,1.57,,,,71.75237274169922,55.6356201171875,86.18183135986328
2015-05-11,13.85,1.66,,,,118.67454528808594,72.01432800292969,145.8771514892578
2015-05-12,13.86,1.67,,,,62.16614532470703,35.41416931152344,88.61674499511719
2015-05-13,13.76,1.68,,,,114.38423919677734,100.34829711914062,129.3551483154297
2015-05-14,12.74,1.67,,,,77.46539306640625,73.54946899414062,67.4822769165039
2015-05-15,12.38,1.59,,,,95.23632049560547,74.30335998535156,117.06641387939453
2015-05-18,12.73,1.65,,,,112.11767578125,81.28913879394531,152.55712890625
2015-05-19,12.85,1.64,,,,128.43557739257812,138.71026611328125,151.29745483398438
2015-05-20,12.88,1.66,,,,71.46401977539062,58.671573638916016,76.90238952636719
2015-05-21,12.11,1.59,,,,56.78687286376953,37.74138641357422,62.960086822509766
2015-05-22,12.13,1.57,,,,84.28925323486328,92.43278503417969,70.08914947509766
2015-05-25,,,,,,86.68401336669922,111.10781860351562,61.783260345458984
2015-05-26,14.06,1.5,,,,37.399959564208984,42.61124038696289,35.54198455810547
2015-05-27,13.27,1.5,,,,83.27684020996094,92.24501037597656,76.94144439697266
2015-05-28,13.31,1.51,,,,55.8925895690918,37.14703369140625,74.3623046875
2015-05-29,13.84,1.51,,,,55.4736213684082,71.10369110107422,32.948612213134766
2015-06-01,13.97,1.55,0.13,237.657,5.3,106.23394775390625,154.04647827148438,88.33685302734375
2015-06-02,14.24,1.63,,,,65.3465576171875,60.13422775268555,66.87718200683594
2015-06-03,13.66,1.69,,,,129.118896484375,142.0374755859375,118.47328186035156
2015-06-04,14.71,1.65,,,,84.12870788574219,97.84803771972656,58.2963752746582
2015-06-05,14.21,1.68,,,,62.501277923583984,65.97412109375,61.14325714111328
2015-06-08,15.29,1.69,,,,81.79179382324219,40.770015716552734,110.52021026611328
2015-06-09,14.47,1.7,,,,95.46304321289062,76.13536071777344,103.19467163085938
2015-06-10,13.22,1.75,,,,48.58432388305664,26.41897201538086,58.76274871826172
2015-06-11,12.85,1.66,,,,54.965171813964844,21.918394088745117,79.22245788574219
2015-06-12,13.78,1.65,,,,41.64371109008789,45.2896614074707,37.77605056762695
2015-06-15,15.39,1.64,,,,63.19683837890625,84.00308990478516,43.79179382324219
2015-06-16,14.81,1.61,,,,114.22647094726562,100.20988464355469,113.9794692993164
2015-06-17,14.5,1.65,,,,79.92790985107422,79.681884765625,81.23201751708984
2015-06-18,13.19,1.69,,,,83.08512115478516,100.83576202392578,78.0993423461914
2015-06-19,13.96,1.61,,,,44.27490234375,48.151222229003906,46.856689453125
2015-06-22,12.74,1.69,,,,90.68220520019531,116.99222564697266,70.9695053100586
2015-06-23,12.11,1.72,,,,103.51773834228516,88.45637512207031,106.57306671142578
2015-06-24,13.26,1.7,,,,84.81681060791016,75.16065216064453,86.20069122314453
2015-06-25,14.01,1.72,,,,131.0054931640625,67.1668701171875,174.29627990722656
2015-06-26,14.02,1.77,,,,81.48998260498047,89.3630599975586,60.98532485961914
2015-06-29,18.85,1.69,,,,136.92648315429688,178.50656127929688,87.58358764648438
2015-06-30,18.23,1.71,,,,169.31866455078125,173.12562561035156,187.72503662109375
2015-07-01,16.09,1.74,0.13,238.034,5.2,93.14065551757812,96.8910903930664,87.55146026611328
2015-07-02,16.79,1.76,,,,84.56055450439453,87.96549224853516,73.37191009521484
2015-07-03,,,,,,86.95490264892578,57.79149627685547,110.1801528930664
2015-07-06,17.01,1.7,,,,109.32566833496094,65.39349365234375,127.27079772949219
2015-07-07,16.09,1.69,,,,82.0898666381836,86.6511459350586,64.24498748779297
2015-07-08,19.66,1.67,,,,61.78390121459961,37.903831481933594,79.03884887695312
2015-07-09,19.97,1.72,,,,58.6295166015625,21.918394088745117,79.22245788574219
2015-07-10,16.83,1.77,,,,107.38996887207031,82.35340118408203,123.64356231689453
2015-07-13,13.9,1.75,,,,123.0675277709961,92.01653289794922,153.5017547607422
2015-07-14,13.37,1.75,,,,67.70211029052734,19.283918380737305,104.55050659179688
2015-07-15,13.23,1.72,,,,229.97799682617188,35.27232360839844,367.75750732421875
2015-07-16,12.11,1.69,,,,117.64946746826172,21.99137306213379,183.42977905273438
2015-07-17,11.95,1.66,,,,146.96043395996094,134.62904357910156,138.7160186767578
2015-07-20,12.25,1.67,,,,125.31095123291016,108.6306381225586,144.97389221191406
2015-07-21,12.22,1.64,,,,193.97918701171875,178.50656127929688,231.6099395751953
2015-07-22,12.12,1.58,,,,152.95497131347656,148.12747192382812,167.15985107421875
2015-07-23,12.64,1.57,,,,87.72247314453125,41.64402770996094,131.99386596679688
2015-07-24,13.74,1.57,,,,113.35782623291016,142.30751037597656,111.71624755859375
2015-07-27,15.6,1.55,,,,171.43505859375,209.4993438720703,147.15211486816406
2015-07-28,13.44,1.57,,,,132.92807006835938,148.4211883544922,114.95521545410156
2015-07-29,12.5,1.59,,,,99.94815826416016,37.958290100097656,150.3895721435547
2015-07-30,12.13,1.56,,,,74.9848861694336,43.972984313964844,88.0267562866211
2015-07-31,12.12,1.53,,,,72.27420043945312,72.0517349243164,66.77584838867188
2015-08-01,,,0.14,238.033,5.1,64.01097106933594,103.6976547241211,33.26695251464844
2015-08-03,12.56,1.48,,,,28.458484649658203,11.348355293273926,37.86259460449219
2015-08-04,13.0,1.49,,,,155.10350036621094,77.31304168701172,202.67251586914062
2015-08-05,12.51,1.55,,,,77.82831573486328,87.28734588623047,80.8958511352539
2015-08-06,13.77,1.52,,,,128.7997283935547,88.2772445678711,167.34530639648438
2015-08-07,13.39,1.45,,,,90.13789367675781,62.902313232421875,97.438232421875
2015-08-10,12.23,1.51,,,,88.92799377441406,66.49069213867188,92.43301391601562
2015-08-11,13.71,1.47,,,,93.79849243164062,78.74507141113281,90.31159210205078
2015-08-12,13.61,1.47,,,,97.42845916748047,135.97999572753906,64.81185913085938
2015-08-13,13.49,1.47,,,,110.11305236816406,155.51333618164062,68.67183685302734
2015-08-14,12.83,1.47,,,,78.32218170166016,64.30208587646484,84.28245544433594
2015-08-17,13.02,1.44,,,,95.6089096069336,56.06742477416992,121.59100341796875
2015-08-18,13.79,1.46,,,,88.54347229003906,93.46334075927734,77.95765686035156
2015-08-19,15.25,1.45,,,,121.07337188720703,115.8726806640625,120.81156921386719
2015-08-20,19.14,1.4,,,,28.846744537353516,19.171966552734375,31.982627868652344
2015-08-21,28.03,1.41,,,,86.26477813720703,34.39970016479492,129.11737060546875
2015-08-24,40.74,1.42,,,,103.35624694824219,72.12667846679688,120.32154083251953
2015-08-25,36.02,1.45,,,,58.1152229309082,92.6981430053711,28.99477767944336
2015-08-26,30.32,1.51,,,,79.10609436035156,88.72042846679688,65.7791976928711
2015-08-27,26.1,1.5,,,,85.70679473876953,111.07588195800781,71.26788330078125
2015-08-28,26.05,1.47,,,,52.88569641113281,28.757951736450195,79.9565658569336
2015-08-31,28.43,1.47,,,,79.24803161621094,42.13551712036133,105.435546875
2015-09-01,31.4,1.47,0.14,237.498,5.0,96.3266830444336,32.01006317138672,142.39761352539062
2015-09-02,26.09,1.48,,,,75.71583557128906,56.61207580566406,78.70011138916016
2015-09-03,25.61,1.47,,,,85.4856185913086,68.17799377441406,92.40916442871094
2015-09-04,27.8,1.42,,,,98.02912902832031,40.71974563598633,129.06430053710938
2015-09-07,,,,,,84.0753173828125,67.05322265625,83.89351654052734
2015-09-08,24.9,1.46,,,,117.95494079589844,127.39118194580078,114.430419921875
2015-09-09,26.23,1.46,,,,142.70852661132812,163.8251953125,129.45449829101562
2015-09-10,24.37,1.48,,,,143.31256103515625,89.80490112304688,183.86058044433594
2015-09-11,23.2,1.49,,,,118.87203979492188,126.40655517578125,118.61499786376953
2015-09-14,24.25,1.45,,,,79.94129943847656,89.65714263916016,91.40133666992188
2015-09-15,22.54,1.46,,,,122.68769073486328,144.96005249023438,113.35407257080078
2015-09-16,21.35,1.48,,,,83.47319030761719,43.79802703857422,109.59564208984375
2015-09-17,21.14,1.51,,,,83.40997314453125,71.27420043945312,99.08287811279297
2015-09-18,22.28,1.44,,,,83.91305541992188,79.67120361328125,86.3897476196289
2015-09-21,20.14,1.48,,,,86.41481018066406,57.43254089355469,127.74510955810547
2015-09-22,22.44,1.45,,,,188.75030517578125,131.718505859375,219.7324981689453
2015-09-23,22.13,1.46,,,,85.7754898071289,57.00764465332031,101.89286804199219
2015-09-24,23.47,1.46,,,,88.69506072998047,61.510990142822266,121.85232543945312
2015-09-25,23.62,1.47,,,,81.83991241455078,85.47313690185547,90.7365951538086
2015-09-28,27.63,1.43,,,,92.13209533691406,41.74932098388672,125.36300659179688
2015-09-29,26.83,1.41,,,,111.60942077636719,71.21015930175781,148.4907684326172
2015-09-30,24.5,1.42,,,,101.27595520019531,84.13684844970703,112.28550720214844
2015-10-01,22.55,1.41,0.12,237.733,5.0,128.45445251464844,139.70077514648438,155.36566162109375
2015-10-02,20.94,1.41,,,,180.3509063720703,205.4808807373047,165.2702178955078
2015-10-05,19.54,1.46,,,,91.09561157226562,132.0948486328125,61.97633743286133
2015-10-06,19.4,1.44,,,,113.13414764404297,171.4345703125,52.681766510009766
2015-10-07,18.4,1.43,,,,110.68245697021484,118.22331237792969,111.7579116821289
2015-10-08,17.42,1.47,,,,70.63836669921875,81.54003143310547,49.46359634399414
2015-10-09,17.08,1.47,,,,88.3863754272461,137.91806030273438,51.12767791748047
2015-10-12,16.17,,,,,79.31500244140625,93.02454376220703,62.07332229614258
2015-10-13,17.67,1.42,,,,80.68500518798828,89.37405395507812,67.09210968017578
2015-10-14,18.03,1.42,,,,105.43982696533203,122.63447570800781,94.9828872680664
2015-10-15,16.05,1.43,,,,84.31990814208984,56.04024124145508,113.51895141601562
2015-10-16,15.05,1.43,,,,90.19367218017578,81.74186706542969,81.81694793701172
2015-10-19,14.98,1.43,,,,85.07396697998047,74.2105941772461,97.2697982788086
2015-10-20,15.75,1.42,,,,70.16028594970703,99.92046356201172,41.67176818847656
2015-10-21,16.7,1.4,,,,69.3731460571289,77.80455780029297,50.47520065307617
2015-10-22,14.45,1.43,,,,68.85244750976562,61.01378631591797,63.61440658569336
2015-10-23,14.46,1.43,,,,79.13984680175781,90.16712951660156,75.20829010009766
2015-10-26,15.29,1.41,,,,83.86247253417969,83.60433959960938,87.1678466796875
2015-10-27,15.43,1.4,,,,49.441307067871094,39.43130111694336,57.55679702758789
2015-10-28,14.33,1.37,,,,68.03733825683594,110.22035217285156,35.3594856262207
2015-10-29,14.61,1.44,,,,62.64903259277344,54.649173736572266,71.63011932373047
2015-10-30,15.07,1.41,,,,91.50739288330078,91.22572326660156,76.09126281738281
2015-11-01,,,0.12,238.017,5.1,46.562198638916016,66.31267547607422,44.249053955078125
2015-11-02,14.15,1.43,,,,109.91929626464844,149.42857360839844,74.78291320800781
2015-11-03,14.54,1.43,,,,53.27228927612305,48.28028106689453,48.32462692260742
2015-11-04,15.51,1.41,,,,96.48255157470703,146.56849670410156,53.485511779785156
2015-11-05,15.05,1.41,,,,60.44831085205078,72.314697265625,40.211734771728516
2015-11-06,14.33,1.44,,,,89.18451690673828,110.07904815673828,84.75396728515625
2015-11-09,16.52,1.47,,,,87.3079833984375,61.4394645690918,93.95206451416016
2015-11-10,15.29,1.45,,,,85.30216979980469,103.93728637695312,63.0501594543457
2015-11-11,16.06,,,,,51.980377197265625,75.3750991821289,31.435136795043945
2015-11-12,18.37,1.43,,,,44.11854934692383,43.98274612426758,42.8002815246582
2015-11-13,20.08,1.42,,,,61.5718879699707,73.6588363647461,40.959163665771484
2015-11-16,18.16,1.39,,,,291.9892578125,401.5041198730469,251.17056274414062
2015-11-17,18.84,1.39,,,,354.0518798828125,551.2011108398438,266.1745910644531
2015-11-18,16.85,1.37,,,,309.495361328125,520.6658325195312,168.8892822265625
2015-11-19,16.99,1.33,,,,242.89370727539062,384.09375,153.22145080566406
2015-11-20,15.47,1.33,,,,212.1929473876953,329.0618896484375,130.70005798339844
2015-11-23,15.62,1.31,,,,170.00735473632812,236.25050354003906,128.51495361328125
2015-11-24,15.93,1.31,,,,246.838134765625,334.66656494140625,238.09420776367188
2015-11-25,15.19,1.3,,,,247.6171875,394.968017578125,155.56997680664062
2015-11-26,,,,,,172.9800262451172,206.9370880126953,165.4140625
2015-11-27,15.12,1.3,,,,237.591064453125,300.629638671875,212.76165771484375
2015-11-30,16.13,1.27,,,,100.22897338867188,109.91251373291016,100.01224517822266
2015-12-01,14.67,1.24,0.24,237.761,5.0,170.49981689453125,223.39572143554688,121.52223205566406
2015-12-02,15.91,1.24,,,,192.69784545898438,265.2874450683594,129.71347045898438
2015-12-03,18.11,1.37,,,,157.9247283935547,222.7180633544922,121.71063995361328
2015-12-04,14.81,1.32,,,,156.33291625976562,210.61041259765625,126.4823226928711
2015-12-07,15.84,1.29,,,,197.36715698242188,308.43402099609375,168.5525665283203
2015-12-08,17.6,1.3,,,,197.98146057128906,298.46502685546875,136.52059936523438
2015-12-09,19.61,1.29,,,,199.49636840820312,240.50885009765625,162.02963256835938
2015-12-10,19.34,1.29,,,,147.40721130371094,236.75839233398438,68.09651184082031
2015-12-11,24.39,1.25,,,,150.00306701660156,207.69631958007812,110.87310791015625
2015-12-14,22.73,1.26,,,,119.4185791015625,175.9884490966797,86.34808349609375
2015-12-15,20.95,1.3,,,,142.25750732421875,212.72943115234375,101.39278411865234
2015-12-16,17.86,1.28,,,,170.60433959960938,179.52806091308594,173.38792419433594
2015-12-17,18.94,1.24,,,,162.97996520996094,194.9739532470703,196.5082550048828
2015-12-18,20.7,1.22,,,,134.47500610351562,196.62290954589844,104.36550903320312
2015-12-21,18.7,1.24,,,,165.0172119140625,207.15982055664062,132.13487243652344
2015-12-22,16.6,1.25,,,,143.2771453857422,194.25714111328125,95.3115463256836
2015-12-23,15.57,1.26,,,,73.7386703491211,90.47592163085938,47.166160583496094
2015-12-24,15.74,1.22,,,,111.12447357177734,137.1591796875,96.80364990234375
2015-12-25,,,,,,160.93446350097656,240.65863037109375,111.51837158203125
2015-12-28,16.91,1.19,,,,147.82249450683594,160.7645263671875,156.44241333007812
2015-12-29,16.08,1.23,,,,109.34689331054688,128.2474365234375,106.97102355957031
2015-12-30,17.29,1.23,,,,141.56272888183594,203.2228546142578,84.75396728515625
2015-12-31,18.21,1.21,,,,70.10725402832031,69.8914566040039,68.01244354248047
2016-01-01,,,0.34,237.652,4.8,208.83578491210938,315.87896728515625,155.68934631347656
2016-01-04,20.7,1.22,,,,133.57127380371094,138.48654174804688,133.28244018554688
2016-01-05,19.34,1.21,,,,205.15902709960938,129.70037841796875,266.29644775390625
2016-01-06,20.59,1.19,,,,161.46932983398438,175.6061553955078,138.3354949951172
2016-01-07,24.99,1.2,,,,205.20330810546875,116.89810180664062,264.65521240234375
2016-01-08,27.01,1.19,,,,181.01463317871094,162.41171264648438,203.20111083984375
2016-01-11,24.3,1.23,,,,95.24954986572266,52.753536224365234,114.40430450439453
2016-01-12,22.47,1.19,,,,106.3890380859375,67.49372100830078,144.7622528076172
2016-01-13,25.22,1.17,,,,139.33460998535156,80.6549301147461,179.39779663085938
2016-01-14,23.95,1.2,,,,125.4760513305664,141.76846313476562,118.2489013671875
2016-01-15,27.02,1.18,,,,112.73136138916016,129.67425537109375,86.5289077758789
2016-01-18,,,,,,147.984130859375,102.13519287109375,170.38168334960938
2016-01-19,26.05,1.18,,,,154.4204559326172,99.31944274902344,182.25286865234375
2016-01-20,27.59,1.16,,,,194.33729553222656,228.9644012451172,198.3242645263672
2016-01-21,26.69,1.18,,,,87.86651611328125,131.3940887451172,65.75738525390625
2016-01-22,22.34,1.19,,,,110.86237335205078,97.25859069824219,117.99748229980469
2016-01-25,24.15,1.15,,,,82.81419372558594,30.959732055664062,120.50953674316406
2016-01-26,22.5,1.16,,,,72.01234436035156,92.30230712890625,59.88051986694336
2016-01-27,23.11,1.18,,,,93.97354888916016,81.9737548828125,97.67744445800781
2016-01-28,22.42,1.17,,,,76.83790588378906,59.578861236572266,92.29006958007812
2016-01-29,20.2,1.18,,,,83.25235748291016,69.8914566040039,87.44457244873047
2016-02-01,19.98,1.16,0.38,237.336,4.9,132.70687866210938,101.76799011230469,161.28065490722656
2016-02-02,21.98,1.12,,,,103.51773834228516,103.19910430908203,86.0782470703125
2016-02-03,21.65,1.16,,,,104.03104400634766,87.33544158935547,109.26956939697266
2016-02-04,21.84,1.17,,,,96.6531753540039,122.63447570800781,80.3701400756836
2016-02-05,23.38,1.12,,,,109.37723541259766,135.0026092529297,77.95765686035156
2016-02-08,26.0,1.09,,,,139.5309295654297,82.43048095703125,171.88790893554688
2016-02-09,26.54,1.05,,,,77.60041809082031,58.02116394042969,80.65897369384766
2016-02-10,26.29,1.0,,,,99.32736206054688,79.2173080444336,140.4095001220703
2016-02-11,28.14,0.99,,,,118.4752426147461,141.732666015625,94.57524108886719
2016-02-12,25.4,1.03,,,,106.14369201660156,158.7254638671875,58.84120559692383
2016-02-15,,,,,,81.19038391113281,86.33650207519531,63.01152801513672
2016-02-16,24.11,1.04,,,,128.85191345214844,149.864501953125,98.2156982421875
2016-02-17,22.31,1.07,,,,134.09194946289062,138.63027954101562,132.15011596679688
2016-02-18,21.64,1.04,,,,118.95960998535156,136.83859252929688,114.13689422607422
2016-02-19,20.53,1.0,,,,161.5886688232422,228.91920471191406,148.5098419189453
2016-02-22,19.38,0.99,,,,104.66248321533203,156.510498046875,52.218082427978516
2016-02-23,20.98,0.98,,,,150.35768127441406,187.3685760498047,117.21292114257812
2016-02-24,20.72,1.0,,,,115.6131362915039,110.24607849121094,117.03506469726562
2016-02-25,19.11,0.99,,,,57.1890869140625,61.3986701965332,51.212554931640625
2016-02-26,19.81,0.96,,,,88.87377166748047,96.65476989746094,87.33792114257812
2016-02-29,20.55,0.96,,,,59.73482894897461,75.79212188720703,36.12464141845703
2016-03-01,17.7,0.98,0.36,238.08,5.0,123.23540496826172,108.11334991455078,139.36477661132812
2016-03-02,17.09,0.99,,,,81.85124206542969,57.59950256347656,112.10189819335938
2016-03-03,16.7,0.98,,,,131.77566528320312,117.7800521850586,136.02488708496094
2016-03-04,16.86,1.0,,,,72.01234436035156,44.86917495727539,82.3357162475586
2016-03-07,17.35,1.0,,,,67.18156433105469,20.607620239257812,103.13274383544922
2016-03-08,18.67,0.95,,,,103.05766296386719,136.98724365234375,65.29193878173828
2016-03-09,18.34,1.0,,,,91.76087188720703,73.1827392578125,99.19265747070312
2016-03-10,18.05,1.0,,,,99.94815826416016,56.937435150146484,126.64385223388672
2016-03-11,16.5,1.01,,,,58.51002502441406,62.81684112548828,52.395450592041016
2016-03-14,16.92,1.0,,,,134.74850463867188,212.6951141357422,65.3611068725586
2016-03-15,16.84,0.99,,,,132.50270080566406,121.08694458007812,119.36183166503906
2016-03-16,14.99,1.07,,,,100.38084411621094,104.83718872070312,95.39407348632812
2016-03-17,14.44,1.04,,,,79.66934967041016,75.24390411376953,69.7342758178711
2016-03-18,14.02,1.04,,,,104.46994018554688,121.50643920898438,94.10919952392578
2016-03-21,13.79,1.05,,,,112.46371459960938,132.50254821777344,110.52021026611328
2016-03-22,14.17,1.03,,,,76.37043762207031,104.68611907958984,55.56636047363281
2016-03-23,14.94,1.01,,,,245.37538146972656,366.9301452636719,188.34214782714844
2016-03-24,14.74,1.02,,,,141.8479766845703,241.2311553955078,90.19786071777344
2016-03-25,,,,,,186.76197814941406,195.98643493652344,179.81922912597656
2016-03-28,15.24,1.0,,,,157.18687438964844,243.76026916503906,96.8191146850586
2016-03-29,13.82,1.03,,,,168.95631408691406,285.8312072753906,76.63225555419922
2016-03-30,13.56,1.07,,,,140.47825622558594,135.52822875976562,158.26150512695312
2016-03-31,13.95,1.05,,,,131.27745056152344,130.8733673095703,145.5484161376953
2016-04-01,13.1,1.03,0.37,238.992,5.1,156.7049102783203,182.2596435546875,152.0225372314453
2016-04-04,14.12,1.03,,,,113.1427230834961,100.26174926757812,114.98876953125
2016-04-05,15.42,1.01,,,,89.26080322265625,128.53541564941406,57.729122161865234
2016-04-06,14.09,1.03,,,,101.51417541503906,117.18091583251953,79.96946716308594
2016-04-07,16.16,1.0,,,,93.87843322753906,71.30625915527344,104.08381652832031
2016-04-08,15.36,1.02,,,,46.477352142333984,50.54650115966797,35.13397979736328
2016-04-11,16.26,1.03,,,,95.73894500732422,122.16864776611328,70.0567398071289
2016-04-12,14.85,1.05,,,,79.82090759277344,89.5221176147461,74.6702880859375
2016-04-13,13.84,1.02,,,,97.70214080810547,64.93427276611328,116.06055450439453
2016-04-14,13.72,1.03,,,,96.78153228759766,61.3986701965332,124.37335205078125
2016-04-15,13.62,1.02,,,,86.41481018066406,65.63719177246094,116.33929443359375
2016-04-18,13.35,1.03,,,,52.3036994934082,57.93634033203125,48.32462692260742
2016-04-19,13.24,1.02,,,,90.2462387084961,84.67618560791016,105.94245910644531
2016-04-20,13.28,1.05,,,,93.18052673339844,102.18307495117188,77.48252868652344
2016-04-21,13.95,1.06,,,,93.311767578125,120.9319076538086,100.86915588378906
2016-04-22,13.22,1.05,,,,76.72159576416016,89.98286437988281,75.05459594726562
2016-04-25,14.08,1.06,,,,80.2722396850586,106.70020294189453,62.298954010009766
2016-04-26,13.96,1.08,,,,80.30467224121094,100.07186126708984,66.77584838867188
2016-04-27,13.77,1.04,,,,74.1619644165039,88.72042846679688,65.7791976928711
2016-04-28,15.22,1.06,,,,105.86102294921875,79.15137481689453,146.7112579345703
2016-04-29,15.7,1.06,,,,77.53734588623047,60.12119674682617,85.96630859375
2016-05-01,,,0.37,239.557,4.8,77.36357116699219,112.1824722290039,58.482032775878906
2016-05-02,14.68,1.08,,,,99.31861114501953,58.242881774902344,116.5927505493164
2016-05-03,15.6,1.06,,,,71.12875366210938,131.6896514892578,33.79759216308594
2016-05-04,16.05,1.04,,,,104.36856842041016,171.90426635742188,45.27951431274414
2016-05-05,15.91,1.04,,,,103.82675170898438,69.00477600097656,115.11359405517578
2016-05-06,14.72,1.05,,,,79.36795043945312,91.61685943603516,55.57637023925781
2016-05-09,14.57,1.05,,,,100.38084411621094,84.27103424072266,96.64925384521484
2016-05-10,13.63,1.05,,,,72.8036880493164,51.84256362915039,112.42872619628906
2016-05-11,14.69,0.99,,,,113.59468841552734,124.20423126220703,109.69263458251953
2016-05-12,14.41,0.99,,,,101.35812377929688,119.41815948486328,91.94448852539062
2016-05-13,15.04,0.95,,,,88.21751403808594,79.15137481689453,88.0267562866211
2016-05-16,14.68,0.96,,,,66.86859893798828,51.279056549072266,76.9892349243164
2016-05-17,15.57,0.94,,,,88.40447235107422,51.84256362915039,121.07709503173828
2016-05-18,15.95,0.97,,,,92.40077209472656,73.69308471679688,107.56778717041016
2016-05-19,16.33,0.96,,,,73.92061614990234,82.90471649169922,84.5175552368164
2016-05-20,15.2,0.96,,,,115.90248107910156,164.00038146972656,68.39625549316406
2016-05-23,15.82,0.93,,,,121.707763671875,158.26060485839844,79.20298767089844
2016-05-24,14.42,0.94,,,,86.67697143554688,97.68106079101562,106.54508209228516
2016-05-25,13.9,0.95,,,,75.74468994140625,70.4774398803711,100.77452850341797
2016-05-26,13.43,0.96,,,,68.9161148071289,82.44477081298828,61.12630081176758
2016-05-27,13.12,0.95,,,,81.85124206542969,47.99958419799805,104.09461975097656
2016-05-30,,,,,,108.72760772705078,57.80956268310547,144.6566619873047
2016-05-31,14.19,0.97,,,,141.11044311523438,126.60848236083984,146.6721954345703
2016-06-01,14.2,0.94,0.38,240.222,4.9,100.83919525146484,140.74032592773438,75.46585845947266
2016-06-02,13.63,0.92,,,,94.64479064941406,141.5301971435547,47.220062255859375
2016-06-03,13.47,0.93,,,,144.19883728027344,151.74136352539062,139.89015197753906
2016-06-06,13.65,0.93,,,,101.40513610839844,134.79066467285156,93.69061279296875
2016-06-07,14.05,0.94,,,,79.2243423461914,78.98047637939453,74.1122055053711
2016-06-08,14.08,0.93,,,,76.72159576416016,71.98629760742188,82.56005859375
2016-06-09,14.64,0.91,,,,61.34384536743164,75.2677230834961,47.08553695678711
2016-06-10,17.03,0.91,,,,62.16614532470703,44.2677116394043,88.61674499511719
2016-06-13,20.97,0.89,,,,93.311767578125,134.3687744140625,43.106475830078125
2016-06-14,20.5,0.88,,,,108.35501861572266,195.4674530029297,34.32403564453125
2016-06-15,20.14,0.91,,,,129.708984375,129.30972290039062,141.0438690185547
2016-06-16,19.37,0.87,,,,78.98127746582031,111.1597671508789,54.085628509521484
2016-06-17,19.41,0.92,,,,99.28677368164062,125.97602081298828,67.54914093017578
2016-06-20,18.37,0.93,,,,90.8284683227539,85.22248077392578,97.7404556274414
2016-06-21,18.48,0.95,,,,116.31917572021484,100.83576202392578,109.33908081054688
2016-06-22,21.17,0.94,,,,104.51173400878906,108.72003936767578,113.35407257080078
2016-06-23,17.25,0.96,,,,106.85701751708984,63.91686248779297,133.28244018554688
2016-06-24,25.76,0.93,,,,67.60342407226562,70.94245910644531,76.92491912841797
2016-06-27,23.85,0.85,,,,109.86957550048828,76.6719741821289,118.76799011230469
2016-06-28,18.75,0.85,,,,96.44184112548828,50.162601470947266,118.54826354980469
2016-06-29,16.64,0.88,,,,151.0141143798828,174.8314208984375,145.82667541503906
2016-06-30,15.63,0.91,,,,134.22850036621094,172.0482940673828,103.64269256591797
2016-07-01,14.77,0.87,0.39,240.101,4.8,112.06250762939453,151.93588256835938,74.54678344726562
2016-07-04,,,,,,42.83492660522461,56.937435150146484,47.4914436340332
2016-07-05,15.58,0.81,,,,98.27861785888672,92.21281433105469,96.14324188232422
2016-07-06,14.96,0.8,,,,107.6462173461914,126.82666015625,105.78596496582031
2016-07-07,14.76,0.82,,,,141.4793243408203,175.0889129638672,121.7011947631836
2016-07-08,13.2,0.76,,,,131.0286407470703,146.95347595214844,136.19302368164062
2016-07-11,13.54,0.77,,,,90.2462387084961,84.67618560791016,97.11392211914062
2016-07-12,13.55,0.84,,,,114.82037353515625,114.4669418334961,143.21510314941406
2016-07-13,13.04,0.8,,,,57.69348907470703,57.51590347290039,47.973941802978516
2016-07-14,12.82,0.85,,,,109.42415618896484,148.75546264648438,82.71783447265625
2016-07-15,12.67,0.89,,,,91.61395263671875,134.59446716308594,64.15147399902344
2016-07-18,12.44,0.91,,,,158.04234313964844,201.67152404785156,126.16048431396484
2016-07-19,11.97,0.86,,,,190.2488250732422,167.3498992919922,214.03237915039062
2016-07-20,11.77,0.86,,,,104.29373168945312,128.72811889648438,82.59381866455078
2016-07-21,12.74,0.87,,,,146.57379150390625,146.12261962890625,154.38221740722656
2016-07-22,12.02,0.86,,,,150.14471435546875,149.68255615234375,140.45628356933594
2016-07-25,12.87,0.86,,,,100.5713119506836,137.85989379882812,73.17467498779297
2016-07-26,13.05,0.82,,,,81.79179382324219,112.11753845214844,76.51399230957031
2016-07-27,12.83,0.79,,,,99.42936706542969,177.37855529785156,26.109041213989258
2016-07-28,12.72,0.8,,,,90.89362335205078,140.9548797607422,50.387264251708984
2016-07-29,11.87,0.79,,,,107.76387023925781,140.12890625,85.7129898071289
2016-08-01,12.44,0.84,0.4,240.545,4.9,98.58832550048828,157.2557830810547,54.652854919433594
2016-08-02,13.37,0.88,,,,126.30240631103516,148.80702209472656,95.47673797607422
2016-08-03,12.86,0.88,,,,118.50753784179688,168.77536010742188,75.08016967773438
2016-08-04,12.42,0.87,,,,154.44447326660156,116.80413055419922,203.70928955078125
2016-08-05,11.39,0.87,,,,93.311767578125,120.9319076538086,93.10999298095703
2016-08-08,11.5,0.85,,,,116.02689361572266,150.37066650390625,96.47999572753906
2016-08-09,11.66,0.84,,,,114.03922271728516,140.75680541992188,108.3739242553711
2016-08-10,12.05,0.81,,,,116.2304458618164,147.4743194580078,105.435546875
2016-08-11,11.68,0.81,,,,97.57951354980469,81.9192886352539,136.6575469970703
2016-08-12,11.55,0.8,,,,112.60853576660156,112.26191711425781,124.85002899169922
2016-08-15,11.81,0.83,,,,97.81204223632812,117.0131607055664,75.9115219116211
2016-08-16,12.64,0.81,,,,95.1244125366211,122.72325897216797,74.44605255126953
2016-08-17,12.19,0.82,,,,61.155094146728516,91.45027923583984,50.852378845214844
2016-08-18,11.43,0.82,,,,118.65913391113281,78.86260223388672,139.78079223632812
2016-08-19,11.34,0.82,,,,78.40396881103516,117.24394989013672,32.597679138183594
2016-08-22,12.27,0.79,,,,84.60388946533203,90.83142852783203,64.9391860961914
2016-08-23,12.38,0.81,,,,89.98486328125,123.34833526611328,65.47207641601562
2016-08-24,13.45,0.8,,,,139.23226928710938,185.07159423828125,96.47999572753906
2016-08-25,13.63,0.8,,,,176.9652099609375,264.6307678222656,110.36409759521484
2016-08-26,13.65,0.78,,,,80.30467224121094,80.05747985839844,66.77584838867188
2016-08-29,12.94,0.76,,,,151.196044921875,219.2445831298828,91.4358139038086
2016-08-30,13.12,0.77,,,,79.74700164794922,97.84803771972656,51.00933074951172
2016-08-31,13.42,0.78,,,,86.18061828613281,128.87303161621094,53.74641418457031
2016-09-01,13.48,0.79,0.4,241.176,5.0,72.01234436035156,110.44719696044922,46.06193542480469
2016-09-02,11.98,0.8,,,,77.37384033203125,67.49372100830078,80.42346954345703
2016-09-05,,,,,,52.6999397277832,75.05389404296875,25.040943145751953
2016-09-06,12.02,0.81,,,,91.33917999267578,60.70535659790039,111.39537811279297
2016-09-07,11.94,0.8,,,,91.87398529052734,101.76799011230469,84.88455200195312
2016-09-08,12.51,0.83,,,,60.41156768798828,60.225616455078125,58.60646057128906
2016-09-09,17.5,0.88,,,,116.9141616821289,106.8414306640625,105.31926727294922
2016-09-12,15.16,0.89,,,,137.5460662841797,137.1226806640625,123.90501403808594
2016-09-13,17.85,0.93,,,,122.2564468383789,127.68394470214844,125.86485290527344
2016-09-14,18.14,0.93,,,,115.55469512939453,134.39883422851562,88.08006286621094
2016-09-15,16.3,0.97,,,,99.23526000976562,75.3750991821289,117.88175964355469
2016-09-16,15.37,0.93,,,,51.03395462036133,37.00135803222656,54.00988006591797
2016-09-19,15.53,0.91,,,,255.72784423828125,391.3043212890625,148.35748291015625
2016-09-20,15.92,0.9,,,,183.1067657470703,243.39085388183594,175.32855224609375
2016-09-21,13.3,0.87,,,,162.7410430908203,230.2762908935547,148.420166015625
2016-09-22,12.02,0.84,,,,95.46304321289062,114.20304870605469,79.38050842285156
2016-09-23,12.29,0.85,,,,100.2487564086914,112.97586059570312,108.73040771484375
2016-09-26,14.5,0.83,,,,133.84112548828125,144.54823303222656,120.5675048828125
2016-09-27,13.1,0.81,,,,83.86247253417969,104.50542449951172,69.7342758178711
2016-09-28,12.39,0.82,,,,115.8915786743164,96.27904510498047,120.4593505859375
2016-09-29,14.02,0.83,,,,104.65530395507812,127.0142822265625,90.80782318115234
2016-09-30,13.29,0.83,,,,120.28876495361328,175.2655029296875,107.71802520751953
2016-10-01,,,0.4,241.741,4.9,47.720062255859375,55.50204086303711,39.68072509765625
2016-10-03,13.57,0.83,,,,64.83673858642578,70.51326751708984,78.42003631591797
2016-10-04,13.63,0.87,,,,147.34649658203125,174.09535217285156,145.2127227783203
2016-10-05,12.99,0.87,,,,119.91195678710938,119.54285430908203,132.94740295410156
2016-10-06,12.84,0.89,,,,92.69335174560547,97.27161407470703,89.24754333496094
2016-10-07,13.48,0.9,,,,25.318988800048828,42.068424224853516,21.05353355407715
2016-10-10,13.38,,,,,90.01542663574219,131.6162567138672,69.86060333251953
2016-10-11,15.36,0.9,,,,85.37545776367188,102.13519287109375,66.2595443725586
2016-10-12,15.91,0.92,,,,101.61250305175781,162.07957458496094,92.9433822631836
2016-10-13,16.69,0.9,,,,112.53922271728516,117.07077026367188,105.78596496582031
2016-10-14,16.12,0.96,,,,93.18052673339844,139.34056091308594,77.48252868652344
2016-10-17,16.21,0.96,,,,128.75704956054688,128.3607177734375,126.53197479248047
2016-10-18,15.28,0.93,,,,114.42375946044922,102.66439056396484,142.7204132080078
2016-10-19,14.41,0.95,,,,112.19987487792969,170.44496154785156,88.8549575805664
2016-10-20,13.75,0.92,,,,115.55469512939453,134.39883422851562,96.08734893798828
2016-10-21,13.34,0.9,,,,78.98127746582031,83.36981964111328,69.53866577148438
2016-10-24,13.02,0.93,,,,86.04071807861328,98.02957916259766,71.5455551147461
2016-10-25,13.46,0.91,,,,71.29698944091797,76.54502868652344,72.96698760986328
2016-10-26,14.24,0.93,,,,96.95320129394531,53.69709396362305,134.36602783203125
2016-10-27,15.36,0.98,,,,99.09390258789062,65.8592529296875,109.86624908447266
2016-10-28,16.19,1.0,,,,82.20970916748047,57.85176086425781,96.50816345214844
2016-10-31,17.06,0.98,,,,63.814788818359375,92.53579711914062,38.59199523925781
2016-11-01,18.56,1.0,0.41,242.026,4.7,89.67141723632812,52.58552932739258,114.03997039794922
2016-11-02,19.32,1.0,,,,77.03646087646484,92.15919494628906,51.24658203125
2016-11-03,22.08,1.01,,,,62.05097961425781,28.550762176513672,79.38050842285156
2016-11-04,22.51,0.99,,,,48.217872619628906,76.91112518310547,32.07573699951172
2016-11-07,18.71,1.01,,,,66.01131439208984,59.825565338134766,69.86060333251953
2016-11-08,18.74,1.01,,,,89.67141723632812,94.6539535522461,87.72305297851562
2016-11-09,14.38,1.17,,,,50.19042205810547,22.238189697265625,64.92096710205078
2016-11-10,14.74,1.23,,,,71.2380142211914,35.509368896484375,88.8549575805664
2016-11-11,14.17,,,,,94.90303039550781,108.12674713134766,75.15699005126953
2016-11-14,14.48,1.23,,,,153.25045776367188,141.0265350341797,147.03756713867188
2016-11-15,13.37,1.21,,,,81.45658111572266,64.96468353271484,99.34276580810547
2016-11-16,13.72,1.22,,,,106.85701751708984,127.83372497558594,79.96946716308594
2016-11-17,13.35,1.25,,,,59.95597839355469,89.65714263916016,33.23685073852539
2016-11-18,12.85,1.27,,,,92.14374542236328,64.30208587646484,130.25469970703125
2016-11-21,12.42,1.25,,,,118.51763153076172,129.96810913085938,118.26134490966797
2016-11-22,12.41,1.24,,,,100.06166076660156,115.50423431396484,96.3419418334961
2016-11-23,12.43,1.24,,,,75.68257141113281,46.43052673339844,87.13719940185547
2016-11-24,,,,,,67.71858978271484,67.51014709472656,75.08016967773438
2016-11-25,12.34,1.24,,,,76.48912811279297,70.38802337646484,68.49565887451172
2016-11-28,13.15,1.21,,,,111.19926452636719,128.3607177734375,97.33229064941406
2016-11-29,12.9,1.21,,,,145.42979431152344,204.04896545410156,107.49282836914062
2016-11-30,13.33,1.26,,,,120.1720199584961,177.09877014160156,69.51428985595703
2016-12-01,14.07,1.31,0.54,242.637,4.7,146.6143341064453,118.75747680664062,160.01266479492188
2016-12-02,14.12,1.29,,,,64.86146545410156,55.424415588378906,61.63924789428711
2016-12-05,12.14,1.26,,,,85.22901153564453,101.96000671386719,56.696475982666016
2016-12-06,11.79,1.27,,,,68.572265625,42.068424224853516,78.95074462890625
2016-12-07,12.22,1.24,,,,103.3477554321289,151.83316040039062,63.32192611694336
2016-12-08,12.64,1.28,,,,75.39987182617188,40.08948516845703,100.3157730102539
2016-12-09,11.75,1.32,,,,71.08514404296875,75.59075927734375,63.0501594543457
2016-12-12,12.64,1.34,,,,95.49745178222656,95.20349884033203,79.40911865234375
2016-12-13,12.72,1.31,,,,137.07176208496094,136.64984130859375,132.97604370117188
2016-12-14,13.19,1.27,,,,110.9472427368164,147.4743194580078,79.07666778564453
2016-12-15,12.79,1.31,,,,108.9334716796875,118.4707260131836,98.8162841796875
2016-12-16,12.2,1.32,,,,107.91650390625,74.84127807617188,140.45628356933594
2016-12-19,11.71,1.3,,,,85.88137817382812,97.84803771972656,61.21119689941406
2016-12-20,11.45,1.32,,,,114.6426010131836,120.30496215820312,130.45008850097656
2016-12-21,11.27,1.34,,,,195.18496704101562,311.33465576171875,111.29308319091797
2016-12-22,11.43,1.33,,,,125.21733856201172,147.5286102294922,123.05343627929688
2016-12-23,11.44,1.33,,,,182.83653259277344,246.6056365966797,134.1479034423828
2016-12-26,,,,,,95.73894500732422,133.62196350097656,95.53192138671875
2016-12-27,11.99,1.29,,,,90.86843872070312,82.35340118408203,82.42903900146484
2016-12-28,12.95,1.25,,,,127.40645599365234,160.43910217285156,122.67020416259766
2016-12-29,13.37,1.27,,,,98.7843246459961,91.91490936279297,109.52301788330078
2016-12-30,14.04,1.25,,,,206.6664276123047,247.23635864257812,196.39955139160156
2017-01-01,,,0.65,243.618,4.7,108.47199249267578,99.81978607177734,124.88934326171875
2017-01-02,,,,,,146.65013122558594,171.99850463867188,157.81011962890625
2017-01-03,12.85,1.23,,,,121.9743881225586,89.5992202758789,138.79283142089844
2017-01-04,11.85,1.22,,,,108.89063262939453,91.41512298583984,114.37386322021484
2017-01-05,11.67,1.2,,,,68.13825988769531,62.703250885009766,87.1678466796875
2017-01-06,11.32,1.2,,,,129.0610809326172,95.30653381347656,135.1416015625
2017-01-09,11.56,1.17,,,,161.02760314941406,217.86477661132812,114.77099609375
2017-01-10,11.49,1.19,,,,66.47293090820312,44.17887878417969,82.91148376464844
2017-01-11,11.26,1.18,,,,137.6140899658203,166.5884552001953,130.7776336669922
2017-01-12,11.54,1.18,,,,129.81033325195312,95.85983276367188,167.90879821777344
2017-01-13,11.23,1.19,,,,127.04450225830078,103.19910430908203,140.8553009033203
2017-01-16,,,,,,72.58614349365234,39.47057342529297,98.76707458496094
2017-01-17,11.87,1.16,,,,100.71996307373047,122.72325897216797,102.36331939697266
2017-01-18,12.48,1.19,,,,102.49857330322266,120.7618179321289,85.23077392578125
2017-01-19,12.78,1.22,,,,125.66645050048828,120.2684555053711,167.1929473876953
2017-01-20,11.54,1.28,,,,104.65530395507812,63.50714111328125,136.21173095703125
2017-01-23,11.77,1.25,,,,111.45087432861328,111.10781860351562,102.97209930419922
2017-01-24,11.07,1.26,,,,96.97809600830078,132.2983856201172,67.90764617919922
2017-01-25,10.81,1.3,,,,104.37609100341797,131.4376678466797,82.22399139404297
2017-01-26,10.63,1.3,,,,111.43194580078125,111.08894348144531,109.50627136230469
2017-01-27,10.58,1.27,,,,119.15711212158203,95.03227233886719,126.8260726928711
2017-01-30,11.88,1.27,,,,166.4895477294922,217.48719787597656,95.47673797607422
2017-01-31,11.99,1.26,,,,188.69056701660156,198.560302734375,183.05247497558594
2017-02-01,11.81,1.26,0.66,244.006,4.6,150.57125854492188,200.1437225341797,125.20471954345703
2017-02-02,11.93,1.27,,,,166.10296630859375,132.4733428955078,189.4214630126953
2017-02-03,10.97,1.28,,,,184.0315399169922,100.90579223632812,252.49618530273438
2017-02-06,11.37,1.26,,,,83.56026458740234,47.601749420166016,109.18753814697266
2017-02-07,11.29,1.24,,,,184.3418731689453,167.06768798828125,195.09133911132812
2017-02-08,11.45,1.19,,,,101.92516326904297,90.3212661743164,103.58818054199219
2017-02-09,10.88,1.2,,,,92.30064392089844,112.46466064453125,76.7508773803711
2017-02-10,10.85,1.21,,,,212.408935546875,221.83868408203125,185.03536987304688
2017-02-13,11.07,1.23,,,,132.0226287841797,71.79067993164062,169.66146850585938
2017-02-14,10.74,1.22,,,,185.8536376953125,87.19132232666016,272.72314453125
2017-02-15,11.97,1.24,,,,118.85968017578125,92.73429107666016,128.9159393310547
2017-02-16,11.76,1.23,,,,127.40645599365234,91.45027923583984,161.03253173828125
2017-02-17,11.49,1.21,,,,88.52149963378906,65.02559661865234,100.72727966308594
2017-02-20,,,,,,110.41893005371094,102.74044036865234,122.42239379882812
2017-02-21,11.57,1.21,,,,139.23226928710938,104.10276794433594,164.0159912109375
2017-02-22,11.74,1.2,,,,95.24954986572266,84.40565490722656,88.0033187866211
2017-02-23,11.71,1.2,,,,59.775657653808594,69.52360534667969,41.421112060546875
2017-02-24,11.47,1.19,,,,90.82076263427734,85.77587890625,87.44457244873047
2017-02-27,12.09,1.16,,,,81.36131286621094,92.6981430053711,67.65447998046875
2017-02-28,12.92,1.14,,,,69.56926727294922,106.70020294189453,53.399105072021484
2017-03-01,12.54,1.17,0.79,243.892,4.4,130.10084533691406,129.70037841796875,124.82646179199219
2017-03-02,11.81,1.17,,,,114.5424575805664,91.3519058227539,121.91442108154297
2017-03-03,10.96,1.17,,,,64.7708740234375,64.57150268554688,69.24730682373047
2017-03-06,11.24,1.18,,,,117.259033203125,140.27772521972656,126.75592803955078
2017-03-07,11.45,1.2,,,,141.88922119140625,152.33343505859375,127.06112670898438
2017-03-08,11.86,1.21,,,,111.12447357177734,63.30424118041992,149.6056365966797
2017-03-09,12.3,1.23,,,,123.0382308959961,75.48277282714844,141.6602020263672
2017-03-10,11.66,1.22,,,,71.80421447753906,57.26655197143555,79.60993194580078
2017-03-13,11.35,1.22,,,,78.47029876708984,67.05322265625,93.21501922607422
2017-03-14,12.3,1.2,,,,59.832916259765625,43.38090515136719,72.367919921875
2017-03-15,11.63,1.18,,,,95.8620834350586,127.42268371582031,70.85540008544922
2017-03-16,11.21,1.18,,,,80.57597351074219,62.477294921875,81.89065551757812
2017-03-17,11.28,1.17,,,,97.03926849365234,87.94596862792969,95.36231231689453
2017-03-20,11.34,1.17,,,,140.57020568847656,134.04458618164062,121.97064971923828
2017-03-21,12.47,1.16,,,,81.21882629394531,46.26789855957031,106.12799072265625
2017-03-22,12.81,1.13,,,,156.499267578125,124.81403350830078,199.5388641357422
2017-03-23,13.12,1.15,,,,131.1907958984375,158.81277465820312,101.29716491699219
2017-03-24,12.96,1.14,,,,177.37338256835938,258.0724182128906,79.72514343261719
2017-03-27,12.5,1.11,,,,116.55330657958984,122.31005096435547,122.42239379882812
2017-03-28,11.53,1.12,,,,87.32604217529297,104.46868896484375,77.45529174804688
2017-03-29,11.42,1.13,,,,93.54426574707031,76.79933166503906,100.66293334960938
2017-03-30,11.54,1.14,,,,75.62940216064453,70.37016296386719,83.8509521484375
2017-03-31,12.37,1.13,,,,118.13721466064453,141.3282928466797,78.58783721923828
2017-04-01,,,0.9,244.193,4.4,66.33427429199219,41.33130645751953,75.84365844726562
2017-04-03,12.38,1.11,,,,79.89495086669922,49.01478958129883,91.98713684082031
2017-04-04,11.79,1.11,,,,150.57125854492188,122.31005096435547,176.2140350341797
2017-04-05,12.89,1.1,,,,125.19940948486328,41.604679107666016,173.51205444335938
2017-04-06,12.39,1.1,,,,124.10195922851562,171.3045654296875,63.50440979003906
2017-04-07,12.87,1.09,,,,143.82296752929688,185.0067901611328,131.16685485839844
2017-04-10,14.05,1.08,,,,134.95645141601562,159.00306701660156,122.42239379882812
2017-04-11,15.07,1.08,,,,97.26019287109375,91.25724029541016,114.17632293701172
2017-04-12,15.77,1.04,,,,171.33970642089844,193.58729553222656,189.9657745361328
2017-04-13,15.96,1.03,,,,156.74610900878906,187.516357421875,147.71786499023438
2017-04-14,,,,,,123.9395980834961,78.62789154052734,140.53591918945312
2017-04-17,14.66,1.05,,,,111.51217651367188,91.55088806152344,109.0892562866211
2017-04-18,14.42,1.0,,,,106.6658706665039,59.076412200927734,137.97157287597656
2017-04-19,14.93,1.02,,,,152.96888732910156,136.72238159179688,175.44610595703125
2017-04-20,14.15,1.03,,,,178.77349853515625,73.38603210449219,279.8226013183594
2017-04-21,14.63,1.04,,,,130.75924682617188,86.90451049804688,154.0347442626953
2017-04-24,10.84,1.03,,,,142.7318115234375,118.57706451416016,158.24798583984375
2017-04-25,10.76,1.06,,,,61.82086181640625,61.63056945800781,51.405982971191406
2017-04-26,10.85,1.04,,,,92.1579818725586,61.249542236328125,102.17633819580078
2017-04-27,10.36,1.05,,,,104.49739837646484,93.7581787109375,104.27143859863281
2017-04-28,10.82,1.01,,,,126.36498260498047,116.97772979736328,142.60372924804688
2017-05-01,10.11,1.05,0.91,244.004,4.4,126.25030517578125,95.8946304321289,149.97299194335938
2017-05-02,10.59,1.02,,,,126.7417221069336,103.37857818603516,143.71324157714844
2017-05-03,10.68,1.03,,,,109.7222671508789,31.252727508544922,165.096435546875
2017-05-04,10.46,1.04,,,,95.95024108886719,127.53984832763672,60.7890510559082
2017-05-05,10.57,1.04,,,,76.30575561523438,44.74757766723633,89.57735443115234
2017-05-08,9.77,1.06,,,,72.8036880493164,48.38639450073242,90.80782318115234
2017-05-09,9.96,1.05,,,,77.81199645996094,77.57247924804688,64.70310974121094
2017-05-10,10.21,1.06,,,,123.99986267089844,117.7315902709961,127.65971374511719
2017-05-11,10.6,1.04,,,,99.90283203125,104.83718872070312,87.44457244873047
2017-05-12,10.4,1.04,,,,78.98820495605469,49.215667724609375,98.52174377441406
2017-05-15,10.42,1.03,,,,75.4284896850586,25.06543731689453,104.53524780273438
2017-05-16,10.65,1.04,,,,74.9207534790039,64.02012634277344,71.19880676269531
2017-05-17,15.59,0.96,,,,97.42845916748047,79.98823547363281,95.3115463256836
2017-05-18,14.66,0.96,,,,97.73103332519531,102.55811309814453,76.9892349243164
2017-05-19,12.04,0.95,,,,75.71583557128906,37.74138641357422,94.44012451171875
2017-05-22,10.93,0.96,,,,143.4822235107422,37.3149299621582,228.24514770507812
2017-05-23,10.72,0.98,,,,139.23226928710938,115.66975402832031,154.36798095703125
2017-05-24,10.02,0.97,,,,181.95040893554688,224.07041931152344,133.4977569580078
2017-05-25,9.99,0.95,,,,146.43972778320312,191.2958984375,117.57028198242188
2017-05-26,9.81,0.95,,,,218.0687255859375,289.8633117675781,172.6961669921875
2017-05-29,,,,,,103.30252838134766,164.77528381347656,91.62590789794922
2017-05-30,10.38,0.93,,,,128.18490600585938,107.61292266845703,123.41972351074219
2017-05-31,10.41,0.93,,,,157.74131774902344,213.41856384277344,93.69061279296875
2017-06-01,9.89,0.93,1.04,244.163,4.3,90.67247772216797,96.41960144042969,90.47640228271484
2017-06-02,9.75,0.87,,,,88.57132720947266,47.09263610839844,117.83973693847656
2017-06-05,10.07,0.86,,,,276.6095275878906,430.4516906738281,123.41972351074219
2017-06-06,10.45,0.84,,,,227.27735900878906,339.8666687011719,179.53883361816406
2017-06-07,10.39,0.86,,,,245.9568328857422,333.8890380859375,165.3572540283203
2017-06-08,10.16,0.86,,,,182.93284606933594,236.58778381347656,164.44798278808594
2017-06-09,10.7,0.86,,,,121.29351043701172,175.12576293945312,118.2489013671875
2017-06-12,11.46,0.86,,,,144.54840087890625,156.11209106445312,150.24566650390625
2017-06-13,10.42,0.83,,,,107.03875732421875,101.09300231933594,112.42872619628906
2017-06-14,10.64,0.8,,,,77.39643859863281,72.01432800292969,94.39109802246094
2017-06-15,10.9,0.81,,,,108.01850891113281,112.81391906738281,102.6523208618164
2017-06-16,10.38,0.84,,,,105.61810302734375,86.14881896972656,127.74510955810547
2017-06-19,10.37,0.83,,,,171.01210021972656,252.5714111328125,115.86823272705078
2017-06-20,10.86,0.8,,,,204.19937133789062,237.4993133544922,160.3649444580078
2017-06-21,10.75,0.8,,,,180.24266052246094,165.11856079101562,210.63853454589844
2017-06-22,10.48,0.81,,,,210.32177734375,219.20501708984375,206.68716430664062
2017-06-23,10.02,0.81,,,,107.30852508544922,111.62945556640625,93.10999298095703
2017-06-26,9.9,0.78,,,,128.3940887451172,89.5992202758789,149.4691925048828
2017-06-27,11.06,0.83,,,,106.09647369384766,141.0265350341797,78.42003631591797
2017-06-28,10.03,0.88,,,,110.05207824707031,120.6846694946289,82.36058044433594
2017-06-29,11.44,0.89,,,,103.35624694824219,92.73429107666016,103.13274383544922
2017-06-30,11.18,0.93,,,,102.60165405273438,77.93206787109375,113.75531768798828
2017-07-01,,,1.15,244.243,4.3,96.48255157470703,82.44477081298828,114.61180877685547
2017-07-03,11.22,0.94,,,,120.5723876953125,63.263816833496094,147.75115966796875
2017-07-04,,,,,,77.9427719116211,0.0,129.62371826171875
2017-07-05,11.07,0.92,,,,208.90066528320312,95.20349884033203,287.8580627441406
2017-07-06,12.54,0.97,,,,177.17137145996094,96.34146118164062,267.8609924316406
2017-07-07,11.19,0.99,,,,115.72289276123047,67.29723358154297,152.3597412109375
2017-07-10,11.11,0.98,,,,98.00495910644531,52.10842514038086,130.39071655273438
2017-07-11,10.89,1.0,,,,112.50230407714844,62.308895111083984,135.12660217285156
2017-07-12,10.3,0.98,,,,94.16999053955078,77.31304168701172,119.76103973388672
2017-07-13,9.9,0.98,,,,55.37727355957031,50.18801498413086,58.60646057128906
2017-07-14,9.51,0.98,,,,93.1047134399414,78.16263580322266,114.09187316894531
2017-07-17,9.82,0.95,,,,113.9952392578125,93.58946990966797,144.97389221191406
2017-07-18,9.89,0.91,,,,140.66104125976562,98.15965270996094,163.74969482421875
2017-07-19,9.79,0.9,,,,67.03340911865234,33.41353988647461,92.90062713623047
2017-07-20,9.58,0.9,,,,114.76612091064453,62.40701675415039,147.48524475097656
2017-07-21,9.36,0.88,,,,80.10476684570312,84.55573272705078,70.52783203125
2017-07-24,9.43,0.89,,,,53.321006774902344,26.578439712524414,66.50713348388672
2017-07-25,9.43,0.93,,,,100.20222473144531,70.51326751708984,117.63005828857422
2017-07-26,9.6,0.93,,,,125.10517883300781,86.76181030273438,153.7818145751953
2017-07-27,10.11,0.96,,,,107.20284271240234,128.2474365234375,98.05677032470703
2017-07-28,10.29,0.96,,,,113.88499450683594,98.72560119628906,107.05097198486328
2017-07-31,10.26,0.96,,,,170.75091552734375,149.7982940673828,204.4580078125
2017-08-01,10.09,0.92,1.16,245.183,4.4,198.3933563232422,143.84193420410156,219.9603729248047
2017-08-02,10.28,0.91,,,,145.28805541992188,57.93634033203125,193.2985076904297
2017-08-03,10.44,0.9,,,,135.8093719482422,58.86579513549805,186.57958984375
2017-08-04,10.03,0.91,,,,95.55484008789062,52.9226188659668,123.59953308105469
2017-08-07,9.93,0.9,,,,127.92436218261719,93.96991729736328,134.36602783203125
2017-08-08,10.96,0.93,,,,169.71409606933594,112.7944564819336,219.52401733398438
2017-08-09,11.11,0.91,,,,136.29527282714844,70.89169311523438,187.2471160888672
2017-08-10,16.04,0.87,,,,215.31689453125,110.07904815673828,330.5404357910156
2017-08-11,15.51,0.89,,,,145.5007781982422,77.3615493774414,217.7792205810547
2017-08-14,12.33,0.89,,,,202.68099975585938,189.42855834960938,200.1360321044922
2017-08-15,12.04,0.92,,,,232.3563690185547,201.94357299804688,247.70718383789062
2017-08-16,11.74,0.9,,,,159.36752319335938,102.13519287109375,198.7786102294922
2017-08-17,15.55,0.87,,,,102.84115600585938,64.75238037109375,126.02305603027344
2017-08-18,14.26,0.86,,,,138.9141387939453,159.7921600341797,106.6259536743164
2017-08-21,13.19,0.86,,,,177.33230590820312,254.57252502441406,129.7624969482422
2017-08-22,11.35,0.89,,,,250.00511169433594,311.5444641113281,228.67579650878906
2017-08-23,12.25,0.85,,,,149.3144073486328,143.34165954589844,165.546142578125
2017-08-24,12.23,0.86,,,,95.28536224365234,33.526611328125,139.82252502441406
2017-08-25,11.28,0.82,,,,86.63638305664062,60.966854095458984,101.70475769042969
2017-08-28,11.32,0.83,,,,126.38310241699219,92.83775329589844,132.74716186523438
2017-08-29,11.7,0.8,,,,85.88137817382812,61.155025482177734,102.01866149902344
2017-08-30,11.22,0.82,,,,142.64645385742188,94.80491638183594,184.51220703125
2017-08-31,10.59,0.79,,,,121.707763671875,73.85494995117188,176.0066375732422
2017-09-01,10.13,0.81,1.15,246.435,4.3,133.69107055664062,138.21583557128906,107.05097198486328
2017-09-04,,,,,,253.09506225585938,118.73694610595703,334.25439453125
2017-09-05,12.23,0.77,,,,188.14927673339844,90.94309997558594,246.53045654296875
2017-09-06,11.63,0.8,,,,202.4923858642578,113.87487030029297,267.6790466308594
2017-09-07,11.55,0.78,,,,152.65289306640625,111.60087585449219,169.24754333496094
2017-09-08,12.12,0.79,,,,132.6992950439453,107.79253387451172,163.4720458984375
2017-09-11,10.73,0.82,,,,63.70322799682617,69.280517578125,57.78679275512695
2017-09-12,10.58,0.84,,,,125.10517883300781,86.76181030273438,144.73583984375
2017-09-13,10.5,0.85,,,,138.88095092773438,133.32554626464844,145.4241180419922
2017-09-14,10.44,0.83,,,,84.80172729492188,31.70276641845703,114.58735656738281
2017-09-15,10.17,0.81,,,,120.09308624267578,59.86171340942383,149.791748046875
2017-09-18,10.15,0.83,,,,172.77781677246094,118.79033660888672,217.98231506347656
2017-09-19,10.18,0.84,,,,129.6927032470703,96.97012329101562,197.71316528320312
2017-09-20,9.78,0.83,,,,162.99935913085938,125.80462646484375,218.61141967773438
2017-09-21,9.67,0.82,,,,139.58956909179688,85.63685607910156,187.502685546875
2017-09-22,9.59,0.8,,,,107.4874496459961,77.93206787109375,130.00607299804688
2017-09-25,10.21,0.78,,,,55.39410400390625,33.134159088134766,64.48670959472656
2017-09-26,10.17,0.79,,,,133.39198303222656,210.55386352539062,157.13612365722656
2017-09-27,9.87,0.84,,,,132.11126708984375,136.5825653076172,146.47288513183594
2017-09-28,9.55,0.86,,,,150.35079956054688,116.04232788085938,153.25204467773438
2017-09-29,9.51,0.86,,,,72.12433624267578,10.271761894226074,119.9472885131836
2017-10-01,,,1.15,246.626,4.2,60.6419677734375,30.22765350341797,100.85139465332031
2017-10-02,9.45,0.85,,,,148.87945556640625,176.25015258789062,147.01002502441406
2017-10-03,9.51,0.86,,,,90.38383483886719,117.13731384277344,82.67269134521484
2017-10-04,9.63,0.86,,,,108.68004608154297,95.34405517578125,115.67469787597656
2017-10-05,9.19,0.86,,,,83.91305541992188,47.80271911621094,112.97120666503906
2017-10-06,9.65,0.83,,,,151.4772186279297,79.47945404052734,212.139892578125
2017-10-09,10.33,,,,,61.34384536743164,9.408465385437012,94.17107391357422
2017-10-10,10.08,0.84,,,,95.95598602294922,83.18315887451172,97.13615417480469
2017-10-11,9.85,0.84,,,,115.2568588256836,25.533798217773438,177.4809112548828
2017-10-12,9.91,0.82,,,,85.92912292480469,85.66462707519531,92.88858032226562
2017-10-13,9.61,0.77,,,,68.34180450439453,48.0927848815918,86.91395568847656
2017-10-16,9.91,0.76,,,,111.01097869873047,115.0960464477539,118.1556625366211
2017-10-17,10.31,0.76,,,,108.01850891113281,98.71218872070312,142.2162322998047
2017-10-18,10.07,0.75,,,,118.03402709960938,189.7914581298828,88.65069580078125
2017-10-19,10.05,0.75,,,,121.04388427734375,80.4475326538086,154.33273315429688
2017-10-20,9.97,0.79,,,,72.2603759765625,45.497650146484375,88.54891204833984
2017-10-23,11.07,0.8,,,,104.00526428222656,93.31661987304688,121.07709503173828
2017-10-24,11.16,0.82,,,,110.12525177001953,52.69741439819336,139.1903533935547
2017-10-25,11.23,0.83,,,,119.0936508178711,79.15137481689453,139.37570190429688
2017-10-26,11.3,0.83,,,,83.75645446777344,25.049592971801758,125.36300659179688
2017-10-27,9.8,0.83,,,,94.87067413330078,63.05243682861328,124.90589904785156
2017-10-30,10.5,0.79,,,,97.42845916748047,87.41571044921875,89.11630249023438
2017-10-31,10.18,0.78,,,,68.25345611572266,81.65203857421875,52.971229553222656
2017-11-01,10.2,0.76,1.16,247.284,4.2,75.8603286743164,58.82086181640625,77.09806823730469
2017-11-02,9.93,0.74,,,,188.31134033203125,307.19732666015625,85.41097259521484
2017-11-03,9.14,0.71,,,,88.22819519042969,63.96845245361328,93.37300872802734
2017-11-06,9.4,0.71,,,,132.50270080566406,118.42987060546875,151.97262573242188
2017-11-07,9.89,0.69,,,,113.52740478515625,72.75726318359375,148.34536743164062
2017-11-08,9.78,0.67,,,,181.0870361328125,105.67588806152344,257.0870361328125
2017-11-09,10.5,0.7,,,,109.60702514648438,72.84642791748047,135.0247039794922
2017-11-10,11.29,0.73,,,,107.6008071899414,114.93170928955078,108.64631652832031
2017-11-13,11.5,0.7,,,,83.04486846923828,101.1868667602539,69.05441284179688
2017-11-14,11.59,0.7,,,,111.65958404541016,98.94745635986328,158.1862335205078
2017-11-15,13.13,0.65,,,,71.92547607421875,95.60543823242188,66.45365142822266
2017-11-16,11.76,0.65,,,,119.26782989501953,38.35506820678711,179.1547088623047
2017-11-17,11.43,0.62,,,,49.271602630615234,22.67074203491211,81.94175720214844
2017-11-20,10.65,0.6,,,,57.03129577636719,9.475957870483398,86.94273376464844
2017-11-21,9.73,0.59,,,,144.8372344970703,121.10247039794922,194.2527313232422
2017-11-22,9.88,0.58,,,,143.44000244140625,80.4366455078125,186.36697387695312
2017-11-23,,,,,,48.649192810058594,52.908485412597656,44.13090133666992
2017-11-24,9.67,0.59,,,,74.12738800048828,92.3740234375,61.63924789428711
2017-11-27,9.87,0.58,,,,164.1797332763672,182.93019104003906,136.52059936523438
2017-11-28,10.03,0.59,,,,101.45014190673828,17.58919334411621,154.04681396484375
2017-11-29,10.7,0.59,,,,99.85459899902344,51.937686920166016,129.96348571777344
2017-11-30,11.28,0.64,,,,111.56315612792969,42.776832580566406,171.2644805908203
2017-12-01,11.43,0.59,1.3,247.805,4.1,110.03947448730469,45.3934211730957,151.45037841796875
2017-12-04,11.68,0.57,,,,64.41104125976562,64.21277618408203,68.86259460449219
2017-12-05,11.33,0.53,,,,133.23780822753906,100.76583862304688,145.17495727539062
2017-12-06,11.02,0.55,,,,109.0212173461914,58.52303695678711,146.4419708251953
2017-12-07,10.16,0.57,,,,64.61444854736328,8.58874225616455,100.29402923583984
2017-12-08,9.58,0.58,,,,89.091064453125,121.11386108398438,80.81674194335938
2017-12-11,9.34,0.57,,,,142.69522094726562,91.45027923583984,161.03253173828125
2017-12-12,9.92,0.57,,,,97.67827606201172,118.54666900634766,77.69113159179688
2017-12-13,10.18,0.57,,,,80.26045227050781,65.46550750732422,91.0078353881836
2017-12-14,10.49,0.53,,,,104.08340454101562,45.11436080932617,135.4674072265625
2017-12-15,9.42,0.51,,,,90.98188018798828,82.45621490478516,123.79792785644531
2017-12-18,9.53,0.55,,,,67.39183044433594,41.344242095947266,103.4555435180664
2017-12-19,10.03,0.59,,,,78.6366195678711,48.99660873413086,98.0832290649414
2017-12-20,9.72,0.62,,,,93.0496597290039,64.93427276611328,108.32318878173828
2017-12-21,9.62,0.59,,,,94.13250732421875,35.74961853027344,134.18421936035156
2017-12-22,9.9,0.57,,,,69.98382568359375,37.209815979003906,93.10999298095703
2017-12-25,,,,,,73.61261749267578,36.693016052246094,122.42239379882812
2017-12-26,10.25,0.55,,,,97.9522705078125,124.28279876708984,74.0457992553711
2017-12-27,10.47,0.53,,,,115.55469512939453,65.8280029296875,137.2676239013672
2017-12-28,10.18,0.52,,,,128.48069763183594,111.37845611572266,130.06088256835938
2017-12-29,11.04,0.51,,,,121.5621109008789,171.6829071044922,67.38847351074219
2018-01-01,,,1.41,248.859,4.0,96.5763168334961,57.76742935180664,112.42872619628906
2018-01-02,9.77,0.54,,,,188.69056701660156,94.05487823486328,278.9371032714844
2018-01-03,9.15,0.5,,,,138.02365112304688,147.4272918701172,172.156494140625
2018-01-04,9.22,0.5,,,,146.35792541503906,77.81729125976562,194.721923828125
2018-01-05,9.22,0.51,,,,66.51741790771484,88.41690063476562,58.998741149902344
2018-01-08,9.52,0.53,,,,82.1722183227539,92.15919494628906,68.32877349853516
2018-01-09,10.08,0.57,,,,77.14198303222656,63.33314514160156,90.55902862548828
2018-01-10,9.82,0.57,,,,71.72000122070312,44.68702697753906,82.00146484375
2018-01-11,9.88,0.56,,,,95.51309204101562,60.59396743774414,108.30290222167969
2018-01-12,10.16,0.56,,,,167.51290893554688,116.89810180664062,222.86756896972656
2018-01-15,,,,,,58.96156311035156,53.436431884765625,62.39976119995117
2018-01-16,11.66,0.51,,,,58.74949645996094,45.05281448364258,60.12559509277344
2018-01-17,11.91,0.52,,,,128.2569580078125,79.36273193359375,154.45814514160156
2018-01-18,12.22,0.57,,,,82.81419372558594,137.5988006591797,91.8167953491211
2018-01-19,11.27,0.58,,,,102.11367797851562,105.87133026123047,88.30714416503906
2018-01-22,11.03,0.58,,,,129.9990234375,153.59866333007812,96.08734893798828
2018-01-23,11.1,0.57,,,,129.00125122070312,110.23213958740234,153.24081420898438
2018-01-24,11.47,0.57,,,,136.3526611328125,143.92901611328125,153.3985137939453
2018-01-25,11.58,0.55,,,,82.48857879638672,34.625125885009766,108.30290222167969
2018-01-26,11.08,0.53,,,,65.83985137939453,57.43254089355469,88.96533966064453
2018-01-29,13.84,0.59,,,,76.4438705444336,101.6114273071289,50.852378845214844
2018-01-30,14.79,0.6,,,,95.8901138305664,69.52360534667969,101.4817123413086
2018-01-31,13.54,0.58,,,,102.40994262695312,117.80158996582031,111.35924530029297
2018-02-01,13.47,0.62,1.42,249.529,4.1,52.32488250732422,48.151222229003906,73.6319351196289
2018-02-02,17.31,0.69,,,,30.99478530883789,23.174535751342773,45.102989196777344
2018-02-05,37.32,0.69,,,,84.5761947631836,84.31585693359375,78.14195251464844
2018-02-06,29.98,0.69,,,,56.73699188232422,34.80760192871094,79.84069061279297
2018-02-07,27.73,0.69,,,,76.4438705444336,59.27333450317383,77.69113159179688
2018-02-08,33.46,0.72,,,,93.48350524902344,72.93580627441406,101.39278411865234
2018-02-09,29.06,0.78,,,,72.09941864013672,55.90471267700195,79.9372329711914
2018-02-12,25.61,0.77,,,,124.49918365478516,124.115966796875,147.892822265625
2018-02-13,24.97,0.73,,,,73.42066192626953,68.88909912109375,79.0079345703125
2018-02-14,19.26,0.74,,,,37.50076675415039,24.92355728149414,41.577415466308594
2018-02-15,19.13,0.71,,,,69.69510650634766,40.870933532714844,95.4531021118164
2018-02-16,19.46,0.66,,,,53.116973876953125,48.139522552490234,48.18374252319336
2018-02-19,,,,,,91.53900146484375,57.03577423095703,142.7204132080078
2018-02-20,20.6,0.63,,,,91.38117980957031,100.20988464355469,75.98631286621094
2018-02-21,20.02,0.68,,,,72.11685943603516,28.757951736450195,95.94788360595703
2018-02-22,18.72,0.67,,,,53.79000473022461,53.62443542480469,44.72807312011719
2018-02-23,16.49,0.63,,,,74.92713165283203,78.62789154052734,72.14176940917969
2018-02-26,15.8,0.64,,,,90.38383483886719,45.05281448364258,120.25119018554688
2018-02-27,18.59,0.63,,,,65.59539794921875,37.36771011352539,77.9208984375
2018-02-28,19.85,0.62,,,,70.12908172607422,57.57558822631836,89.18692016601562
2018-03-01,22.47,0.59,1.51,249.577,4.0,93.70771789550781,112.10313415527344,70.1288070678711
2018-03-02,19.59,0.61,,,,151.3148193359375,48.92401885986328,224.4410400390625
2018-03-05,18.73,0.64,,,,108.14913177490234,79.86387634277344,119.90584564208984
2018-03-06,18.36,0.63,,,,88.45307922363281,44.09040451049805,110.32725524902344
2018-03-07,17.76,0.64,,,,134.17996215820312,58.52303695678711,195.25596618652344
2018-03-08,16.54,0.61,,,,106.09647369384766,39.17403793334961,150.30506896972656
2018-03-09,14.64,0.63,,,,101.20653533935547,62.089237213134766,135.94496154785156
2018-03-12,15.78,0.6,,,,135.9002227783203,42.33809280395508,197.75926208496094
2018-03-13,16.35,0.58,,,,119.58728790283203,63.58356475830078,145.84617614746094
2018-03-14,17.23,0.55,,,,94.99882507324219,24.706018447875977,151.11990356445312
2018-03-15,16.59,0.53,,,,189.4098358154297,75.53072357177734,287.0003967285156
2018-03-16,15.8,0.54,,,,173.33203125,38.39966583251953,275.45037841796875
2018-03-19,19.02,0.54,,,,95.18872833251953,66.42700958251953,110.8133773803711
2018-03-20,18.2,0.55,,,,134.78366088867188,62.01636505126953,181.0471954345703
2018-03-21,17.86,0.58,,,,171.2620086669922,107.83252716064453,232.3527069091797
2018-03-22,23.34,0.54,,,,162.07073974609375,110.34176635742188,184.0718536376953
2018-03-23,24.87,0.54,,,,84.1159896850586,71.87748718261719,93.2601089477539
2018-03-26,21.03,0.52,,,,81.37810516357422,38.177703857421875,103.49291229248047
2018-03-27,22.5,0.52,,,,90.82076263427734,95.30653381347656,119.24259185791016
2018-03-28,22.87,0.49,,,,91.53147888183594,86.90451049804688,101.4817123413086
2018-03-29,19.97,0.47,,,,176.90615844726562,105.81697082519531,213.2993621826172
2018-03-30,,,,,,48.476600646972656,32.218257904052734,62.70415496826172
2018-04-01,,,1.69,250.227,4.0,44.865478515625,44.727378845214844,37.30704879760742
2018-04-02,23.62,0.48,,,,139.22386169433594,105.29299926757812,151.6973114013672
2018-04-03,21.1,0.51,,,,105.72024536132812,120.45123291015625,83.72351837158203
2018-04-04,20.06,0.51,,,,70.6681137084961,79.25691223144531,58.76274871826172
2018-04-05,18.94,0.53,,,,69.10179901123047,34.444549560546875,93.37300872802734
2018-04-06,21.49,0.5,,,,100.5026626586914,104.20104217529297,120.34239959716797
2018-04-09,21.77,0.49,,,,102.21106719970703,120.4230728149414,115.89777374267578
2018-04-10,20.47,0.48,,,,213.29278564453125,234.33383178710938,188.21839904785156
2018-04-11,20.24,0.47,,,,102.49281311035156,49.04512023925781,136.361572265625
2018-04-12,18.49,0.49,,,,296.52142333984375,320.9465637207031,302.9249572753906
2018-04-13,17.41,0.45,,,,117.60595703125,93.795166015625,136.91024780273438
2018-04-16,16.56,0.44,,,,194.28549194335938,193.68746948242188,226.17626953125
2018-04-17,15.25,0.41,,,,178.36903381347656,59.27333450317383,261.3247375488281
2018-04-18,15.6,0.45,,,,234.35853576660156,26.958131790161133,367.2671813964844
2018-04-19,15.96,0.48,,,,214.136962890625,174.26760864257812,225.3024139404297
2018-04-20,16.88,0.5,,,,71.06819915771484,31.4886417388916,91.92622375488281
2018-04-23,16.34,0.49,,,,88.52149963378906,74.3149642944336,100.72727966308594
2018-04-24,18.02,0.52,,,,150.57125854492188,58.106239318847656,218.09854125976562
2018-04-25,17.84,0.54,,,,193.12814331054688,117.19442749023438,244.37928771972656
2018-04-26,16.24,0.51,,,,146.26922607421875,85.77587890625,207.48211669921875
2018-04-27,15.41,0.47,,,,91.80326080322266,53.387062072753906,114.50593566894531
2018-04-30,15.93,0.46,,,,134.5440673828125,111.00408172607422,138.88255310058594
2018-05-01,15.49,0.47,1.7,250.792,3.8,155.34799194335938,72.87992095947266,197.5644073486328
2018-05-02,15.97,0.48,,,,186.62353515625,160.6787567138672,239.82876586914062
2018-05-03,15.9,0.45,,,,125.34039306640625,44.62664031982422,193.55972290039062
2018-05-04,14.77,0.44,,,,139.01663208007812,23.758068084716797,217.98231506347656
2018-05-07,14.75,0.46,,,,79.70087432861328,39.72777557373047,99.41065979003906
2018-05-08,14.71,0.46,,,,125.366455078125,48.06945037841797,168.39761352539062
2018-05-09,13.42,0.46,,,,284.1881103515625,132.8031463623047,413.5447998046875
2018-05-10,13.23,0.43,,,,233.39476013183594,73.47673797607422,367.7211608886719
2018-05-11,12.65,0.43,,,,163.6328582763672,79.57521057128906,225.67018127441406
2018-05-14,12.93,0.45,,,,125.73249816894531,77.13567352294922,184.97396850585938
2018-05-15,14.63,0.5,,,,112.64398956298828,66.54652404785156,159.58082580566406
2018-05-16,13.42,0.51,,,,150.57125854492188,123.61817932128906,147.29966735839844
2018-05-17,13.43,0.54,,,,152.6919708251953,67.65421295166016,218.66738891601562
2018-05-18,13.42,0.51,,,,92.46244812011719,80.1546401977539,106.97102355957031
2018-05-21,13.08,0.48,,,,125.66645050048828,60.13422775268555,175.55259704589844
2018-05-22,13.22,0.47,,,,81.85124206542969,28.79975128173828,120.10917663574219
2018-05-23,12.58,0.48,,,,179.17031860351562,99.69422912597656,214.81666564941406
2018-05-24,12.53,0.48,,,,153.59022521972656,16.553239822387695,248.5266571044922
2018-05-25,13.22,0.45,,,,140.5561981201172,37.87123107910156,214.80075073242188
2018-05-28,,,,,,102.57495880126953,36.091487884521484,140.48471069335938
2018-05-29,17.02,0.45,,,,71.2380142211914,10.145533561706543,110.01091003417969
2018-05-30,14.94,0.42,,,,141.90927124023438,105.09382629394531,202.2891387939453
2018-05-31,15.43,0.43,,,,92.13764190673828,104.97604370117188,80.26368713378906
2018-06-01,13.46,0.42,1.82,251.018,4.0,186.23287963867188,63.203277587890625,263.5888977050781
2018-06-04,12.74,0.42,,,,146.1427001953125,29.13857078552246,218.74002075195312
2018-06-05,12.4,0.43,,,,178.0370330810547,64.54145812988281,242.25277709960938
2018-06-06,11.64,0.45,,,,108.60877227783203,33.31521987915039,159.7820587158203
2018-06-07,12.13,0.43,,,,88.7294921875,42.12208557128906,119.45552825927734
2018-06-08,12.18,0.43,,,,116.16471099853516,44.82857131958008,155.7977294921875
2018-06-11,12.35,0.44,,,,135.01004028320312,48.06945037841797,192.4544219970703
2018-06-12,12.34,0.42,,,,155.8855438232422,69.06920623779297,208.8382110595703
2018-06-13,12.94,0.39,,,,140.87469482421875,56.176429748535156,200.8143768310547
2018-06-14,12.12,0.35,,,,188.4875030517578,135.93295288085938,220.09352111816406
2018-06-15,11.98,0.38,,,,69.98382568359375,23.256135940551758,96.98957061767578
2018-06-18,12.31,0.36,,,,47.07783508300781,34.13303756713867,56.94064712524414
2018-06-19,13.35,0.35,,,,99.42222595214844,36.04225158691406,142.7982940673828
2018-06-20,12.79,0.37,,,,121.3394775390625,72.57958984375,141.25660705566406
2018-06-21,14.64,0.34,,,,93.59835052490234,73.02540588378906,121.82080078125
2018-06-22,13.77,0.34,,,,57.31085968017578,22.85378074645996,82.60334014892578
2018-06-25,17.33,0.33,,,,87.7807388305664,64.4814453125,107.56778717041016
2018-06-26,15.92,0.35,,,,137.2349395751953,56.61207580566406,212.49029541015625
2018-06-27,17.91,0.31,,,,130.60302734375,63.12776565551758,164.54623413085938
2018-06-28,16.85,0.32,,,,88.44233703613281,64.12371826171875,100.28533935546875
2018-06-29,16.09,0.33,,,,141.04144287109375,98.80512237548828,164.8264617919922
2018-07-01,,,1.91,251.214,3.8,59.28532791137695,44.32713317871094,61.62200927734375
2018-07-02,15.6,0.3,,,,123.02521514892578,72.6794204711914,143.976806640625
2018-07-03,16.14,0.3,,,,146.81739807128906,137.2176513671875,129.71347045898438
2018-07-04,,,,,,49.220916748046875,19.627763748168945,65.48597717285156
2018-07-05,14.97,0.29,,,,119.5712890625,97.12857055664062,117.83973693847656
2018-07-06,13.37,0.29,,,,128.33192443847656,63.96845245361328,166.73751831054688
2018-07-09,12.69,0.29,,,,170.4659423828125,174.5342254638672,137.916748046875
2018-07-10,12.64,0.28,,,,121.88159942626953,78.11128234863281,144.78338623046875
2018-07-11,13.63,0.27,,,,125.24701690673828,68.88909912109375,150.8333282470703
2018-07-12,12.58,0.25,,,,172.8645782470703,88.17010498046875,247.37049865722656
2018-07-13,12.18,0.24,,,,125.4760513305664,164.4037628173828,119.24259185791016
2018-07-16,12.83,0.26,,,,168.76254272460938,115.36668395996094,232.54908752441406
2018-07-17,12.06,0.24,,,,100.79735565185547,91.3519058227539,114.29476928710938
2018-07-18,12.1,0.28,,,,88.57132720947266,44.149349212646484,117.83973693847656
2018-07-19,12.87,0.24,,,,143.0528564453125,169.3523712158203,118.95292663574219
2018-07-20,12.86,0.29,,,,54.0997200012207,16.594829559326172,76.12950134277344
2018-07-23,12.62,0.32,,,,161.70819091796875,87.9329605102539,195.58607482910156
2018-07-24,12.41,0.32,,,,161.12632751464844,94.48844909667969,189.15048217773438
2018-07-25,12.29,0.28,,,,105.160888671875,69.8914566040039,153.02798461914062
2018-07-26,12.14,0.29,,,,107.8719482421875,161.3098602294922,82.22399139404297
2018-07-27,13.03,0.29,,,,119.3347396850586,106.66043853759766,143.71324157714844
2018-07-30,14.26,0.32,,,,118.85968017578125,51.51905059814453,154.69911193847656
2018-07-31,12.83,0.29,,,,109.94091796875,76.24522399902344,119.24259185791016
2018-08-01,13.15,0.33,1.91,251.663,3.8,140.02928161621094,61.07423400878906,189.21295166015625
2018-08-02,12.19,0.32,,,,121.88159942626953,78.11128234863281,144.78338623046875
2018-08-03,11.64,0.32,,,,147.8824920654297,42.12208557128906,231.88424682617188
2018-08-06,11.27,0.3,,,,162.54562377929688,111.75537109375,177.10853576660156
2018-08-07,10.93,0.3,,,,200.45794677734375,89.92842102050781,258.3649597167969
2018-08-08,10.85,0.28,,,,129.0610809326172,66.71456909179688,166.93963623046875
2018-08-09,11.27,0.29,,,,170.8864288330078,34.94572830200195,262.3337097167969
2018-08-10,13.16,0.26,,,,121.93501281738281,64.83182525634766,162.22845458984375
2018-08-13,14.78,0.27,,,,142.4760284423828,81.16426849365234,169.24754333496094
2018-08-14,13.31,0.26,,,,136.3998565673828,77.7028579711914,186.33409118652344
2018-08-15,14.64,0.25,,,,111.38750457763672,67.59239196777344,128.8656768798828
2018-08-16,13.45,0.24,,,,128.16482543945312,88.45637512207031,155.76063537597656
2018-08-17,12.64,0.26,,,,107.13349151611328,34.17719268798828,156.7893524169922
2018-08-20,12.49,0.22,,,,106.85701751708984,168.2022705078125,112.23784637451172
2018-08-21,12.86,0.24,,,,152.000732421875,52.25271224975586,209.2028045654297
2018-08-22,12.25,0.22,,,,119.32880401611328,66.61843872070312,158.76101684570312
2018-08-23,12.41,0.21,,,,120.28876495361328,147.59201049804688,123.10631561279297
2018-08-24,11.99,0.19,,,,44.46399688720703,35.461708068847656,51.76248550415039
2018-08-27,12.16,0.18,,,,109.45875549316406,57.43254089355469,182.03677368164062
2018-08-28,12.5,0.21,,,,134.43862915039062,32.16595458984375,214.63665771484375
2018-08-29,12.25,0.22,,,,139.90408325195312,143.97259521484375,165.1201171875
2018-08-30,13.53,0.22,,,,86.16505432128906,38.177703857421875,119.41490173339844
2018-08-31,12.86,0.24,,,,62.03310012817383,41.22810745239258,68.77662658691406
2018-09-01,,,1.95,252.182,3.7,80.2463150024414,115.19900512695312,58.72004318237305
2018-09-03,,,,,,94.16999053955078,55.22359848022461,119.76103973388672
2018-09-04,13.16,0.24,,,,14.36084270477295,9.544425964355469,15.92198657989502
2018-09-05,13.91,0.24,,,,85.92912292480469,102.79754638671875,64.30747985839844
2018-09-06,14.65,0.24,,,,97.68965911865234,35.41416931152344,132.9251251220703
2018-09-07,14.88,0.23,,,,87.86651611328125,35.038421630859375,124.2083969116211
2018-09-10,14.16,0.21,,,,55.42262268066406,25.50093650817871,70.9010009765625
2018-09-11,13.22,0.22,,,,81.84497833251953,120.24239349365234,35.819297790527344
2018-09-12,13.14,0.23,,,,80.89298248291016,80.64398956298828,67.26505279541016
2018-09-13,12.37,0.21,,,,68.56543731689453,51.26578903198242,99.77503967285156
2018-09-14,12.07,0.21,,,,118.30599212646484,76.09150695800781,133.28244018554688
2018-09-17,13.68,0.21,,,,91.08362579345703,19.11647605895996,143.50526428222656
2018-09-18,12.79,0.24,,,,105.00934600830078,47.584598541259766,134.94688415527344
2018-09-19,11.75,0.27,,,,58.6295166015625,16.699729919433594,90.53994750976562
2018-09-20,11.8,0.26,,,,107.92826843261719,24.82986068725586,165.6844482421875
2018-09-21,11.68,0.26,,,,113.79048919677734,92.43278503417969,119.15156555175781
2018-09-24,12.2,0.25,,,,143.44000244140625,116.186279296875,193.8216552734375
2018-09-25,12.42,0.27,,,,95.44012451171875,55.50204086303711,125.6556396484375
2018-09-26,12.89,0.23,,,,110.15664672851562,7.844112873077393,176.65464782714844
2018-09-27,12.41,0.23,,,,73.69881439208984,23.201671600341797,103.2132568359375
2018-09-28,12.12,0.24,,,,81.45658111572266,15.467780113220215,122.56574249267578
2018-10-01,12.0,0.27,2.19,252.772,3.8,120.77069091796875,128.99888610839844,100.42461395263672
2018-10-02,12.05,0.23,,,,36.00617218017578,35.89533996582031,29.94025993347168
2018-10-03,11.61,0.3,,,,94.41998291015625,78.44112396240234,130.85528564453125
2018-10-04,14.22,0.32,,,,69.01182556152344,48.56428527832031,87.76605987548828
2018-10-05,14.82,0.35,,,,78.21883392333984,54.58464813232422,110.57039642333984
2018-10-08,15.69,,,,,49.10814666748047,35.605079650878906,51.971771240234375
2018-10-09,15.95,0.33,,,,95.87750244140625,19.11647605895996,143.50526428222656
2018-10-10,22.96,0.34,,,,104.19609832763672,112.53166198730469,101.08270263671875
2018-10-11,24.98,0.29,,,,130.70550537109375,57.00764465332031,176.61428833007812
2018-10-12,21.31,0.3,,,,87.06867980957031,31.56388282775879,125.05513000488281
2018-10-15,21.3,0.31,,,,122.86271667480469,47.109432220458984,172.89324951171875
2018-10-16,17.62,0.29,,,,134.61813354492188,105.4458236694336,143.9218292236328
2018-10-17,17.4,0.3,,,,117.82046508789062,18.070432662963867,188.40655517578125
2018-10-18,20.06,0.3,,,,127.05738830566406,126.66629028320312,120.74537658691406
2018-10-19,19.89,0.28,,,,106.1982192993164,48.86369323730469,135.85716247558594
2018-10-22,19.64,0.28,,,,83.91838073730469,8.806323051452637,132.2161865234375
2018-10-23,20.71,0.28,,,,108.8228530883789,86.79031372070312,130.30503845214844
2018-10-24,25.23,0.26,,,,127.58169555664062,63.5944938659668,204.5986328125
2018-10-25,24.22,0.28,,,,141.05126953125,127.83372497558594,135.05953979492188
2018-10-26,24.16,0.27,,,,159.10116577148438,89.47311401367188,196.75027465820312
2018-10-29,24.7,0.27,,,,94.36099243164062,69.31513977050781,99.11257934570312
2018-10-30,23.35,0.28,,,,109.74150848388672,89.14376831054688,114.91181182861328
2018-10-31,21.23,0.28,,,,81.52692413330078,102.66439056396484,114.17632293701172
2018-11-01,19.34,0.3,2.2,252.594,3.8,101.45014190673828,61.56217956542969,117.3689956665039
2018-11-02,19.51,0.31,,,,103.39347076416016,31.715450286865234,158.722900390625
2018-11-05,19.96,0.29,,,,114.6827621459961,35.17838668823242,176.0535125732422
2018-11-06,19.91,0.29,,,,62.58562469482422,35.65312957763672,81.78013610839844
2018-11-07,16.36,0.26,,,,140.43304443359375,32.94136047363281,206.07261657714844
2018-11-08,16.72,0.26,,,,60.81825637817383,64.67312622070312,60.68674087524414
2018-11-09,17.36,0.25,,,,114.37254333496094,118.24347686767578,126.80579376220703
2018-11-12,20.45,,,,,42.7428092956543,63.91686248779297,26.6564884185791
2018-11-13,20.02,0.25,,,,142.2847900390625,97.51969146728516,162.68209838867188
2018-11-14,21.25,0.26,,,,33.37599563598633,24.954946517944336,34.69148254394531
2018-11-15,19.98,0.25,,,,106.85701751708984,57.36128616333008,157.20494079589844
2018-11-16,18.14,0.27,,,,44.5455322265625,24.2227725982666,67.34728240966797
2018-11-19,20.1,0.27,,,,55.67340850830078,37.00135803222656,61.72557830810547
2018-11-20,22.48,0.27,,,,58.04248809814453,24.798782348632812,89.63341522216797
2018-11-21,20.8,0.25,,,,84.62763977050781,72.314697265625,113.9332504272461
2018-11-22,,,,,,58.45708084106445,0.0,97.21778869628906
2018-11-23,21.52,0.24,,,,135.29591369628906,95.72090911865234,174.1978759765625
2018-11-26,18.9,0.23,,,,101.25752258300781,105.7527847290039,112.26507568359375
2018-11-27,19.02,0.23,,,,129.9046173095703,92.5033950805664,162.02963256835938
2018-11-28,18.49,0.25,,,,100.890380859375,50.2899169921875,146.81365966796875
2018-11-29,18.79,0.22,,,,96.0164566040039,63.81393814086914,119.76103973388672
2018-11-30,18.07,0.21,,,,142.18678283691406,30.648456573486328,223.68359375
2018-12-01,,,2.27,252.767,3.9,53.17625045776367,6.2367730140686035,88.43543243408203
2018-12-03,16.44,0.15,,,,50.19042205810547,45.487205505371094,45.528987884521484
2018-12-04,20.74,0.11,,,,99.66178131103516,37.84952926635742,134.1735382080078
2018-12-05,,,,,,103.38850402832031,24.73686408996582,151.30857849121094
2018-12-06,21.19,0.12,,,,131.27745056152344,113.423583984375,160.10325622558594
2018-12-07,23.23,0.13,,,,196.083984375,124.77474212646484,235.90208435058594
2018-12-10,22.64,0.13,,,,90.9520034790039,28.633275985717773,135.33688354492188
2018-12-11,21.76,0.11,,,,95.38807678222656,60.5146598815918,122.58263397216797
2018-12-12,21.46,0.14,,,,85.98194885253906,54.137229919433594,112.88949584960938
2018-12-13,20.65,0.16,,,,132.15029907226562,114.17772674560547,131.8645477294922
2018-12-14,21.63,0.16,,,,120.08057403564453,99.07113647460938,144.6114501953125
2018-12-17,24.52,0.16,,,,72.8036880493164,51.84256362915039,86.48363494873047
2018-12-18,25.58,0.17,,,,72.2216796875,38.39966583251953,88.08006286621094
2018-12-19,25.58,0.14,,,,62.3332633972168,26.63202667236328,81.45037841796875
2018-12-20,28.38,0.12,,,,162.69090270996094,108.12674713134766,195.40818786621094
2018-12-21,30.11,0.16,,,,210.32177734375,157.2557830810547,247.7595977783203
2018-12-24,36.07,0.19,,,,111.24295043945312,123.22280883789062,92.50199890136719
2018-12-25,,,,,,65.59539794921875,98.09024047851562,27.272314071655273
2018-12-26,30.41,0.2,,,,63.09653091430664,62.902313232421875,52.466739654541016
2018-12-27,29.96,0.21,,,,30.22415542602539,12.052450180053711,40.211734771728516
2018-12-28,28.34,0.2,,,,102.00775909423828,64.22764587402344,133.9304962158203
2018-12-31,25.42,0.21,,,,86.68401336669922,86.41719055175781,113.2693099975586
2019-01-01,,,2.4,252.561,4.0,83.74468994140625,92.76324462890625,77.37370300292969
2019-01-02,23.22,0.16,,,,189.860595703125,99.6190414428711,249.2763671875
2019-01-03,25.45,0.17,,,,9.491598129272461,9.462382316589355,7.892561435699463
2019-01-04,21.38,0.17,,,,99.0169677734375,62.81684112548828,112.2759780883789
2019-01-07,21.4,0.17,,,,83.16069793701172,46.05817794799805,99.8843765258789
2019-01-08,20.47,0.15,,,,67.88048553466797,27.068614959716797,90.31159210205078
2019-01-09,19.98,0.18,,,,106.42787170410156,79.57521057128906,132.74716186523438
2019-01-10,19.5,0.18,,,,76.83790588378906,42.556331634521484,92.29006958007812
2019-01-11,18.19,0.16,,,,101.2398452758789,113.03960418701172,127.9598388671875
2019-01-14,19.07,0.18,,,,89.27487182617188,46.84214401245117,117.21292114257812
2019-01-15,18.6,0.19,,,,102.54247283935547,35.557159423828125,140.87637329101562
2019-01-16,19.04,0.18,,,,92.7673568725586,77.06817626953125,96.4237060546875
2019-01-17,18.06,0.19,,,,160.6356658935547,138.50050354003906,194.9452362060547
2019-01-18,17.8,0.17,,,,112.82587432861328,107.97943878173828,112.58189392089844
2019-01-21,,,,,,70.80297088623047,60.50145721435547,75.6962890625
2019-01-22,20.8,0.16,,,,144.76516723632812,101.87264251708984,191.18663024902344
2019-01-23,19.52,0.18,,,,58.188140869140625,66.29603576660156,96.77052307128906
2019-01-24,18.89,0.16,,,,91.32392120361328,82.76619720458984,110.45629119873047
2019-01-25,17.42,0.16,,,,91.13523864746094,47.40245819091797,131.79444885253906
2019-01-28,18.87,0.15,,,,101.14710235595703,20.167152404785156,151.392578125
2019-01-29,19.13,0.16,,,,101.45014190673828,43.972984313964844,139.37570190429688
2019-01-30,17.66,0.18,,,,173.69268798828125,57.71935272216797,254.4735107421875
2019-01-31,16.57,0.18,,,,148.13967895507812,32.81859588623047,232.6785888671875
2019-02-01,16.14,0.18,2.4,253.319,3.8,113.57374572753906,67.93449401855469,138.51219177246094
2019-02-04,15.73,0.2,,,,179.9779815673828,29.095781326293945,291.2250671386719
2019-02-05,15.57,0.18,,,,106.4093017578125,18.44900131225586,161.57704162597656
2019-02-06,15.38,0.18,,,,103.09750366210938,35.74961853027344,156.54824829101562
2019-02-07,16.37,0.17,,,,92.48285675048828,33.526611328125,139.82252502441406
2019-02-08,15.72,0.18,,,,62.35421371459961,85.47313690185547,38.88711166381836
2019-02-11,15.97,0.17,,,,96.53187561035156,91.16976165771484,84.49398040771484
2019-02-12,15.43,0.18,,,,69.21783447265625,29.57347297668457,90.44639587402344
2019-02-13,15.65,0.18,,,,88.7294921875,25.273250579833984,133.5091094970703
2019-02-14,16.22,0.16,,,,76.54199981689453,25.435466766357422,113.15035247802734
2019-02-15,14.91,0.14,,,,145.10621643066406,165.32522583007812,158.5821990966797
2019-02-18,,,,,,67.14663696289062,22.31332015991211,102.36331939697266
2019-02-19,14.88,0.15,,,,116.57129669189453,116.21247863769531,153.47674560546875
2019-02-20,14.02,0.15,,,,171.33970642089844,124.22712707519531,198.6005859375
2019-02-21,14.46,0.16,,,,116.54501342773438,62.56184005737305,156.54824829101562
2019-02-22,13.51,0.17,,,,69.43730163574219,40.71974563598633,88.30714416503906
2019-02-25,14.85,0.16,,,,139.0223846435547,76.46590423583984,167.4228057861328
2019-02-26,15.17,0.16,,,,124.9152603149414,64.57150268554688,184.65948486328125
2019-02-27,14.7,0.19,,,,160.55812072753906,117.94183349609375,189.7234649658203
2019-02-28,14.78,0.21,,,,162.6325225830078,153.59866333007812,220.64500427246094
2019-03-01,13.57,0.21,2.41,254.277,3.8,184.49745178222656,66.88346862792969,278.9371032714844
2019-03-04,14.63,0.17,,,,62.95815658569336,77.24845123291016,72.48694610595703
2019-03-05,14.74,0.17,,,,103.0784912109375,37.36771011352539,140.2576141357422
2019-03-06,15.74,0.17,,,,81.01388549804688,44.86917495727539,104.79090118408203
2019-03-07,16.59,0.17,,,,91.09561157226562,74.30335998535156,123.95267486572266
2019-03-08,16.05,0.17,,,,55.01298904418945,62.67845916748047,39.210018157958984
2019-03-11,14.33,0.17,,,,44.899261474609375,49.7345085144043,41.48349380493164
2019-03-12,13.77,0.16,,,,101.31523895263672,96.61192321777344,87.90969848632812
2019-03-13,13.41,0.16,,,,115.2568588256836,110.64645385742188,106.4885482788086
2019-03-14,13.5,0.17,,,,66.66802978515625,74.77067565917969,62.36612319946289
2019-03-15,12.88,0.16,,,,61.11748123168945,56.86740493774414,54.20917510986328
2019-03-18,13.1,0.15,,,,79.94129943847656,139.46665954589844,16.618425369262695
2019-03-19,13.56,0.15,,,,107.43463134765625,142.8052520751953,59.55683898925781
2019-03-20,13.91,0.14,,,,60.30682373046875,60.12119674682617,57.31087112426758
2019-03-21,13.63,0.13,,,,88.87377166748047,56.38195037841797,107.49282836914062
2019-03-22,16.48,0.13,,,,122.84458923339844,118.24347686767578,119.76103973388672
2019-03-25,16.33,0.17,,,,51.393856048583984,9.31557559967041,77.70109558105469
2019-03-26,14.68,0.17,,,,88.7294921875,108.11334991455078,65.58342742919922
2019-03-27,15.15,0.17,,,,80.89817810058594,84.89386749267578,70.80986785888672
2019-03-28,14.43,0.16,,,,81.34545135498047,81.09506225585938,75.15699005126953
2019-03-29,13.71,0.14,,,,77.67399597167969,63.76992416381836,98.7822036743164
2019-04-01,13.4,0.16,2.42,255.233,3.7,65.44586181640625,50.18801498413086,75.35116577148438
2019-04-02,13.36,0.18,,,,60.65264892578125,9.302453994750977,93.10999298095703
2019-04-03,13.74,0.19,,,,83.96876525878906,25.113088607788086,118.69851684570312
2019-04-04,13.58,0.18,,,,72.56913757324219,59.578861236572266,106.4885482788086
2019-04-05,12.82,0.15,,,,71.19298553466797,33.39945983886719,97.50456237792969
2019-04-08,13.18,0.16,,,,96.82890319824219,111.77256774902344,76.278564453125
2019-04-09,14.28,0.16,,,,167.5431671142578,95.44425201416016,230.8688201904297
2019-04-10,13.3,0.17,,,,76.34598541259766,25.370330810546875,112.860595703125
2019-04-11,13.02,0.16,,,,104.19609832763672,43.28140640258789,144.40386962890625
2019-04-12,12.01,0.16,,,,103.63340759277344,81.17560577392578,166.1935272216797
2019-04-15,12.32,0.15,,,,56.66912078857422,41.0870475769043,59.9736442565918
2019-04-16,12.18,0.19,,,,124.46063232421875,66.81098175048828,151.25888061523438
2019-04-17,12.6,0.19,,,,67.70211029052734,67.49372100830078,56.29642868041992
2019-04-18,12.09,0.19,,,,54.60276794433594,36.289794921875,68.10586547851562
2019-04-19,,,,,,51.31344223022461,22.735774993896484,66.37358093261719
2019-04-22,12.42,0.21,,,,95.9346694946289,90.0135269165039,84.46519470214844
2019-04-23,12.28,0.21,,,,156.499267578125,114.4128646850586,173.51205444335938
2019-04-24,13.14,0.21,,,,88.273193359375,138.94969177246094,30.90607261657715
2019-04-25,13.25,0.21,,,,99.6260986328125,99.31944274902344,103.55277252197266
2019-04-26,12.73,0.23,,,,129.5658721923828,103.33365631103516,150.8333282470703
2019-04-29,13.11,0.24,,,,68.80704498291016,58.795928955078125,98.0832290649414
2019-04-30,13.12,0.24,,,,49.37431716918945,44.74757766723633,52.25345993041992
2019-05-01,14.8,0.21,2.39,255.296,3.6,61.51911544799805,9.435346603393555,102.31014251708984
2019-05-02,14.42,0.2,,,,186.33192443847656,90.8152084350586,247.9053497314453
2019-05-03,12.87,0.21,,,,70.14849090576172,54.391998291015625,77.77422332763672
2019-05-06,15.44,0.2,,,,134.9949188232422,103.52261352539062,164.0613555908203
2019-05-07,19.32,0.17,,,,122.5062026977539,87.9329605102539,138.54013061523438
2019-05-08,19.4,0.19,,,,56.73699188232422,26.105703353881836,87.09893798828125
2019-05-09,19.1,0.19,,,,167.1282501220703,85.44298553466797,213.8036651611328
2019-05-10,16.04,0.21,,,,135.96359252929688,57.50397491455078,178.15199279785156
2019-05-13,20.55,0.22,,,,130.95069885253906,38.6807746887207,193.58152770996094
2019-05-14,18.06,0.22,,,,248.6771697998047,93.55159759521484,351.14068603515625
2019-05-15,16.44,0.21,,,,184.76473999023438,201.73849487304688,204.8502197265625
2019-05-16,15.29,0.2,,,,158.53598022460938,199.6395721435547,131.82763671875
2019-05-17,15.96,0.19,,,,141.05126953125,119.31147766113281,156.38473510742188
2019-05-20,16.31,0.2,,,,102.84115600585938,53.96031951904297,135.0247039794922
2019-05-21,14.95,0.17,,,,131.1907958984375,84.07734680175781,163.63389587402344
2019-05-22,14.75,0.16,,,,93.18052673339844,46.44685363769531,123.97203826904297
2019-05-23,16.92,0.19,,,,102.54247283935547,97.78219604492188,88.97455596923828
2019-05-24,15.85,0.16,,,,148.69381713867188,74.11805725097656,206.07261657714844
2019-05-27,,,,,,43.34200668334961,37.03593826293945,41.1888427734375
2019-05-28,17.5,0.14,,,,69.45706939697266,0.0,115.5114517211914
2019-05-29,17.9,0.16,,,,67.5115737915039,17.947669982910156,97.30583953857422
2019-05-30,17.3,0.16,,,,120.23086547851562,107.46139526367188,124.1078109741211
2019-05-31,18.71,0.19,,,,104.56336975097656,33.35728454589844,146.07217407226562
2019-06-01,,,2.38,255.213,3.6,130.1598358154297,71.3675537109375,167.7595672607422
2019-06-03,18.86,0.25,,,,129.24758911132812,95.44425201416016,143.29788208007812
2019-06-04,16.97,0.24,,,,69.39736938476562,18.44900131225586,100.02388000488281
2019-06-05,16.09,0.29,,,,122.38550567626953,89.47311401367188,142.47433471679688
2019-06-06,15.93,0.24,,,,82.92330169677734,60.91330337524414,116.13191223144531
2019-06-07,16.3,0.24,,,,69.92227935791016,60.99366760253906,72.6781997680664
2019-06-10,15.94,0.25,,,,56.934757232666016,30.959732055664062,68.86259460449219
2019-06-11,15.99,0.22,,,,74.29241943359375,52.2802848815918,87.2138442993164
2019-06-12,15.91,0.25,,,,95.03267669677734,99.25160217285156,75.2596664428711
2019-06-13,15.82,0.27,,,,114.66580963134766,59.27333450317383,169.5079345703125
2019-06-14,15.28,0.25,,,,192.6398468017578,125.24795532226562,229.83218383789062
2019-06-17,15.35,0.23,,,,126.36498260498047,17.99657440185547,195.1419677734375
2019-06-18,15.15,0.2,,,,157.74131774902344,91.04281616210938,200.2020263671875
2019-06-19,14.33,0.29,,,,135.55264282226562,8.445961952209473,218.3877716064453
2019-06-20,14.75,0.29,,,,72.56913757324219,25.533798217773438,106.4885482788086
2019-06-21,15.4,0.3,,,,125.99950408935547,40.519893646240234,196.02603149414062
2019-06-24,15.26,0.3,,,,171.24745178222656,21.340042114257812,284.79522705078125
2019-06-25,16.28,0.29,,,,82.01680755615234,0.0,136.3990936279297
2019-06-26,16.21,0.28,,,,123.7572021484375,24.67525291442871,198.9554443359375
2019-06-27,15.82,0.27,,,,134.94033813476562,86.79031372070312,159.26171875
2019-06-28,15.08,0.25,,,,153.90248107910156,87.67357635498047,201.1031494140625
2019-07-01,14.06,0.25,2.4,255.802,3.7,112.51927947998047,26.921504974365234,172.156494140625
2019-07-02,12.93,0.21,,,,138.2222442626953,47.516136169433594,214.01901245117188
2019-07-03,12.57,0.19,,,,66.82413482666016,9.51692008972168,103.19467163085938
2019-07-04,,,,,,105.83283996582031,52.753536224365234,158.40597534179688
2019-07-05,13.28,0.17,,,,98.34883880615234,35.65312957763672,141.25660705566406
2019-07-08,13.96,0.17,,,,53.5069694519043,9.698594093322754,80.8958511352539
2019-07-09,14.09,0.15,,,,96.6531753540039,35.038421630859375,138.82113647460938
2019-07-10,13.03,0.25,,,,100.7791748046875,26.20929718017578,153.02798461914062
2019-07-11,12.93,0.28,,,,119.67986297607422,68.17799377441406,156.38473510742188
2019-07-12,12.39,0.28,,,,107.3701400756836,39.64431381225586,145.49600219726562
2019-07-15,12.68,0.26,,,,31.055322647094727,30.959732055664062,43.03912353515625
2019-07-16,12.86,0.26,,,,76.37043762207031,28.550762176513672,111.13272094726562
2019-07-17,13.97,0.23,,,,147.22523498535156,82.55928039550781,198.9364013671875
2019-07-18,13.53,0.27,,,,102.68067169189453,115.71651458740234,103.94354248046875
2019-07-19,14.45,0.25,,,,48.779441833496094,17.683380126953125,66.37358093261719
2019-07-22,13.53,0.25,,,,193.0157470703125,104.0116958618164,242.9168701171875
2019-07-23,12.61,0.25,,,,139.26712036132812,99.1703109741211,198.52279663085938
2019-07-24,12.07,0.22,,,,99.51920318603516,47.244224548339844,126.1003189086914
2019-07-25,12.74,0.22,,,,74.43972778320312,37.10529708862305,92.84844207763672
2019-07-26,12.16,0.22,,,,137.65362548828125,61.97479248046875,192.00294494628906
2019-07-29,12.83,0.21,,,,137.6140899658203,88.19389343261719,171.64564514160156
2019-07-30,13.94,0.21,,,,152.35845947265625,137.19049072265625,155.29843139648438
2019-07-31,16.12,0.13,,,,89.65638732910156,84.67618560791016,109.86624908447266
2019-08-01,17.87,0.17,2.13,256.036,3.6,107.72577667236328,89.49515533447266,111.97169494628906
2019-08-02,17.61,0.14,,,,110.98809051513672,42.556331634521484,156.18321228027344
2019-08-05,24.59,0.16,,,,103.51773834228516,103.19910430908203,94.68607330322266
2019-08-06,20.17,0.13,,,,270.9353332519531,183.46507263183594,306.05596923828125
2019-08-07,19.49,0.12,,,,106.0021743774414,88.06324005126953,124.87084197998047
2019-08-08,16.91,0.1,,,,144.63323974609375,148.83926391601562,124.14664459228516
2019-08-09,17.97,0.11,,,,105.86102294921875,61.56217956542969,132.04013061523438
2019-08-12,21.09,0.07,,,,151.52122497558594,83.3405990600586,191.164306640625
2019-08-13,17.52,0.02,,,,40.672725677490234,27.031686782836914,45.09419250488281
2019-08-14,22.1,0.01,,,,105.77139282226562,86.27384948730469,111.93920135498047
2019-08-15,21.18,0.04,,,,96.88568878173828,101.1868667602539,107.41797637939453
2019-08-16,18.47,0.07,,,,104.6073989868164,78.21405792236328,115.97911071777344
2019-08-19,16.88,0.07,,,,127.8534927368164,46.34907150268555,173.96865844726562
2019-08-20,17.5,0.05,,,,76.67980194091797,50.962520599365234,110.52021026611328
2019-08-21,15.8,0.03,,,,114.39083099365234,47.516136169433594,150.60597229003906
2019-08-22,16.68,0.01,,,,147.9677276611328,66.61843872070312,206.38934326171875
2019-08-23,19.87,0.01,,,,96.78153228759766,70.16990661621094,146.32159423828125
2019-08-26,19.32,0.0,,,,121.19149780273438,69.03912353515625,143.963623046875
2019-08-27,20.31,-0.04,,,,178.0950469970703,111.60087585449219,203.09706115722656
2019-08-28,19.35,-0.03,,,,83.47319030761719,78.8364486694336,102.28926086425781
2019-08-29,17.88,-0.03,,,,76.37043762207031,57.101524353027344,79.38050842285156
2019-08-30,18.98,0.0,,,,45.77669143676758,41.48707580566406,55.36690902709961
2019-09-01,,,2.04,256.43,3.5,35.542572021484375,56.69306945800781,11.821905136108398
2019-09-02,,,,,,118.91268920898438,146.77206420898438,113.00528717041016
2019-09-03,19.66,0.0,,,,83.72998809814453,41.73612976074219,113.13917541503906
2019-09-04,17.33,0.04,,,,89.6500015258789,53.62443542480469,104.36550903320312
2019-09-05,16.27,0.02,,,,81.01388549804688,44.86917495727539,127.24610137939453
2019-09-06,15.0,0.02,,,,81.73868560791016,42.887939453125,100.16377258300781
2019-09-09,15.27,0.05,,,,72.8570556640625,87.15936279296875,56.5440673828125
2019-09-10,15.2,0.05,,,,104.88341522216797,104.5605697631836,138.0885772705078
2019-09-11,14.61,0.07,,,,98.7486343383789,17.899032592773438,156.76039123535156
2019-09-12,14.22,0.07,,,,79.50162506103516,70.4505844116211,88.14412689208984
2019-09-13,13.74,0.11,,,,70.56848907470703,41.38309860229492,96.64925384521484
2019-09-16,14.67,0.1,,,,178.9195556640625,122.31005096435547,229.5419921875
2019-09-17,14.44,0.09,,,,253.3421173095703,200.1437225341797,325.92974853515625
2019-09-18,13.95,0.03,,,,115.36304473876953,65.71883392333984,157.59597778320312
2019-09-19,14.05,0.05,,,,157.13462829589844,76.20857238769531,240.13623046875
2019-09-20,15.32,0.05,,,,126.9625244140625,130.4072265625,121.56927490234375
2019-09-23,14.91,0.04,,,,52.5804443359375,47.65326690673828,63.596046447753906
2019-09-24,17.05,0.04,,,,103.2372055053711,71.59613037109375,141.83082580566406
2019-09-25,15.96,0.05,,,,124.11428833007812,76.79933166503906,142.3516082763672
2019-09-26,16.07,0.04,,,,70.6681137084961,52.83794403076172,88.14412689208984
2019-09-27,17.22,0.06,,,,88.05559539794922,16.720867156982422,146.4419708251953
2019-09-30,16.24,0.05,,,,95.55484008789062,42.33809280395508,123.59953308105469
2019-10-01,18.56,0.09,1.83,257.155,3.6,90.13789367675781,71.88835906982422,119.92398071289062
2019-10-02,20.56,0.12,,,,69.64662170410156,8.679030418395996,115.82669830322266
2019-10-03,19.12,0.15,,,,46.477352142333984,25.273250579833984,63.24116134643555
2019-10-04,17.04,0.12,,,,111.27488708496094,59.732810974121094,135.23403930664062
2019-10-07,17.86,0.1,,,,52.96256637573242,28.79975128173828,64.0582275390625
2019-10-08,20.28,0.12,,,,118.77732849121094,87.71238708496094,131.68942260742188
2019-10-09,18.64,0.12,,,,82.47056579589844,73.08152770996094,99.05546569824219
2019-10-10,17.57,0.14,,,,165.16957092285156,109.77410888671875,213.64572143554688
2019-10-11,15.58,0.13,,,,204.3184814453125,277.364501953125,180.74172973632812
2019-10-14,14.57,,,,,118.4822998046875,68.90193939208984,164.20291137695312
2019-10-15,13.54,0.16,,,,108.06958770751953,93.68428802490234,179.72650146484375
2019-10-16,13.68,0.17,,,,193.50186157226562,119.41815948486328,283.49554443359375
2019-10-17,13.79,0.16,,,,114.77235412597656,15.781941413879395,177.7099151611328
2019-10-18,14.25,0.18,,,,106.58197021484375,76.5028076171875,127.62179565429688
2019-10-21,14.0,0.18,,,,93.44337463378906,55.89345169067383,116.55164337158203
2019-10-22,14.46,0.18,,,,54.304386138916016,72.18297576904297,37.62983322143555
2019-10-23,14.01,0.19,,,,97.05612182617188,16.827369689941406,154.392578125
2019-10-24,13.71,0.19,,,,116.30601501464844,42.94371032714844,179.09646606445312
2019-10-25,12.65,0.17,,,,140.87469482421875,96.30244445800781,167.34530639648438
2019-10-28,13.11,0.21,,,,98.2957763671875,97.99321746826172,114.430419921875
2019-10-29,13.2,0.2,,,,95.01498413085938,68.88909912109375,107.73809051513672
2019-10-30,12.33,0.17,,,,113.28890991210938,90.35215759277344,113.04393005371094
2019-10-31,13.22,0.17,,,,83.14237976074219,52.34934616088867,109.16131591796875
2019-11-01,12.3,0.17,1.55,257.879,3.6,100.65813446044922,72.98058319091797,106.52777099609375
2019-11-04,12.83,0.19,,,,59.24114990234375,9.843133926391602,90.31159210205078
2019-11-05,13.1,0.23,,,,77.9427719116211,48.56428527832031,97.21778869628906
2019-11-06,12.62,0.2,,,,85.79312133789062,95.03227233886719,71.33966827392578
2019-11-07,12.73,0.24,,,,63.615840911865234,45.300018310546875,75.56938171386719
2019-11-08,12.07,0.26,,,,98.94168853759766,94.691650390625,92.14588928222656
2019-11-11,12.69,,,,,92.58729553222656,61.53487014770508,111.20667266845703
2019-11-12,12.68,0.26,,,,62.41069412231445,67.004638671875,63.872554779052734
2019-11-13,13.0,0.25,,,,160.1495819091797,142.8506622314453,189.24070739746094
2019-11-14,13.05,0.24,,,,85.79312133789062,28.509681701660156,118.89944458007812
2019-11-15,12.05,0.23,,,,75.07235717773438,56.130958557128906,85.83439636230469
2019-11-18,12.46,0.21,,,,109.09654235839844,79.09871673583984,156.69332885742188
2019-11-19,12.86,0.19,,,,61.16957092285156,46.90868377685547,62.602359771728516
2019-11-20,12.78,0.17,,,,101.92516326904297,33.87047576904297,141.25660705566406
2019-11-21,13.13,0.17,,,,62.8968505859375,41.80216979980469,76.70770263671875
2019-11-22,12.34,0.16,,,,64.28498840332031,22.618980407714844,88.04350280761719
2019-11-25,11.87,0.15,,,,36.63187026977539,31.302099227905273,34.81205368041992
2019-11-26,11.54,0.16,,,,70.48016357421875,46.84214401245117,78.14195251464844
2019-11-27,11.75,0.14,,,,93.24922180175781,97.38896179199219,81.23201751708984
2019-11-28,,,,,,38.01306915283203,10.827446937561035,63.218116760253906
2019-11-29,12.62,0.17,,,,108.37702941894531,75.16065216064453,117.54639434814453
2019-12-01,,,1.55,258.63,3.6,59.45634460449219,50.80571365356445,56.50264358520508
2019-12-02,14.91,0.22,,,,77.88168334960938,31.056781768798828,112.25251007080078
2019-12-03,15.96,0.19,,,,85.84397888183594,50.341026306152344,100.77452850341797
2019-12-04,14.8,0.19,,,,47.662845611572266,47.516136169433594,63.41303634643555
2019-12-05,14.52,0.22,,,,103.14582061767578,94.91845703125,92.36659240722656
2019-12-06,13.62,0.23,,,,88.65753173828125,64.27973175048828,113.9332504272461
2019-12-09,15.86,0.2,,,,82.81419372558594,51.599552154541016,103.29389953613281
2019-12-10,15.68,0.2,,,,76.30575561523438,26.848546981811523,119.43648529052734
2019-12-11,14.99,0.18,,,,97.42845916748047,138.75509643554688,77.15696716308594
2019-12-12,13.94,0.24,,,,97.68965911865234,70.82833862304688,110.77093505859375
2019-12-13,12.63,0.21,,,,99.6260986328125,41.38309860229492,138.0703582763672
2019-12-16,12.14,0.24,,,,94.9302978515625,59.771427154541016,116.32897186279297
2019-12-17,12.29,0.26,,,,82.32990264892578,48.28028106689453,104.70336151123047
2019-12-18,12.58,0.29,,,,119.12415313720703,109.6222915649414,137.15371704101562
2019-12-19,12.5,0.3,,,,69.01182556152344,34.39970016479492,93.25143432617188
2019-12-20,12.51,0.29,,,,49.50848388671875,71.79067993164062,22.4551944732666
2019-12-23,12.61,0.29,,,,34.808067321777344,23.133949279785156,38.59199523925781
2019-12-24,12.67,0.28,,,,58.21735763549805,34.82289505004883,67.77338409423828
2019-12-25,,,,,,45.37763977050781,30.158639907836914,50.310569763183594
2019-12-26,12.65,0.26,,,,44.167572021484375,52.83794403076172,44.07206344604492
2019-12-27,13.43,0.29,,,,111.91106414794922,111.56658935546875,93.05755615234375
2019-12-30,14.82,0.32,,,,128.64340209960938,153.89691162109375,85.57682037353516
2019-12-31,13.78,0.34,,,,165.35279846191406,142.86463928222656,210.82723999023438
2020-01-01,,,1.55,259.127,3.6,114.53026580810547,105.39482879638672,131.8645477294922
2020-01-02,12.47,0.3,,,,163.1806640625,86.76181030273438,199.01177978515625
2020-01-03,14.02,0.27,,,,80.7943344116211,40.27281951904297,125.9681625366211
2020-01-06,13.85,0.27,,,,251.98611450195312,115.13814544677734,357.9545593261719
2020-01-07,13.79,0.29,,,,413.4556884765625,147.20822143554688,622.1167602539062
2020-01-08,13.45,0.29,,,,180.6054229736328,158.09225463867188,227.10003662109375
2020-01-09,12.54,0.27,,,,394.46002197265625,339.62139892578125,551.646240234375
2020-01-10,12.56,0.27,,,,167.3013916015625,166.7864227294922,187.8070831298828
2020-01-13,12.32,0.27,,,,152.72569274902344,126.00462341308594,157.6504669189453
2020-01-14,12.39,0.24,,,,131.77566528320312,81.54003143310547,151.13876342773438
2020-01-15,12.42,0.23,,,,153.5319366455078,64.93427276611328,216.64637756347656
2020-01-16,12.32,0.23,,,,145.94757080078125,44.09040451049805,213.2993621826172
2020-01-17,12.1,0.26,,,,129.82249450683594,83.49864196777344,174.11529541015625
2020-01-20,,,,,,119.11630249023438,33.928470611572266,179.2313995361328
2020-01-21,12.85,0.25,,,,119.32880401611328,85.65228271484375,150.82298278808594
2020-01-22,12.91,0.24,,,,77.99105834960938,24.552946090698242,129.70401000976562
2020-01-23,12.98,0.23,,,,93.07342529296875,16.870351791381836,147.75115966796875
2020-01-24,14.56,0.21,,,,51.961849212646484,8.633650779724121,79.21449279785156
2020-01-27,18.23,0.17,,,,72.01234436035156,30.76743507385254,94.09795379638672
2020-01-28,16.28,0.2,,,,99.59353637695312,51.80190658569336,136.8250274658203
2020-01-29,16.39,0.18,,,,47.01708984375,8.522249221801758,71.08396911621094
2020-01-30,15.49,0.16,,,,188.068359375,42.61124038696289,284.33587646484375
2020-01-31,18.84,0.18,,,,73.97793579101562,40.972347259521484,88.8549575805664
2020-02-01,,,1.58,259.25,3.5,89.04752349853516,41.42759704589844,118.47328186035156
2020-02-03,17.97,0.18,,,,107.51765441894531,112.29082489013672,93.6616439819336
2020-02-04,16.05,0.2,,,,143.60842895507812,181.34408569335938,103.49291229248047
2020-02-05,15.15,0.22,,,,68.34733581542969,36.3397102355957,98.51045989990234
2020-02-06,14.96,0.21,,,,90.6311264038086,36.140865325927734,128.116455078125
2020-02-07,15.47,0.18,,,,78.96466064453125,23.61648178100586,111.62471008300781
2020-02-10,15.04,0.19,,,,24.757606506347656,19.745119094848633,24.704071044921875
2020-02-11,15.18,0.18,,,,90.26069641113281,89.98286437988281,82.56005859375
2020-02-12,13.74,0.18,,,,62.03310012817383,74.2105941772461,41.26597595214844
2020-02-13,14.15,0.17,,,,58.852725982666016,83.8165283203125,27.96450424194336
2020-02-14,13.68,0.17,,,,89.18451690673828,59.27333450317383,120.068115234375
2020-02-17,,,,,,84.64823913574219,78.76183319091797,112.6202621459961
2020-02-18,14.83,0.14,,,,83.42762756347656,0.0,138.74537658691406
2020-02-19,14.38,0.14,,,,54.75318145751953,45.487205505371094,53.117156982421875
2020-02-20,15.56,0.13,,,,111.30940246582031,53.26405334472656,140.68702697753906
2020-02-21,17.08,0.12,,,,103.92369842529297,86.33650207519531,129.62371826171875
2020-02-24,25.03,0.12,,,,80.91768646240234,70.58502960205078,75.6962890625
2020-02-25,27.85,0.13,,,,115.451416015625,44.2677116394043,155.0792999267578
2020-02-26,27.56,0.17,,,,102.60165405273438,19.483016967773438,154.38221740722656
2020-02-27,39.16,0.19,,,,63.96682357788086,72.87992095947266,53.19041442871094
2020-02-28,40.11,0.27,,,,55.13877487182617,59.19743347167969,56.4302978515625
2020-03-01,,,0.65,258.076,4.4,53.675865173339844,45.866268157958984,63.761661529541016
2020-03-02,33.42,0.26,,,,106.23394775390625,125.16276550292969,104.39810943603516
2020-03-03,36.82,0.31,,,,123.0382308959961,141.5301971435547,86.57012176513672
2020-03-04,31.99,0.35,,,,144.92483520507812,140.3507843017578,185.92901611328125
2020-03-05,39.62,0.33,,,,79.18489074707031,122.7973403930664,58.52863693237305
2020-03-06,41.94,0.25,,,,51.327030181884766,55.10512161254883,78.79391479492188
2020-03-09,54.46,0.16,,,,72.8036880493164,41.47405242919922,95.13199615478516
2020-03-10,47.3,0.26,,,,71.64586639404297,16.80596160888672,112.14264678955078
2020-03-11,53.9,0.32,,,,90.98188018798828,65.9649658203125,110.04259490966797
2020-03-12,75.47,0.38,,,,74.83802795410156,70.68095397949219,72.05598449707031
2020-03-13,57.83,0.45,,,,68.06645965576172,82.93626403808594,81.75467681884766
2020-03-16,82.69,0.37,,,,34.45463943481445,9.813881874084473,49.114479064941406
2020-03-17,75.91,0.55,,,,99.09390258789062,94.08465576171875,86.32347869873047
2020-03-18,76.45,0.64,,,,87.61199188232422,74.86483764648438,83.25955963134766
2020-03-19,72.0,0.68,,,,89.16736602783203,97.78219604492188,81.56000518798828
2020-03-20,66.04,0.55,,,,57.803192138671875,26.59627914428711,81.34104919433594
2020-03-23,61.59,0.48,,,,121.19149780273438,40.27281951904297,167.95755004882812
2020-03-24,61.67,0.46,,,,191.0130157470703,100.22371673583984,275.8683776855469
2020-03-25,63.95,0.54,,,,53.35679244995117,17.730854034423828,81.34104919433594
2020-03-26,61.0,0.53,,,,56.70586395263672,28.26565933227539,78.58783721923828
2020-03-27,65.54,0.47,,,,52.12910461425781,47.244224548339844,55.168888092041016
2020-03-30,57.08,0.47,,,,103.51773834228516,39.31394577026367,139.36477661132812
2020-03-31,53.54,0.47,,,,89.26080322265625,59.32403564453125,107.21122741699219
2020-04-01,57.06,0.39,0.05,256.032,14.8,65.59539794921875,9.341927528381348,101.29716491699219
2020-04-02,50.91,0.4,,,,47.594364166259766,9.489572525024414,79.15240478515625
2020-04-03,46.8,0.39,,,,84.5761947631836,56.210575103759766,93.77033996582031
2020-04-06,45.24,0.4,,,,99.32736206054688,108.92378997802734,90.85319519042969
2020-04-07,46.7,0.47,,,,106.52973937988281,60.686763763427734,143.4197998046875
2020-04-08,43.35,0.5,,,,78.2134017944336,55.03952407836914,91.8167953491211
2020-04-09,41.67,0.5,,,,60.910011291503906,84.07734680175781,38.96044921875
2020-04-10,,,,,,85.4856185913086,71.01873779296875,94.77862548828125
2020-04-13,41.17,0.51,,,,88.7790298461914,77.44254302978516,92.27819061279297
2020-04-14,37.76,0.53,,,,91.17159271240234,43.28140640258789,137.1836700439453
2020-04-15,40.84,0.43,,,,89.52886199951172,68.00249481201172,99.26139831542969
2020-04-16,40.11,0.41,,,,48.45511245727539,17.56580352783203,65.9322738647461
2020-04-17,38.15,0.45,,,,73.5105209350586,45.80265426635742,84.04866027832031
2020-04-20,43.83,0.43,,,,25.87943458557129,0.0,43.03912353515625
2020-04-21,45.41,0.38,,,,54.08273696899414,35.94417953491211,59.96199035644531
2020-04-22,41.98,0.41,,,,137.26109313964844,136.83859252929688,114.13689422607422
2020-04-23,41.38,0.39,,,,100.93696594238281,82.33058166503906,114.45307159423828
2020-04-24,35.93,0.38,,,,45.83427047729492,8.307851791381836,76.22526550292969
2020-04-27,33.29,0.43,,,,49.002479553222656,19.540658950805664,65.19535827636719
2020-04-28,33.57,0.42,,,,95.68627166748047,127.1889877319336,75.77727508544922
2020-04-29,31.23,0.43,,,,79.46189880371094,99.0216293334961,66.07505798339844
2020-04-30,34.15,0.44,,,,56.9495849609375,56.774288177490234,55.2479248046875
2020-05-01,37.19,0.44,0.05,255.802,13.2,60.41156768798828,60.225616455078125,50.23411178588867
2020-05-04,35.97,0.45,,,,59.59642028808594,29.70648765563965,74.33443450927734
2020-05-05,33.61,0.47,,,,41.63842010498047,36.89800262451172,38.47072219848633
2020-05-06,34.12,0.55,,,,80.7943344116211,113.71149444580078,47.423309326171875
2020-05-07,31.44,0.5,,,,56.14521408081055,27.986196517944336,70.02975463867188
2020-05-08,27.98,0.53,,,,70.48016357421875,93.68428802490234,54.699363708496094
2020-05-11,27.57,0.56,,,,37.912078857421875,37.795379638671875,31.52507972717285
2020-05-12,33.04,0.52,,,,39.43532943725586,9.828486442565918,57.385498046875
2020-05-13,35.28,0.48,,,,59.53266525268555,33.91395568847656,70.7189712524414
2020-05-14,32.61,0.47,,,,82.12977600097656,45.487205505371094,98.6461410522461
2020-05-15,31.89,0.48,,,,45.81698226928711,27.40557289123535,53.33755874633789
2020-05-18,29.3,0.55,,,,135.0965576171875,140.0679473876953,125.81746673583984
2020-05-19,30.53,0.53,,,,99.47650909423828,79.33625030517578,99.26139831542969
2020-05-20,27.99,0.52,,,,99.69424438476562,45.17607879638672,128.116455078125
2020-05-21,29.53,0.51,,,,73.20591735839844,27.367717742919922,106.52777099609375
2020-05-22,28.16,0.49,,,,135.6533660888672,69.79913330078125,174.65809631347656
2020-05-25,,,,,,129.1339874267578,11.194478988647461,205.42062377929688
2020-05-26,28.01,0.51,,,,120.36186218261719,73.03822326660156,147.95123291015625
2020-05-27,27.62,0.49,,,,23.426929473876953,28.02578353881836,31.168359756469727
2020-05-28,28.59,0.53,,,,61.02098083496094,43.45225524902344,79.73563385009766
2020-05-29,27.51,0.49,,,,137.45094299316406,45.67595291137695,190.4912872314453
2020-06-01,28.23,0.52,0.08,257.042,11.0,53.90272903442383,39.08131790161133,73.34477233886719
2020-06-02,26.84,0.51,,,,83.04486846923828,82.78925323486328,76.72712707519531
2020-06-03,25.66,0.58,,,,114.53026580810547,52.69741439819336,190.47100830078125
2020-06-04,25.81,0.63,,,,36.153533935546875,27.031686782836914,37.578495025634766
2020-06-05,24.52,0.69,,,,109.97901153564453,61.3986701965332,131.68942260742188
2020-06-08,25.81,0.66,,,,65.64539337158203,50.341026306152344,75.58089447021484
2020-06-09,27.57,0.64,,,,68.30036163330078,19.454322814941406,105.47438049316406
2020-06-10,27.57,0.58,,,,95.68627166748047,45.42464065551758,121.24363708496094
2020-06-11,40.79,0.47,,,,87.41497802734375,18.346508026123047,137.72518920898438
2020-06-12,36.09,0.52,,,,73.61261749267578,55.03952407836914,76.51399230957031
2020-06-15,34.4,0.52,,,,102.8747787475586,102.55811309814453,128.31539916992188
2020-06-16,33.67,0.54,,,,79.20344543457031,27.86811065673828,108.47554016113281
2020-06-17,33.47,0.55,,,,151.3807830810547,150.91482543945312,133.28244018554688
2020-06-18,32.94,0.52,,,,101.31523895263672,61.480316162109375,124.53873443603516
2020-06-19,35.12,0.51,,,,53.8231086730957,78.04718017578125,32.54952621459961
2020-06-22,31.77,0.52,,,,131.45111083984375,83.8697509765625,166.14466857910156
2020-06-23,31.37,0.54,,,,56.38412857055664,65.5790023803711,62.5135612487793
2020-06-24,33.84,0.5,,,,80.2188720703125,37.63386154174805,109.86624908447266
2020-06-25,32.22,0.51,,,,40.78400802612305,27.10564613342285,45.21757125854492
2020-06-26,34.73,0.47,,,,44.344947814941406,8.841690063476562,66.37358093261719
2020-06-29,31.78,0.48,,,,48.00822830200195,63.81393814086914,44.35593795776367
2020-06-30,30.43,0.5,,,,76.92465209960938,67.10188293457031,87.95223236083984
2020-07-01,28.62,0.52,0.09,258.352,10.2,107.85104370117188,143.35874938964844,145.1986541748047
2020-07-02,27.68,0.52,,,,23.39383888244629,18.6574649810791,23.343252182006836
2020-07-03,,,,,,43.972137451171875,29.224525451660156,56.87765884399414
2020-07-06,27.94,0.53,,,,72.01234436035156,30.76743507385254,94.09795379638672
2020-07-07,29.43,0.49,,,,106.17205047607422,74.09166717529297,123.59953308105469
2020-07-08,28.08,0.51,,,,68.60346984863281,48.851646423339844,105.94245910644531
2020-07-09,29.26,0.46,,,,55.82979202270508,18.552648544311523,77.37370300292969
2020-07-10,27.29,0.49,,,,97.42845916748047,18.50067901611328,146.59823608398438
2020-07-13,32.19,0.48,,,,92.73129272460938,51.35880661010742,111.37962341308594
2020-07-14,29.52,0.49,,,,93.79849243164062,98.43133544921875,73.89131164550781
2020-07-15,27.76,0.48,,,,103.6720199584961,39.372535705566406,147.78262329101562
2020-07-16,28.0,0.46,,,,29.48873519897461,29.397964477539062,24.52080726623535
2020-07-17,25.68,0.5,,,,38.3201904296875,16.97877311706543,49.5669059753418
2020-07-20,24.46,0.46,,,,87.17283630371094,67.59239196777344,128.8656768798828
2020-07-21,24.84,0.47,,,,116.2304458618164,26.739849090576172,178.4293975830078
2020-07-22,24.32,0.46,,,,117.1346435546875,18.683855056762695,187.01016235351562
2020-07-23,26.08,0.43,,,,78.04478454589844,34.579803466796875,115.37188720703125
2020-07-24,25.84,0.45,,,,92.75189971923828,52.83794403076172,110.1801528930664
2020-07-27,24.74,0.47,,,,137.1768798828125,50.64986801147461,185.8867645263672
2020-07-28,25.44,0.45,,,,121.64796447753906,46.64366149902344,171.18385314941406
2020-07-29,24.1,0.46,,,,80.91041564941406,37.958290100097656,110.8133773803711
2020-07-30,24.76,0.44,,,,54.08273696899414,26.958131790161133,67.45723724365234
2020-07-31,24.46,0.44,,,,38.618019104003906,34.22146224975586,42.81612014770508
2020-08-01,,,0.1,259.316,8.4,26.741212844848633,19.99417495727539,27.795196533203125
2020-08-03,24.28,0.45,,,,42.1684684753418,28.02578353881836,46.752540588378906
2020-08-04,23.76,0.41,,,,48.714229583740234,19.42571449279785,64.81185913085938
2020-08-05,22.99,0.44,,,,33.80171203613281,0.0,56.21436309814453
2020-08-06,22.65,0.44,,,,112.36660766601562,98.5782470703125,112.12362670898438
2020-08-07,22.21,0.44,,,,43.81703186035156,17.472864151000977,65.58342742919922
2020-08-10,22.13,0.45,,,,40.582759857177734,20.22892189025879,50.618751525878906
2020-08-11,24.03,0.48,,,,55.28624725341797,18.372024536132812,76.62040710449219
2020-08-12,22.28,0.53,,,,61.8345947265625,61.64426040649414,80.79877471923828
2020-08-13,22.13,0.55,,,,88.89659118652344,9.32873249053955,140.05950927734375
2020-08-14,22.05,0.57,,,,44.28566360473633,26.489608764648438,58.91986846923828
2020-08-17,21.35,0.55,,,,65.54547882080078,30.158639907836914,92.23604583740234
2020-08-18,21.51,0.53,,,,84.09903717041016,37.26230239868164,108.78153228759766
2020-08-19,22.54,0.54,,,,46.6558837890625,46.512271881103516,69.83248901367188
2020-08-20,22.72,0.52,,,,122.01818084716797,36.04225158691406,180.37677001953125
2020-08-21,22.54,0.48,,,,166.30258178710938,17.92331886291504,261.6217956542969
2020-08-24,22.37,0.51,,,,71.2380142211914,0.0,118.47328186035156
2020-08-25,22.03,0.54,,,,85.98194885253906,45.11436080932617,105.36353302001953
2020-08-26,23.27,0.53,,,,105.6713638305664,36.64212417602539,152.8157501220703
2020-08-27,24.47,0.58,,,,142.09405517578125,97.38896179199219,162.4640350341797
2020-08-28,22.96,0.6,,,,64.11421203613281,17.044498443603516,106.6259536743164
2020-08-31,26.41,0.58,,,,88.63056945800781,66.26831817626953,101.33625793457031
2020-09-01,26.12,0.55,0.09,259.997,7.8,106.36685180664062,80.79196166992188,126.35338592529297
2020-09-02,26.57,0.52,,,,109.20553588867188,90.7244873046875,105.94245910644531
2020-09-03,33.6,0.5,,,,94.24089813232422,84.55573272705078,125.38282012939453
2020-09-04,30.75,0.58,,,,94.90303039550781,36.04225158691406,127.76689147949219
2020-09-07,,,,,,149.52561950683594,22.933134078979492,229.5419921875
2020-09-08,31.46,0.55,,,,68.60346984863281,29.31098747253418,89.64361572265625
2020-09-09,28.81,0.57,,,,47.32239532470703,25.732763290405273,64.39099884033203
2020-09-10,29.71,0.54,,,,145.2469482421875,140.12890625,124.6734390258789
2020-09-11,26.87,0.54,,,,145.94757080078125,88.1808090209961,205.94419860839844
2020-09-14,25.85,0.54,,,,67.30906677246094,47.92991638183594,71.9609146118164
2020-09-15,25.59,0.54,,,,115.93987274169922,33.023712158203125,165.2702178955078
2020-09-16,26.04,0.55,,,,82.47056579589844,54.8111457824707,121.91442108154297
2020-09-17,26.46,0.56,,,,100.07757568359375,29.930856704711914,141.46998596191406
2020-09-18,25.83,0.56,,,,86.33578491210938,18.120006561279297,143.58181762695312
2020-09-21,27.78,0.54,,,,52.916419982910156,31.65212059020996,70.40264892578125
2020-09-22,26.86,0.55,,,,94.38795471191406,35.84663772583008,156.97308349609375
2020-09-23,28.58,0.54,,,,62.16614532470703,35.41416931152344,73.8472900390625
2020-09-24,28.51,0.53,,,,64.86751556396484,68.97903442382812,86.30298614501953
2020-09-25,26.38,0.54,,,,55.35139083862305,25.46816062927246,70.80986785888672
2020-09-28,26.19,0.53,,,,104.4075698852539,85.16143798828125,134.1735382080078
2020-09-29,26.27,0.55,,,,105.160888671875,104.83718872070312,95.39407348632812
2020-09-30,26.37,0.56,,,,104.96094512939453,125.56544494628906,76.80492401123047
2020-10-01,26.7,0.54,0.09,260.319,6.9,75.99683380126953,53.479698181152344,96.64925384521484
2020-10-02,27.63,0.57,,,,101.92516326904297,25.402856826782227,148.31944274902344
2020-10-05,27.96,0.64,,,,66.92056274414062,9.53065299987793,111.29308319091797
2020-10-06,29.48,0.62,,,,85.70679473876953,68.35438537597656,114.02861785888672
2020-10-07,28.06,0.65,,,,83.25235748291016,43.682159423828125,102.01866149902344
2020-10-08,26.36,0.65,,,,113.64591217041016,16.784605026245117,175.000244140625
2020-10-09,25.0,0.63,,,,81.5680160522461,27.10564613342285,113.04393005371094
2020-10-12,25.07,,,,,67.71858978271484,56.258453369140625,93.85021209716797
2020-10-13,26.07,0.58,,,,78.08782196044922,0.0,129.8649444580078
2020-10-14,26.4,0.59,,,,47.69403839111328,17.289901733398438,64.89668273925781
2020-10-15,26.97,0.6,,,,107.97156524658203,51.66682815551758,143.65078735351562
2020-10-16,27.41,0.62,,,,123.50452423095703,61.56217956542969,176.0535125732422
2020-10-19,29.18,0.62,,,,95.217529296875,69.94432067871094,100.01224517822266
2020-10-20,29.35,0.67,,,,98.67223358154297,103.05272674560547,85.95614624023438
2020-10-21,28.65,0.69,,,,72.01234436035156,62.81684112548828,67.36558532714844
2020-10-22,28.11,0.71,,,,101.61250305175781,105.35172271728516,81.11422729492188
2020-10-23,27.55,0.67,,,,65.72555541992188,52.41859436035156,65.58342742919922
2020-10-26,32.46,0.65,,,,89.93396759033203,29.885713577270508,124.63818359375
2020-10-27,33.35,0.63,,,,130.45274353027344,65.02559661865234,185.9580535888672
2020-10-28,40.28,0.63,,,,81.79179382324219,54.36001968383789,113.35407257080078
2020-10-29,37.59,0.69,,,,89.64422607421875,51.067596435546875,106.4885482788086
2020-10-30,38.02,0.74,,,,80.3587875366211,89.01270294189453,66.82084655761719
2020-11-01,,,0.09,260.911,6.7,49.866607666015625,28.407495498657227,59.23664093017578
2020-11-02,37.13,0.71,,,,56.625091552734375,56.4507942199707,54.93312454223633
2020-11-03,35.55,0.73,,,,162.6325225830078,179.1984405517578,142.3516082763672
2020-11-04,29.57,0.64,,,,129.5658721923828,94.72251892089844,136.46824645996094
2020-11-05,27.58,0.65,,,,69.64662170410156,86.79031372070312,72.39169311523438
2020-11-06,24.86,0.67,,,,62.92530059814453,89.61659240722656,67.27417755126953
2020-11-09,25.75,0.79,,,,105.3998794555664,80.05747985839844,116.85774230957031
2020-11-10,24.8,0.79,,,,58.58963394165039,44.93022155761719,59.96199035644531
2020-11-11,23.45,,,,,97.92937469482422,76.40447998046875,113.29578399658203
2020-11-12,25.35,0.71,,,,52.86012268066406,17.56580352783203,80.5838851928711
2020-11-13,23.1,0.72,,,,69.1920166015625,77.6014175415039,57.53532791137695
2020-11-16,22.45,0.72,,,,70.595703125,97.447021484375,63.218116760253906
2020-11-17,22.71,0.69,,,,45.81698226928711,36.54076385498047,53.33755874633789
2020-11-18,23.84,0.72,,,,109.74150848388672,105.35172271728516,128.43084716796875
2020-11-19,23.11,0.68,,,,49.04205322265625,35.557159423828125,51.90182113647461
2020-11-20,23.7,0.67,,,,94.15567016601562,42.66629409790039,128.116455078125
2020-11-23,22.66,0.7,,,,36.7552604675293,54.96318435668945,45.844722747802734
2020-11-24,21.64,0.72,,,,104.29373168945312,128.72811889648438,82.59381866455078
2020-11-25,21.25,0.71,,,,23.360843658447266,9.31557559967041,31.0804386138916
2020-11-26,,,,,,69.12260437011719,63.60908126831055,79.58438110351562
2020-11-27,20.84,0.68,,,,70.37321472167969,100.22371673583984,66.87718200683594
2020-11-30,20.57,0.68,,,,46.802371978759766,20.73702621459961,69.1869125366211
2020-12-01,20.77,0.75,0.09,262.045,6.7,129.65858459472656,41.69660568237305,180.85125732421875
2020-12-02,21.17,0.79,,,,92.27208709716797,36.795223236083984,130.4361114501953
2020-12-03,21.28,0.76,,,,67.78787994384766,63.07394027709961,90.18838500976562
2020-12-04,20.79,0.81,,,,38.66810607910156,25.699386596679688,42.87165451049805
2020-12-07,21.3,0.8,,,,55.042667388916016,0.0,91.5394058227539
2020-12-08,20.68,0.78,,,,78.9751205444336,34.99201583862305,102.15377807617188
2020-12-09,22.27,0.79,,,,62.7380256652832,8.33932113647461,104.33726501464844
2020-12-10,22.52,0.78,,,,95.42375946044922,27.180009841918945,143.58181762695312
2020-12-11,23.31,0.79,,,,42.853397369384766,42.721492767333984,35.633941650390625
2020-12-14,24.72,0.77,,,,29.79821014404297,19.8043270111084,33.03752899169922
2020-12-15,22.89,0.81,,,,89.52886199951172,46.97541046142578,125.38282012939453
2020-12-16,22.5,0.79,,,,52.51097869873047,8.724891662597656,80.05162811279297
2020-12-17,21.93,0.81,,,,93.12439727783203,70.7335205078125,125.37232971191406
2020-12-18,21.57,0.82,,,,79.99098205566406,0.0,133.03001403808594
2020-12-21,25.16,0.82,,,,91.1224136352539,64.12371826171875,106.97102355957031
2020-12-22,24.23,0.8,,,,62.6832275390625,48.06945037841797,72.17041015625
2020-12-23,23.31,0.83,,,,68.60346984863281,39.08131790161133,97.79303741455078
2020-12-24,21.53,0.81,,,,54.99793243408203,42.175880432128906,56.286155700683594
2020-12-25,,,,,,48.241275787353516,0.0,80.22826385498047
2020-12-28,21.7,0.81,,,,41.40709686279297,16.511856079101562,55.0900764465332
2020-12-29,23.08,0.82,,,,69.01182556152344,22.933134078979492,105.20674133300781
2020-12-30,22.77,0.81,,,,59.15299606323242,53.60992431640625,89.43194580078125
2020-12-31,22.75,0.8,,,,80.7943344116211,46.02608108520508,95.97574615478516
2021-01-01,,,0.09,262.687,6.4,65.27227020263672,32.53567886352539,81.41390991210938
2021-01-04,26.97,0.82,,,,99.32736206054688,108.92378997802734,107.37196350097656
2021-01-05,25.34,0.83,,,,121.8519515991211,71.98629760742188,150.10919189453125
2021-01-06,25.07,0.9,,,,106.57054138183594,35.41416931152344,169.8487548828125
2021-01-07,22.37,0.94,,,,54.23599624633789,24.954946517944336,76.32125854492188
2021-01-08,21.56,0.99,,,,77.7395248413086,51.66682815551758,86.19047546386719
2021-01-11,24.08,1.01,,,,84.14276123046875,35.319480895996094,110.4747543334961
2021-01-12,23.33,1.01,,,,169.87527465820312,169.3523712158203,181.6156463623047
2021-01-13,22.21,0.96,,,,66.500732421875,74.58304595947266,55.29743957519531
2021-01-14,23.25,0.99,,,,62.11064529418945,41.279640197753906,68.86259460449219
2021-01-15,24.34,0.98,,,,57.96993637084961,49.53556823730469,75.74885559082031
2021-01-18,,,,,,94.48599243164062,55.408912658691406,129.40621948242188
2021-01-19,23.24,0.96,,,,66.66802978515625,49.84711456298828,76.22526550292969
2021-01-20,21.58,0.97,,,,87.48678588867188,23.78658676147461,132.2690887451172
2021-01-21,21.32,0.99,,,,47.43533706665039,39.407772064208984,52.59196090698242
2021-01-22,21.91,0.97,,,,93.7134780883789,73.115234375,101.64220428466797
2021-01-25,23.19,0.92,,,,140.4451141357422,96.56056213378906,185.24440002441406
2021-01-26,23.02,0.94,,,,50.25387191772461,8.349864959716797,76.61072540283203
2021-01-27,37.21,0.92,,,,68.84309387207031,72.6683120727539,60.612552642822266
2021-01-28,30.21,0.95,,,,112.78604125976562,41.64402770996094,166.72911071777344
2021-01-29,33.09,1.0,,,,63.216941833496094,16.80596160888672,91.11589813232422
2021-02-01,30.24,0.98,0.08,263.579,6.2,60.04654312133789,29.930856704711914,83.21763610839844
2021-02-02,25.56,1.01,,,,192.34263610839844,144.8782196044922,248.7938995361328
2021-02-03,22.91,1.04,,,,69.92227935791016,43.56690216064453,101.7494888305664
2021-02-04,21.77,1.04,,,,78.18482208251953,24.61394691467285,116.33929443359375
2021-02-05,20.87,1.1,,,,106.44497680664062,101.87264251708984,106.21480560302734
2021-02-08,21.24,1.08,,,,72.8036880493164,63.50714111328125,68.10586547851562
2021-02-09,21.63,1.07,,,,61.26280975341797,69.79913330078125,50.94194412231445
2021-02-10,21.99,1.04,,,,74.92713165283203,39.31394577026367,104.93347930908203
2021-02-11,21.25,1.05,,,,63.45914840698242,50.611053466796875,70.35769653320312
2021-02-12,19.97,1.09,,,,73.32506561279297,34.39970016479492,107.59780883789062
2021-02-15,,,,,,61.24074935913086,44.40163040161133,64.81185913085938
2021-02-16,21.46,1.17,,,,91.76087188720703,82.33058166503906,91.56245422363281
2021-02-17,21.5,1.18,,,,104.36856842041016,54.285552978515625,128.29196166992188
2021-02-18,22.49,1.18,,,,33.67285919189453,8.392302513122559,56.00007629394531
2021-02-19,22.05,1.23,,,,85.1559829711914,25.46816062927246,127.457763671875
2021-02-22,23.45,1.26,,,,71.28911590576172,0.0,118.55826568603516
2021-02-23,23.11,1.26,,,,97.42845916748047,79.46882629394531,103.1097640991211
2021-02-24,21.34,1.26,,,,77.84101867675781,34.48951721191406,107.87873840332031
2021-02-25,28.89,1.37,,,,46.18281936645508,25.113088607788086,62.84039306640625
2021-02-26,27.95,1.3,,,,121.14055633544922,83.28805541992188,166.72911071777344
2021-03-01,23.35,1.32,0.07,264.961,6.1,96.29557800292969,76.79933166503906,96.08734893798828
2021-03-02,24.1,1.29,,,,137.46934509277344,61.8918342590332,191.74591064453125
2021-03-03,26.67,1.33,,,,154.58648681640625,70.4505844116211,220.3603057861328
2021-03-04,28.57,1.4,,,,88.44233703613281,32.061859130859375,127.02809143066406
2021-03-05,24.66,1.42,,,,88.98228454589844,48.38639450073242,127.80359649658203
2021-03-08,25.47,1.42,,,,60.39744567871094,92.63314056396484,23.179555892944336
2021-03-09,24.03,1.38,,,,22.26188087463379,17.754684448242188,29.61832046508789
2021-03-10,22.56,1.37,,,,57.34138107299805,52.76758575439453,51.34893798828125
2021-03-11,21.91,1.4,,,,70.38656616210938,78.94114685058594,80.47687530517578
2021-03-12,20.69,1.5,,,,49.37989044189453,16.409297943115234,68.43487548828125
2021-03-15,20.03,1.48,,,,111.60258483886719,20.22892189025879,177.16563415527344
2021-03-16,19.79,1.47,,,,108.84150695800781,47.176734924316406,149.5301971435547
2021-03-17,19.23,1.5,,,,93.311767578125,50.74066162109375,134.02195739746094
2021-03-18,21.58,1.55,,,,134.94033813476562,95.4693374633789,188.21839904785156
2021-03-19,20.95,1.58,,,,42.853397369384766,8.54429817199707,64.14109802246094
2021-03-22,18.88,1.54,,,,119.15711212158203,38.01290512084961,174.38584899902344
2021-03-23,20.3,1.48,,,,99.4635238647461,103.46854400634766,107.87873840332031
2021-03-24,21.2,1.48,,,,76.4438705444336,16.935237884521484,120.068115234375
2021-03-25,19.81,1.49,,,,63.78499984741211,33.91395568847656,77.79086303710938
2021-03-26,18.86,1.53,,,,69.7814712524414,32.73726272583008,95.5713882446289
2021-03-29,20.74,1.59,,,,123.23540496826172,127.77032470703125,98.37513732910156
2021-03-30,19.61,1.57,,,,95.42375946044922,99.66004180908203,83.1263198852539
2021-03-31,19.4,1.58,,,,76.34598541259766,76.1109848022461,70.53787231445312
2021-04-01,17.33,1.52,0.07,266.614,6.1,67.69552612304688,62.98801040649414,90.06552124023438
2021-04-02,,1.53,,,,65.70381927490234,54.58464813232422,72.84638214111328
2021-04-05,17.91,1.56,,,,74.55940246582031,42.47422790527344,88.56925201416016
2021-04-06,18.12,1.51,,,,92.78900909423828,27.751020431518555,131.16685485839844
2021-04-07,17.16,1.52,,,,113.79048919677734,67.22384643554688,168.21397399902344
2021-04-08,16.95,1.5,,,,32.52170181274414,37.053253173828125,54.085628509521484
2021-04-09,16.69,1.51,,,,48.00822830200195,26.105703353881836,65.3241958618164
2021-04-12,16.91,1.51,,,,100.38084411621094,120.08622741699219,133.55169677734375
2021-04-13,16.65,1.48,,,,95.29304504394531,72.38074493408203,143.3851318359375
2021-04-14,16.99,1.48,,,,186.30352783203125,144.96005249023438,294.7205810546875
2021-04-15,16.57,1.4,,,,103.25959777832031,41.176700592041016,151.11990356445312
2021-04-16,16.25,1.43,,,,95.03267669677734,18.045743942260742,142.9933624267578
2021-04-19,17.29,1.45,,,,110.41893005371094,150.1077880859375,100.16377258300781
2021-04-20,18.68,1.43,,,,125.26516723632812,129.5047607421875,138.88255310058594
2021-04-21,17.5,1.42,,,,166.30258178710938,62.73161315917969,261.6217956542969
2021-04-22,18.71,1.41,,,,113.77379608154297,61.07423400878906,145.5484161376953
2021-04-23,17.33,1.42,,,,146.73118591308594,115.25054168701172,177.4713897705078
2021-04-26,17.64,1.4,,,,54.46673583984375,39.490238189697266,57.64282989501953
2021-04-27,17.56,1.46,,,,131.65333557128906,143.94952392578125,98.87963104248047
2021-04-28,17.28,1.46,,,,50.063995361328125,33.27326202392578,62.444671630859375
2021-04-29,17.61,1.49,,,,47.383934020996094,68.7099380493164,28.65543556213379
2021-04-30,18.61,1.49,,,,36.4018440246582,27.217348098754883,37.83658981323242
2021-05-01,,,0.06,268.383,5.8,56.08929443359375,19.735286712646484,82.30589294433594
2021-05-03,18.31,1.47,,,,97.42845916748047,86.33650207519531,90.01647186279297
2021-05-04,19.48,1.45,,,,93.87843322753906,71.30625915527344,104.08381652832031
2021-05-05,19.15,1.43,,,,60.385345458984375,8.59992504119873,93.25143432617188
2021-05-06,18.39,1.42,,,,76.30575561523438,53.69709396362305,111.97169494628906
2021-05-07,16.69,1.46,,,,55.92646408081055,8.577588081359863,85.85466766357422
2021-05-10,19.66,1.47,,,,49.002479553222656,9.770329475402832,73.34477233886719
2021-05-11,21.84,1.48,,,,101.1806869506836,78.94114685058594,124.37335205078125
2021-05-12,27.59,1.53,,,,63.2974739074707,33.65473937988281,84.2141342163086
2021-05-13,23.13,1.5,,,,140.43304443359375,131.76544189453125,144.25082397460938
2021-05-14,18.81,1.47,,,,115.36304473876953,73.93368530273438,143.89199829101562
2021-05-17,19.72,1.48,,,,92.1579818725586,40.83302688598633,127.72042083740234
2021-05-18,21.34,1.48,,,,98.58832550048828,108.11334991455078,114.77099609375
2021-05-19,22.18,1.52,,,,158.9622344970703,92.01653289794922,204.66900634765625
2021-05-20,20.67,1.48,,,,125.85060119628906,89.61659240722656,134.54835510253906
2021-05-21,20.15,1.46,,,,165.85250854492188,125.1236801147461,171.45761108398438
2021-05-24,18.4,1.46,,,,138.4081268310547,101.1868667602539,176.47238159179688
2021-05-25,18.84,1.41,,,,170.94143676757812,46.05817794799805,276.6029052734375
2021-05-26,17.36,1.44,,,,176.6128387451172,85.88742065429688,243.5712127685547
2021-05-27,16.74,1.47,,,,133.3360595703125,49.84711456298828,187.09837341308594
2021-05-28,16.76,1.44,,,,140.02928161621094,43.624454498291016,196.4903564453125
2021-05-31,,,,,,57.554264068603516,51.00187301635742,63.81089782714844
2021-06-01,17.9,1.46,0.08,270.654,5.9,65.87492370605469,18.763473510742188,93.9035415649414
2021-06-02,17.48,1.46,,,,68.72547149658203,27.40557289123535,99.05546569824219
2021-06-03,18.04,1.47,,,,60.072471618652344,17.11073112487793,85.63224029541016
2021-06-04,16.42,1.42,,,,79.60777282714844,52.908485412597656,95.61695861816406
2021-06-07,16.42,1.41,,,,54.304386138916016,0.0,90.31159210205078
2021-06-08,17.07,1.39,,,,59.727294921875,54.96318435668945,68.76708221435547
2021-06-09,17.89,1.34,,,,93.24922180175781,53.121253967285156,110.77093505859375
2021-06-10,16.1,1.31,,,,85.51465606689453,35.89533996582031,119.76103973388672
2021-06-11,15.65,1.31,,,,131.48475646972656,84.56776428222656,155.1833038330078
2021-06-14,16.39,1.35,,,,29.358060836791992,19.511795043945312,40.68690872192383
2021-06-15,17.02,1.35,,,,73.5105209350586,27.481592178344727,114.61180877685547
2021-06-16,18.15,1.36,,,,144.7877197265625,139.9680633544922,124.04387664794922
2021-06-17,17.75,1.29,,,,138.02365112304688,18.346508026123047,214.23919677734375
2021-06-18,20.7,1.19,,,,84.50428009033203,33.69766616821289,112.42872619628906
2021-06-21,17.89,1.23,,,,94.50267791748047,79.33625030517578,99.26139831542969
2021-06-22,16.66,1.23,,,,170.60433959960938,37.795379638671875,252.2006378173828
2021-06-23,16.32,1.24,,,,41.51087188720703,49.65972137451172,55.228145599365234
2021-06-24,15.97,1.23,,,,76.66112518310547,40.2237663269043,100.65177917480469
2021-06-25,15.62,1.26,,,,54.78801345825195,42.01490020751953,56.07132339477539
2021-06-28,15.76,1.24,,,,97.29219818115234,110.84883117675781,107.86868286132812
2021-06-29,16.02,1.22,,,,95.68627166748047,154.4437713623047,60.62181854248047
2021-06-30,15.83,1.2,,,,43.81703186035156,61.155025482177734,43.722286224365234
2021-07-01,15.48,1.23,0.1,271.903,5.4,64.11421203613281,68.17799377441406,49.7587776184082
2021-07-02,15.07,1.2,,,,78.9751205444336,43.74001693725586,102.15377807617188
2021-07-05,,,,,,65.9874038696289,78.94114685058594,65.84471130371094
2021-07-06,16.44,1.15,,,,63.3285026550293,29.13857078552246,97.21778869628906
2021-07-07,16.2,1.11,,,,34.77761459350586,43.33820724487305,21.689006805419922
2021-07-08,19.0,1.11,,,,37.85791778564453,28.30603790283203,39.35005569458008
2021-07-09,16.18,1.14,,,,32.35719299316406,32.25759506225586,33.63252639770508
2021-07-12,16.17,1.15,,,,69.73827362060547,89.38748931884766,41.421112060546875
2021-07-13,17.12,1.16,,,,77.247802734375,81.54003143310547,60.455501556396484
2021-07-14,16.33,1.14,,,,56.218509674072266,17.24475860595703,86.30298614501953
2021-07-15,17.01,1.08,,,,104.51173400878906,108.72003936767578,98.24019622802734
2021-07-16,18.45,1.06,,,,70.38033294677734,28.065479278564453,101.4406509399414
2021-07-19,22.5,0.98,,,,50.573551177978516,10.083576202392578,84.10698699951172
2021-07-20,19.73,1.03,,,,37.430145263671875,27.986196517944336,38.90542221069336
2021-07-21,17.91,1.08,,,,49.915401458740234,45.23796081542969,45.27951431274414
2021-07-22,17.69,1.07,,,,95.29304504394531,63.33314514160156,105.6521987915039
2021-07-23,17.2,1.08,,,,91.7940444946289,39.78760528564453,119.47245788574219
2021-07-26,17.58,1.07,,,,59.15299606323242,49.14242935180664,65.58342742919922
2021-07-27,19.36,1.05,,,,79.20344543457031,65.02559661865234,108.47554016113281
2021-07-28,18.31,1.06,,,,53.2962646484375,65.39349365234375,47.7265510559082
2021-07-29,17.7,1.08,,,,30.91729736328125,8.806323051452637,44.07206344604492
2021-07-30,18.24,1.05,,,,80.90396118164062,125.46322631835938,67.27417755126953
2021-08-01,,,0.09,272.676,5.1,40.6949348449707,0.0,67.67822265625
2021-08-02,19.46,1.03,,,,111.9454574584961,40.58213424682617,160.78517150878906
2021-08-03,18.04,1.02,,,,50.82042694091797,46.05817794799805,46.10047912597656
2021-08-04,17.97,1.02,,,,89.99213409423828,76.898681640625,92.64825439453125
2021-08-05,17.28,1.02,,,,99.66178131103516,75.69905853271484,110.495849609375
2021-08-06,16.15,1.1,,,,63.62165832519531,16.91355323791504,98.75301361083984
2021-08-09,16.72,1.1,,,,42.60537338256836,53.0927848815918,26.570775985717773
2021-08-10,16.79,1.12,,,,103.37091064453125,46.84214401245117,140.65550231933594
2021-08-11,16.06,1.12,,,,71.90812683105469,47.79119110107422,103.64269256591797
2021-08-12,15.59,1.13,,,,76.1509780883789,94.8957290649414,55.40668869018555
2021-08-13,15.45,1.06,,,,95.29304504394531,126.66629028320312,60.37268829345703
2021-08-16,16.12,1.05,,,,127.20260620117188,95.10829162597656,185.10264587402344
2021-08-17,17.91,1.03,,,,157.74131774902344,137.5988006591797,163.95855712890625
2021-08-18,21.57,1.04,,,,83.16069793701172,73.69308471679688,99.8843765258789
2021-08-19,21.67,1.02,,,,49.64338684082031,8.998287200927734,75.05459594726562
2021-08-20,18.56,1.03,,,,68.60346984863281,48.851646423339844,81.49419403076172
2021-08-23,17.15,1.02,,,,189.92799377441406,44.55138397216797,297.28204345703125
2021-08-24,17.22,1.05,,,,133.26422119140625,151.83316040039062,150.3895721435547
2021-08-25,16.79,1.12,,,,47.52607727050781,47.37978744506836,63.2310791015625
2021-08-26,18.84,1.09,,,,114.39083099365234,133.04518127441406,134.75270080566406
2021-08-27,16.39,1.09,,,,103.81266021728516,141.12698364257812,86.32347869873047
2021-08-30,16.19,1.09,,,,107.77188873291016,124.40440368652344,94.33232116699219
2021-08-31,16.48,1.1,,,,203.01235961914062,108.59815979003906,288.2141418457031
2021-09-01,16.11,1.11,0.08,273.91,4.7,80.03519439697266,88.65426635742188,73.9464111328125
2021-09-02,16.41,1.09,,,,106.2608871459961,55.26980972290039,138.30145263671875
2021-09-03,16.41,1.12,,,,98.69049072265625,136.88584899902344,92.76825714111328
2021-09-06,,,,,,81.71419525146484,137.85989379882812,104.53524780273438
2021-09-07,18.14,1.16,,,,117.78018951416016,88.06324005126953,130.58387756347656
2021-09-08,17.96,1.13,,,,85.30216979980469,75.59075927734375,86.69396209716797
2021-09-09,18.8,1.07,,,,73.61261749267578,36.693016052246094,99.46820068359375
2021-09-10,20.95,1.12,,,,65.9410400390625,85.07279205322266,45.15579605102539
2021-09-13,19.37,1.12,,,,104.92296600341797,109.5809555053711,91.40133666992188
2021-09-14,19.46,1.07,,,,69.78723907470703,37.10529708862305,100.58580780029297
2021-09-15,18.18,1.1,,,,65.9686279296875,56.37049102783203,70.52783203125
2021-09-16,18.69,1.11,,,,119.12415313720703,45.67595291137695,160.01266479492188
2021-09-17,20.81,1.14,,,,151.90768432617188,48.851646423339844,220.03431701660156
2021-09-20,25.71,1.08,,,,59.95597839355469,49.80952072143555,58.164485931396484
2021-09-21,24.36,1.11,,,,84.70899963378906,26.667871475219727,118.63273620605469
2021-09-22,20.87,1.07,,,,54.23030090332031,45.05281448364258,60.12559509277344
2021-09-23,18.63,1.14,,,,68.83257293701172,60.043113708496094,85.85466766357422
2021-09-24,17.75,1.18,,,,92.75189971923828,70.4505844116211,110.1801528930664
2021-09-27,18.76,1.17,,,,57.03129577636719,47.37978744506836,55.32719421386719
2021-09-28,23.25,1.23,,,,96.15580749511719,67.10188293457031,111.93920135498047
2021-09-29,22.56,1.25,,,,59.39776611328125,81.98990631103516,83.58494567871094
2021-09-30,23.14,1.24,,,,102.68067169189453,62.308895111083984,148.4907684326172
2021-10-01,21.15,1.21,0.08,276.55,4.5,68.03733825683594,67.82791137695312,91.93466186523438
2021-10-04,22.96,1.22,,,,65.81260681152344,17.496007919311523,102.15377807617188
2021-10-05,21.3,1.26,,,,171.9004364013672,120.4230728149414,185.4364471435547
2021-10-06,21.0,1.23,,,,56.072113037109375,0.0,93.25143432617188
2021-10-07,19.54,1.26,,,,121.3052978515625,74.41963195800781,139.66497802734375
2021-10-08,18.77,1.29,,,,94.39959716796875,25.66609764099121,142.7204132080078
2021-10-11,20.0,,,,,50.806251525878906,20.259946823120117,76.04458618164062
2021-10-12,19.85,1.24,,,,81.5680160522461,108.4225845336914,52.75383377075195
2021-10-13,18.64,1.19,,,,94.00530242919922,116.02925872802734,74.44605255126953
2021-10-14,16.86,1.16,,,,55.363250732421875,64.39163970947266,53.708988189697266
2021-10-15,16.3,1.18,,,,107.1450424194336,151.32159423828125,74.2453842163086
2021-10-18,16.31,1.15,,,,126.71024322509766,27.068614959716797,188.149169921875
2021-10-19,15.7,1.24,,,,133.84112548828125,28.59195899963379,198.73765563964844
2021-10-20,15.49,1.25,,,,76.40929412841797,62.73161315917969,104.64871978759766
2021-10-21,15.01,1.23,,,,94.00530242919922,80.32794952392578,104.2244644165039
2021-10-22,15.43,1.18,,,,86.04071807861328,68.6207046508789,107.31832885742188
2021-10-25,15.24,1.17,,,,79.62903594970703,116.42976379394531,123.59953308105469
2021-10-26,15.98,1.16,,,,144.6536102294922,105.7527847290039,160.37867736816406
2021-10-27,16.98,1.04,,,,102.93289184570312,55.97239303588867,140.05950927734375
2021-10-28,16.53,1.07,,,,96.13255310058594,87.85026550292969,99.92153930664062
2021-10-29,16.26,1.07,,,,55.781578063964844,25.66609764099121,71.3602066040039
2021-11-01,16.41,1.08,0.08,278.919,4.1,124.33229064941406,17.70708465576172,199.38766479492188
2021-11-02,16.03,1.1,,,,62.866249084472656,28.925880432128906,96.50816345214844
2021-11-03,15.1,1.13,,,,73.80557250976562,60.59396743774414,101.08270263671875
2021-11-04,15.44,1.12,,,,122.68769073486328,61.155025482177734,160.31504821777344
2021-11-05,16.48,1.06,,,,76.9422836303711,64.59406280517578,101.02091979980469
2021-11-08,17.22,1.06,,,,46.36564636230469,71.90232849121094,34.270652770996094
2021-11-09,17.78,1.05,,,,84.5761947631836,28.105287551879883,117.21292114257812
2021-11-10,18.73,1.05,,,,135.30206298828125,37.209815979003906,193.97914123535156
2021-11-11,17.66,,,,,83.04486846923828,45.9940299987793,115.09069061279297
2021-11-12,16.29,1.05,,,,101.21734619140625,27.51976203918457,153.02798461914062
2021-11-15,16.49,1.1,,,,141.16055297851562,28.14521026611328,211.282958984375
2021-11-16,16.37,1.09,,,,122.86271667480469,56.53131866455078,165.03445434570312
2021-11-17,17.11,1.08,,,,126.06885528564453,78.00877380371094,180.74172973632812
2021-11-18,17.59,1.07,,,,158.1717071533203,54.06337356567383,217.95529174804688
2021-11-19,17.91,1.02,,,,108.7573471069336,81.31694030761719,150.72525024414062
2021-11-22,19.17,1.0,,,,128.9940643310547,41.15104293823242,180.20118713378906
2021-11-23,19.38,1.07,,,,80.91041564941406,28.468717575073242,118.7286148071289
2021-11-24,18.58,1.0,,,,87.68561553955078,126.26714324951172,48.60889434814453
2021-11-25,,,,,,118.09510040283203,47.09263610839844,166.93963623046875
2021-11-26,28.62,0.98,,,,58.97747039794922,9.799321174621582,98.0832290649414
2021-11-29,22.96,1.01,,,,60.78105545043945,20.19799041748047,101.08270263671875
2021-11-30,27.19,0.91,,,,92.78900909423828,18.50067901611328,146.59823608398438
2021-12-01,31.12,0.87,0.08,280.845,3.9,86.94403076171875,17.335281372070312,130.134033203125
2021-12-02,27.95,0.81,,,,93.12439727783203,26.525070190429688,140.12200927734375
2021-12-03,30.67,0.75,,,,106.17205047607422,42.33809280395508,162.44509887695312
2021-12-06,27.18,0.78,,,,120.544677734375,67.29723358154297,184.43548583984375
2021-12-07,21.89,0.78,,,,202.4346923828125,155.9453125,237.19338989257812
2021-12-08,19.9,0.84,,,,145.55889892578125,52.76758575439453,212.73130798339844
2021-12-09,21.58,0.79,,,,104.557373046875,66.33170318603516,150.17381286621094
2021-12-10,18.69,0.81,,,,164.97715759277344,112.53166198730469,245.486572265625
2021-12-13,20.31,0.76,,,,110.41893005371094,10.483718872070312,174.88914489746094
2021-12-14,21.89,0.77,,,,129.9046173095703,101.75373840332031,177.46104431152344
2021-12-15,19.29,0.78,,,,72.01234436035156,26.921504974365234,112.2759780883789
2021-12-16,20.57,0.8,,,,136.24957275390625,59.42570495605469,212.4296112060547
2021-12-17,21.57,0.75,,,,95.44012451171875,71.3597640991211,125.6556396484375
2021-12-20,22.87,0.78,,,,53.08602523803711,21.16904640197754,88.28538513183594
2021-12-21,21.01,0.78,,,,101.40513610839844,19.255809783935547,160.6124725341797
2021-12-22,18.63,0.78,,,,141.3362274169922,17.612646102905273,227.7056427001953
2021-12-23,17.96,0.79,,,,135.30911254882812,59.95227813720703,225.0275421142578
2021-12-24,,,,,,135.7197723388672,60.13422775268555,208.99118041992188
2021-12-27,17.68,0.72,,,,78.87065887451172,17.472864151000977,131.16685485839844
2021-12-28,17.54,0.75,,,,58.89009475708008,14.677206039428711,85.6956787109375
2021-12-29,16.95,0.8,,,,37.88884735107422,21.584125518798828,63.01152801513672
2021-12-30,17.33,0.79,,,,147.22523498535156,56.4507942199707,197.75926208496094
2021-12-31,17.22,0.79,,,,76.59115600585938,0.0,127.37589263916016
2022-01-01,,,0.08,282.543,4.0,63.09653091430664,31.451156616210938,91.8167953491211
2022-01-03,16.6,0.85,,,,52.34305953979492,14.909126281738281,74.61409759521484
2022-01-04,16.91,0.89,,,,88.9631118774414,10.434032440185547,139.2482147216797
2022-01-05,19.73,0.88,,,,96.48255157470703,82.44477081298828,137.53416442871094
2022-01-06,19.61,0.85,,,,70.01464080810547,69.79913330078125,65.49678802490234
2022-01-07,18.76,0.89,,,,118.95960998535156,72.98058319091797,182.61903381347656
2022-01-10,19.4,0.86,,,,130.00657653808594,51.84256362915039,172.96726989746094
2022-01-11,18.41,0.85,,,,188.9130096435547,78.8364486694336,270.3359069824219
2022-01-12,17.62,0.82,,,,78.2134017944336,36.693016052246094,114.77099609375
2022-01-13,20.31,0.79,,,,170.64743041992188,100.07186126708984,250.40943908691406
2022-01-14,19.19,0.79,,,,133.57127380371094,17.754684448242188,207.3282470703125
2022-01-17,,,,,,109.26873016357422,137.5988006591797,86.0782470703125
2022-01-18,22.79,0.81,,,,138.8214874267578,114.5331039428711,151.25888061523438
2022-01-19,23.85,0.79,,,,153.562744140625,52.48802185058594,233.49436950683594
2022-01-20,25.59,0.75,,,,136.3739776611328,26.313716888427734,212.1663055419922
2022-01-21,28.85,0.74,,,,185.75144958496094,88.1808090209961,242.71995544433594
2022-01-24,29.9,0.76,,,,185.8010711669922,42.33809280395508,282.5132141113281
2022-01-25,31.16,0.76,,,,291.5824279785156,123.89849853515625,397.4753112792969
2022-01-26,31.96,0.72,,,,260.3373107910156,71.59613037109375,425.4924621582031
2022-01-27,30.49,0.63,,,,265.0054016113281,79.25691223144531,411.3392333984375
2022-01-28,27.66,0.63,,,,182.23171997070312,80.7425765991211,282.85858154296875
2022-01-31,24.83,0.61,,,,142.98854064941406,19.006452560424805,237.79888916015625
2022-02-01,21.96,0.63,0.08,284.5,3.9,190.58609008789062,54.285552978515625,286.770263671875
2022-02-02,22.09,0.62,,,,250.3199920654297,58.22821044921875,395.4829406738281
2022-02-03,24.35,0.63,,,,176.28762817382812,40.870933532714844,272.72314453125
2022-02-04,23.22,0.62,,,,92.57479858398438,64.20162963867188,107.10100555419922
2022-02-07,22.86,0.62,,,,195.15126037597656,29.930856704711914,299.58349609375
2022-02-08,21.44,0.61,,,,158.38780212402344,81.20585632324219,225.77899169921875
2022-02-09,19.96,0.58,,,,117.17926788330078,35.94417953491211,172.39071655273438
2022-02-10,23.91,0.42,,,,108.53760528564453,17.312562942504883,173.28463745117188
2022-02-11,27.36,0.42,,,,179.2779541015625,73.115234375,250.7174530029297
2022-02-14,28.33,0.4,,,,191.8865509033203,70.4774398803711,285.52783203125
2022-02-15,25.7,0.47,,,,229.06053161621094,87.82902526855469,380.9420166015625
2022-02-16,24.29,0.51,,,,223.4668731689453,61.155025482177734,371.6394348144531
2022-02-17,28.11,0.48,,,,228.45294189453125,91.09989929199219,334.33978271484375
2022-02-18,27.75,0.45,,,,226.35154724121094,147.54351806640625,318.5234375
2022-02-21,,,,,,152.3668212890625,135.02029418945312,244.01055908203125
2022-02-22,28.81,0.38,,,,279.43438720703125,121.55968475341797,439.3686828613281
2022-02-23,31.02,0.41,,,,431.0212097167969,183.46507263183594,692.6530151367188
2022-02-24,30.32,0.42,,,,370.7033996582031,189.51914978027344,545.3680419921875
2022-02-25,27.59,0.42,,,,515.8916625976562,162.41171264648438,797.75244140625
2022-02-28,30.15,0.39,,,,452.6180725097656,218.17466735839844,678.2862548828125
2022-03-01,33.32,0.41,0.2,287.674,3.7,540.827392578125,287.5534362792969,809.48681640625
2022-03-02,30.74,0.36,,,,523.524658203125,203.2228546142578,778.1954956054688
2022-03-03,30.48,0.33,,,,436.8221435546875,353.82550048828125,552.4142456054688
2022-03-04,31.98,0.24,,,,350.0732116699219,226.84716796875,465.75494384765625
2022-03-07,36.45,0.23,,,,362.3121032714844,247.6778564453125,473.4303283691406
2022-03-08,35.13,0.23,,,,352.1051025390625,360.2586975097656,408.3599853515625
2022-03-09,32.45,0.26,,,,295.3064270019531,179.1984405517578,391.4669189453125
2022-03-10,30.23,0.26,,,,352.40081787109375,384.1055908203125,343.8245849609375
2022-03-11,30.75,0.25,,,,410.3309631347656,289.7564392089844,497.5877990722656
2022-03-14,31.77,0.27,,,,350.1087951660156,204.04896545410156,492.6754455566406
2022-03-15,29.83,0.3,,,,311.88226318359375,207.28150939941406,400.7980041503906
2022-03-16,26.67,0.24,,,,473.2239685058594,343.9051513671875,632.5429077148438
2022-03-17,25.67,0.26,,,,290.32562255859375,227.74974060058594,348.2705993652344
2022-03-18,23.87,0.17,,,,285.3160400390625,202.4811553955078,394.0749816894531
2022-03-21,23.53,0.18,,,,227.73902893066406,227.03802490234375,223.8034210205078
2022-03-22,22.94,0.2,,,,244.8419647216797,201.01390075683594,295.4105529785156
2022-03-23,23.57,0.19,,,,267.4743957519531,297.41851806640625,342.1744079589844
2022-03-24,21.67,0.21,,,,317.01409912109375,265.6553955078125,420.2433166503906
2022-03-25,20.81,0.18,,,,350.7424621582031,328.0787353515625,424.8777160644531
2022-03-28,19.63,0.11,,,,281.920654296875,319.3782653808594,277.0487365722656
2022-03-29,18.9,0.06,,,,233.35958862304688,181.5736846923828,283.9694519042969
2022-03-30,19.33,0.04,,,,233.50888061523438,270.6861572265625,243.84130859375
2022-03-31,20.56,0.04,,,,254.8129119873047,220.89439392089844,331.64593505859375
2022-04-01,19.63,-0.05,0.33,288.561,3.7,188.15780639648438,167.83352661132812,205.86724853515625
2022-04-04,18.57,-0.01,,,,163.0200653076172,143.01608276367188,184.35655212402344
2022-04-05,21.03,0.03,,,,212.41769409179688,137.36032104492188,276.8825378417969
2022-04-06,22.1,0.11,,,,175.74716186523438,116.80413055419922,247.99391174316406
2022-04-07,21.55,0.19,,,,243.41552734375,232.1155548095703,290.41094970703125
2022-04-08,21.16,0.19,,,,219.47674560546875,152.65199279785156,263.1421203613281
2022-04-11,24.37,0.29,,,,195.2273712158203,226.01780700683594,240.88816833496094
2022-04-12,24.26,0.33,,,,226.25242614746094,219.77252197265625,260.4959716796875
2022-04-13,21.82,0.33,,,,258.87689208984375,305.4825134277344,254.80258178710938
2022-04-14,22.7,0.36,,,,265.656005859375,302.6723327636719,279.50775146484375
2022-04-15,,,,,,168.43563842773438,186.57464599609375,186.7460174560547
2022-04-18,22.17,0.39,,,,218.6294708251953,184.93280029296875,264.432373046875
2022-04-19,21.37,0.32,,,,213.5172576904297,243.26858520507812,223.2010498046875
2022-04-20,20.32,0.25,,,,189.60824584960938,166.7864227294922,250.40943908691406
2022-04-21,22.68,0.22,,,,128.264404296875,111.19095611572266,139.11634826660156
2022-04-22,28.21,0.18,,,,246.79725646972656,218.7000732421875,319.2305908203125
2022-04-25,27.02,0.18,,,,246.8994598388672,232.46505737304688,285.14532470703125
2022-04-26,33.52,0.23,,,,160.5444793701172,160.05030822753906,169.09716796875
2022-04-27,31.6,0.24,,,,186.6986541748047,127.62787628173828,239.52207946777344
2022-04-28,29.99,0.22,,,,176.37631225585938,131.87506103515625,219.99363708496094
2022-04-29,33.4,0.19,,,,148.93714904785156,143.35874938964844,170.8219451904297
2022-05-01,,,0.77,291.298,3.6,66.92056274414062,100.07186126708984,55.646541595458984
2022-05-02,32.34,0.26,,,,96.6702651977539,128.49693298339844,107.17913055419922
2022-05-03,29.25,0.19,,,,157.47349548339844,156.98878479003906,187.06307983398438
2022-05-04,25.42,0.27,,,,163.44906616210938,217.2612762451172,172.156494140625
2022-05-05,31.2,0.34,,,,144.69874572753906,144.25335693359375,171.88790893554688
2022-05-06,30.19,0.4,,,,174.06805419921875,178.79080200195312,192.99072265625
2022-05-09,34.75,0.44,,,,150.86941528320312,170.0230712890625,174.54281616210938
2022-05-10,32.99,0.37,,,,143.2461700439453,190.40699768066406,158.8182373046875
2022-05-11,32.56,0.25,,,,176.37631225585938,175.83340454101562,210.82723999023438
2022-05-12,31.77,0.28,,,,158.2610626220703,174.09535217285156,163.3643035888672
2022-05-13,28.87,0.32,,,,162.08282470703125,141.38592529296875,210.58897399902344
2022-05-16,27.47,0.3,,,,168.75344848632812,174.46490478515625,197.4927215576172
2022-05-17,26.1,0.27,,,,174.62417602539062,158.26060485839844,220.00830078125
2022-05-18,30.96,0.21,,,,165.89596557617188,128.04025268554688,195.79672241210938
2022-05-19,29.35,0.21,,,,162.38076782226562,129.5047607421875,189.0345916748047
2022-05-20,29.43,0.18,,,,140.9603271484375,90.33842468261719,200.9364471435547
2022-05-23,28.48,0.21,,,,150.3084716796875,115.2660140991211,173.0578155517578
2022-05-24,29.45,0.26,,,,222.35826110839844,295.5650634765625,265.49432373046875
2022-05-25,28.37,0.27,,,,155.10350036621094,209.8496856689453,147.398193359375
2022-05-26,27.5,0.29,,,,134.57305908203125,72.23937225341797,172.156494140625
2022-05-27,25.72,0.27,,,,155.51962280273438,124.03273010253906,181.0471954345703
2022-05-30,26.54,,,,,115.82404327392578,138.56103515625,128.4150848388672
2022-05-31,26.19,0.32,,,,190.30909729003906,177.8656005859375,217.59097290039062
2022-06-01,25.69,0.28,1.21,294.957,3.6,168.34361267089844,162.41171264648438,207.71669006347656
2022-06-02,24.72,0.27,,,,142.59397888183594,120.28504180908203,164.17572021484375
2022-06-03,24.79,0.3,,,,142.78309631347656,102.48738098144531,189.9657745361328
2022-06-06,25.07,0.31,,,,190.12530517578125,145.80006408691406,231.06211853027344
2022-06-07,24.02,0.23,,,,139.0311279296875,108.4720458984375,201.0586700439453
2022-06-08,23.96,0.25,,,,152.3668212890625,146.27198791503906,178.31541442871094
2022-06-09,26.09,0.21,,,,115.55469512939453,76.79933166503906,155.56997680664062
2022-06-10,27.75,0.09,,,,94.34528350830078,52.25271224975586,122.03498077392578
2022-06-13,34.02,0.03,,,,147.22523498535156,146.77206420898438,163.2298583984375
2022-06-14,32.69,0.04,,,,136.36642456054688,113.28888702392578,188.98825073242188
2022-06-15,29.62,0.13,,,,110.05207824707031,120.6846694946289,91.51174926757812
2022-06-16,32.95,0.14,,,,132.2822265625,109.89588165283203,128.32962036132812
2022-06-17,31.13,0.08,,,,114.04771423339844,82.68848419189453,137.9407196044922
2022-06-20,31.03,,,,,115.72289276123047,115.36668395996094,144.3408203125
2022-06-21,30.19,0.1,,,,116.76954650878906,98.02957916259766,153.31190490722656
2022-06-22,28.95,0.1,,,,121.32015991210938,126.20527648925781,131.58457946777344
2022-06-23,29.05,0.08,,,,143.56231689453125,190.8272247314453,141.48333740234375
2022-06-24,27.23,0.09,,,,149.3589324951172,106.35655975341797,204.03732299804688
2022-06-27,26.95,0.12,,,,131.99984741210938,100.26174926757812,177.7099151611328
2022-06-28,28.36,0.1,,,,200.76168823242188,189.0246124267578,241.135009765625
2022-06-29,28.16,0.04,,,,181.88807678222656,186.822998046875,238.32644653320312
2022-06-30,28.71,0.06,,,,173.20616149902344,151.08888244628906,225.04116821289062
2022-07-01,26.7,0.04,1.68,294.913,3.5,119.07923889160156,107.92063903808594,153.02798461914062
2022-07-04,27.53,,,,,80.43762969970703,87.48003387451172,97.28931427001953
2022-07-05,27.54,0.0,,,,109.64945220947266,138.0782470703125,86.378173828125
2022-07-06,26.73,-0.04,,,,138.9888458251953,150.1077880859375,134.83584594726562
2022-07-07,26.08,-0.02,,,,88.63056945800781,66.26831817626953,110.54864501953125
2022-07-08,24.64,-0.03,,,,110.41893005371094,83.8697509765625,122.42239379882812
2022-07-11,26.17,-0.08,,,,112.85301208496094,52.94382858276367,154.56134033203125
2022-07-12,27.29,-0.07,,,,113.63867950439453,147.27557373046875,113.39295196533203
2022-07-13,26.82,-0.22,,,,182.87045288085938,145.84605407714844,217.23216247558594
2022-07-14,26.4,-0.19,,,,165.35279846191406,98.90629577636719,210.82723999023438
2022-07-15,24.23,-0.2,,,,192.0329132080078,148.89918518066406,239.52207946777344
2022-07-18,25.3,-0.19,,,,128.70916748046875,162.07957458496094,135.19036865234375
2022-07-19,24.5,-0.22,,,,151.07994079589844,89.25328063964844,223.338134765625
2022-07-20,23.88,-0.21,,,,149.56410217285156,55.22359848022461,239.52207946777344
2022-07-21,23.11,-0.19,,,,117.50662994384766,100.40994262695312,158.19784545898438
2022-07-22,23.03,-0.21,,,,125.4760513305664,40.02873992919922,200.32754516601562
2022-07-25,23.36,-0.19,,,,109.55962371826172,38.54907989501953,160.76870727539062
2022-07-26,24.69,-0.21,,,,160.8621063232422,154.42742919921875,178.34915161132812
2022-07-27,23.24,-0.18,,,,145.54339599609375,127.68394470214844,154.91058349609375
2022-07-28,22.33,-0.17,,,,106.68494415283203,95.72090911865234,124.1966323852539
2022-07-29,21.33,-0.22,,,,68.24624633789062,52.33551788330078,87.30598449707031
2022-08-01,22.84,-0.3,2.33,295.097,3.6,130.93153381347656,117.47565460205078,163.3105010986328
2022-08-02,23.93,-0.31,,,,204.4794921875,116.48576354980469,262.3337097167969
2022-08-03,21.95,-0.37,,,,210.2315673828125,124.61779022216797,264.58355712890625
2022-08-04,21.44,-0.35,,,,212.0501708984375,148.54957580566406,285.9346618652344
2022-08-05,21.15,-0.41,,,,163.9325408935547,112.70892333984375,206.82281494140625
2022-08-08,21.29,-0.44,,,,149.09796142578125,103.40105438232422,204.8358917236328
2022-08-09,21.77,-0.48,,,,212.57118225097656,153.0510711669922,255.31942749023438
2022-08-10,19.74,-0.45,,,,80.65382385253906,68.91905975341797,86.22794342041016
2022-08-11,20.2,-0.36,,,,130.26951599121094,136.05274963378906,154.74740600585938
2022-08-12,19.53,-0.41,,,,182.54019165039062,160.56910705566406,205.36009216308594
2022-08-15,19.95,-0.41,,,,110.41893005371094,90.65332794189453,108.01976013183594
2022-08-16,19.69,-0.43,,,,96.5411376953125,96.24397277832031,100.34622192382812
2022-08-17,19.9,-0.39,,,,156.08956909179688,138.3192138671875,173.0578155517578
2022-08-18,19.56,-0.34,,,,100.73998260498047,59.076412200927734,137.97157287597656
2022-08-19,20.6,-0.27,,,,117.67557525634766,129.04470825195312,146.77639770507812
2022-08-22,23.8,-0.29,,,,101.72952270507812,76.06229400634766,137.46084594726562
2022-08-23,24.11,-0.24,,,,145.3411865234375,144.89381408691406,171.21229553222656
2022-08-24,22.82,-0.25,,,,102.45054626464844,56.74177551269531,141.98472595214844
2022-08-25,21.78,-0.32,,,,149.11880493164062,169.89691162109375,141.71080017089844
2022-08-26,25.56,-0.33,,,,108.25385284423828,86.33650207519531,135.0247039794922
2022-08-29,26.21,-0.3,,,,120.45700073242188,146.77206420898438,144.68099975585938
2022-08-30,26.21,-0.35,,,,115.27250671386719,60.482994079589844,171.52587890625
2022-08-31,25.87,-0.3,,,,97.74789428710938,119.10192108154297,72.24928283691406
2022-09-01,25.56,-0.25,2.56,296.349,3.5,187.71217346191406,198.14227294921875,201.99693298339844
2022-09-02,25.47,-0.2,,,,84.12870788574219,94.35346984863281,78.70011138916016
2022-09-05,25.99,,,,,83.9590835571289,45.654903411865234,101.54853057861328
2022-09-06,26.91,-0.17,,,,119.15711212158203,95.03227233886719,148.62429809570312
2022-09-07,24.64,-0.18,,,,124.28883361816406,86.19566345214844,170.7522735595703
2022-09-08,23.61,-0.19,,,,99.42936706542969,93.90628814697266,130.5452117919922
2022-09-09,22.79,-0.23,,,,94.32772064208984,55.316104888916016,129.18946838378906
2022-09-12,23.87,-0.21,,,,111.95556640625,131.3070068359375,109.52301788330078
2022-09-13,27.27,-0.33,,,,132.26222229003906,143.84193420410156,179.9675750732422
2022-09-14,26.16,-0.37,,,,202.9320831298828,178.50656127929688,238.22735595703125
2022-09-15,26.27,-0.42,,,,95.6089096069336,156.98878479003906,56.11892318725586
2022-09-16,26.3,-0.4,,,,127.40645599365234,105.8452377319336,176.57077026367188
2022-09-19,25.76,-0.46,,,,122.18487548828125,67.67153930664062,158.04530334472656
2022-09-20,27.16,-0.39,,,,109.77320098876953,90.1231918334961,139.60447692871094
2022-09-21,27.99,-0.51,,,,189.75428771972656,162.14588928222656,261.4750061035156
2022-09-22,27.35,-0.41,,,,225.8568878173828,150.1077880859375,348.7845764160156
2022-09-23,29.92,-0.51,,,,187.7991180419922,93.61052703857422,277.6192932128906
2022-09-26,32.26,-0.39,,,,163.0200653076172,104.0116958618164,216.8900604248047
2022-09-27,32.6,-0.33,,,,155.8855438232422,99.90367126464844,240.72975158691406
2022-09-28,30.18,-0.35,,,,202.5867919921875,185.5878143310547,282.27972412109375
2022-09-29,31.84,-0.4,,,,156.9405975341797,122.930908203125,186.43003845214844
2022-09-30,31.62,-0.39,,,,162.7410430908203,104.67103576660156,226.9955596923828
2022-10-01,,,3.08,298.007,3.6,154.9739227294922,135.18478393554688,209.40672302246094
2022-10-03,30.1,-0.45,,,,123.89524841308594,91.0102310180664,195.20106506347656
2022-10-04,29.07,-0.48,,,,164.21275329589844,90.3212661743164,254.26190185546875
2022-10-05,28.55,-0.39,,,,171.14932250976562,121.08694458007812,229.5419921875
2022-10-06,30.52,-0.4,,,,202.70140075683594,148.89918518066406,257.2644348144531
2022-10-07,31.36,-0.41,,,,144.24093627929688,39.66812515258789,239.8817138671875
2022-10-10,32.45,,,,,193.3405303955078,256.9938659667969,203.64035034179688
2022-10-11,33.63,-0.37,,,,228.25112915039062,256.721435546875,233.5974884033203
2022-10-12,33.57,-0.37,,,,181.95040893554688,149.38027954101562,258.0956726074219
2022-10-13,31.94,-0.5,,,,133.84112548828125,100.07186126708984,166.93963623046875
2022-10-14,32.02,-0.48,,,,147.22523498535156,94.35346984863281,183.6335906982422
2022-10-17,31.37,-0.43,,,,171.66856384277344,139.44754028320312,200.90431213378906
2022-10-18,30.5,-0.42,,,,128.9849395751953,58.44905090332031,195.00912475585938
2022-10-19,30.76,-0.41,,,,160.19326782226562,148.29299926757812,190.2938690185547
2022-10-20,29.98,-0.38,,,,159.91705322265625,148.03733825683594,180.4674835205078
2022-10-21,29.69,-0.28,,,,174.34567260742188,115.8726806640625,237.22999572753906
2022-10-24,29.85,-0.25,,,,93.57535552978516,37.3149299621582,124.49734497070312
2022-10-25,28.46,-0.32,,,,139.72164916992188,69.64579010009766,193.6382293701172
2022-10-26,27.28,-0.35,,,,133.39198303222656,110.81782531738281,138.64952087402344
2022-10-27,27.39,-0.34,,,,180.4924774169922,201.10594177246094,220.7134552001953
2022-10-28,25.75,-0.39,,,,203.68539428710938,128.2474365234375,267.42755126953125
2022-10-31,25.88,-0.41,,,,113.79048919677734,138.64918518066406,105.13373565673828
2022-11-01,25.81,-0.47,3.78,298.786,3.6,136.88296508789062,163.7539520263672,127.48117065429688
2022-11-02,25.86,-0.51,,,,150.81610107421875,75.17593383789062,214.98565673828125
2022-11-03,25.3,-0.57,,,,186.55252075195312,120.63455963134766,251.55287170410156
2022-11-04,24.55,-0.49,,,,115.8915786743164,115.53485870361328,136.52059936523438
2022-11-07,24.35,-0.5,,,,139.72164916992188,104.46868896484375,183.95631408691406
2022-11-08,25.54,-0.53,,,,225.73756408691406,146.53944396972656,305.5709533691406
2022-11-09,26.09,-0.49,,,,137.41021728515625,156.55685424804688,163.2298583984375
2022-11-10,23.53,-0.52,,,,98.15015411376953,127.20244598388672,81.61492919921875
2022-11-11,22.52,,,,,111.09221649169922,110.75025939941406,125.9681625366211
2022-11-14,23.73,-0.52,,,,188.92971801757812,163.23509216308594,198.9945831298828
2022-11-15,24.54,-0.57,,,,196.5082550048828,100.75031280517578,280.1190185546875
2022-11-16,24.11,-0.68,,,,170.58071899414062,164.5699920654297,183.02349853515625
2022-11-17,23.93,-0.66,,,,153.21286010742188,158.00819396972656,193.2985076904297
2022-11-18,23.12,-0.69,,,,77.71419525146484,67.79061889648438,88.8549575805664
2022-11-21,22.36,-0.65,,,,107.62855529785156,83.45343017578125,159.10491943359375
2022-11-22,21.29,-0.71,,,,105.24880981445312,143.58135986328125,119.76103973388672
2022-11-23,20.35,-0.75,,,,105.60198974609375,99.73604583740234,138.64952087402344
2022-11-24,20.42,,,,,46.46888732910156,39.70787048339844,44.16038131713867
2022-11-25,20.5,-0.74,,,,80.51380157470703,80.2659683227539,76.51399230957031
2022-11-28,22.21,-0.77,,,,87.9999008178711,25.06543731689453,146.34934997558594
2022-11-29,21.89,-0.73,,,,100.55011749267578,66.82707977294922,111.48076629638672
2022-11-30,20.58,-0.7,,,,81.59033203125,21.690452575683594,126.64385223388672
2022-12-01,19.84,-0.72,4.1,298.832,3.5,65.94698333740234,40.45784378051758,84.36458587646484
2022-12-02,19.06,-0.77,,,,109.09654235839844,138.42276000976562,123.70526885986328
2022-12-05,20.75,-0.81,,,,98.96951293945312,139.2915802001953,106.50102233886719
2022-12-06,22.17,-0.83,,,,139.096923828125,133.53289794921875,162.78561401367188
2022-12-07,22.68,-0.84,,,,127.40645599365234,74.09166717529297,150.08514404296875
2022-12-08,22.29,-0.83,,,,140.9603271484375,97.28752899169922,171.3112030029297
2022-12-09,22.83,-0.76,,,,117.3084716796875,55.68922805786133,176.51121520996094
2022-12-12,25.0,-0.78,,,,158.36978149414062,157.88229370117188,153.63766479492188
2022-12-13,22.55,-0.71,,,,152.62684631347656,146.52159118652344,150.4165802001953
2022-12-14,21.14,-0.74,,,,133.39198303222656,166.22674560546875,138.64952087402344
2022-12-15,22.83,-0.79,,,,73.61261749267578,45.1606330871582,84.75396728515625
2022-12-16,22.62,-0.69,,,,98.7958755493164,127.45994567871094,96.64925384521484
2022-12-19,22.42,-0.68,,,,171.4579620361328,164.09298706054688,159.68138122558594
2022-12-20,21.48,-0.56,,,,132.74404907226562,132.33546447753906,130.45008850097656
2022-12-21,20.07,-0.53,,,,169.54087829589844,169.01901245117188,195.20106506347656
2022-12-22,21.97,-0.57,,,,159.0032501220703,184.93280029296875,165.2702178955078
2022-12-23,20.87,-0.56,,,,114.92581939697266,161.74879455566406,78.70011138916016
2022-12-26,,,,,,64.6985855102539,51.599552154541016,64.55868530273438
2022-12-27,21.65,-0.48,,,,146.81739807128906,128.06979370117188,152.6040802001953
2022-12-28,22.14,-0.43,,,,151.88629150390625,86.52501678466797,192.4544219970703
2022-12-29,21.44,-0.51,,,,116.48590087890625,101.6114273071289,121.07709503173828
2022-12-30,21.67,-0.53,,,,150.22982788085938,194.6976318359375,112.42872619628906
2023-01-01,,,4.33,300.42,3.5,34.62614440917969,23.01304054260254,38.390296936035156
2023-01-02,,,,,,117.05186462402344,93.35325622558594,155.73165893554688
2023-01-03,22.9,-0.61,,,,198.44876098632812,167.40130615234375,215.79061889648438
2023-01-04,22.01,-0.67,,,,94.28560638427734,100.26174926757812,94.08171844482422
2023-01-05,22.46,-0.74,,,,100.73998260498047,118.15282440185547,88.69601440429688
2023-01-06,21.13,-0.69,,,,88.7294921875,106.14765167236328,88.53762817382812
2023-01-09,21.97,-0.66,,,,86.12676239013672,52.83794403076172,99.1621322631836
2023-01-10,20.58,-0.63,,,,114.62171936035156,102.84201049804688,114.37386322021484
2023-01-11,21.09,-0.66,,,,129.44314575195312,82.1193618774414,156.56149291992188
2023-01-12,18.83,-0.69,,,,114.44572448730469,126.77049255371094,105.7391128540039
2023-01-13,18.35,-0.73,,,,103.69776916503906,80.40556335449219,124.55147552490234
2023-01-16,19.49,,,,,107.10379791259766,152.5344696044922,114.50593566894531
2023-01-17,19.36,-0.65,,,,127.40645599365234,88.90999603271484,169.5079345703125
2023-01-18,20.34,-0.69,,,,76.7813720703125,65.61003112792969,100.32960510253906
2023-01-19,20.52,-0.7,,,,115.06175994873047,120.74484252929688,110.78443145751953
2023-01-20,19.85,-0.66,,,,152.3668212890625,123.76859283447266,168.93038940429688
2023-01-23,19.81,-0.69,,,,87.70545959472656,80.70968627929688,78.53982543945312
2023-01-24,19.2,-0.66,,,,89.98486328125,67.2809066772461,121.59100341796875
2023-01-25,19.08,-0.65,,,,110.61297607421875,116.0763168334961,106.50102233886719
2023-01-26,18.73,-0.68,,,,71.49427032470703,83.15322875976562,59.44972229003906
2023-01-27,18.51,-0.67,,,,120.77069091796875,171.99850463867188,86.0782470703125
2023-01-30,19.94,-0.7,,,,155.17120361328125,94.16130065917969,213.1795196533203
2023-01-31,19.4,-0.69,,,,148.3239288330078,153.3439483642578,146.17599487304688
2023-02-01,17.87,-0.7,4.57,301.45,3.6,108.70256805419922,114.07154846191406,123.69100952148438
2023-02-02,18.73,-0.69,,,,130.60302734375,118.36457061767578,167.83714294433594
2023-02-03,18.33,-0.77,,,,116.32762908935547,99.40248107910156,128.97341918945312
2023-02-06,19.43,-0.81,,,,112.52884674072266,126.20527648925781,128.6604766845703
2023-02-07,18.66,-0.8,,,,138.02365112304688,125.08982849121094,166.93963623046875
2023-02-08,19.63,-0.82,,,,134.977294921875,67.2809066772461,187.06307983398438
2023-02-09,20.71,-0.81,,,,169.5853729248047,169.06336975097656,188.020751953125
2023-02-10,20.53,-0.76,,,,147.8824920654297,153.3243865966797,167.23773193359375
2023-02-13,20.34,-0.8,,,,110.41893005371094,142.45523071289062,86.41580963134766
2023-02-14,18.91,-0.83,,,,82.66657257080078,35.319480895996094,127.65971374511719
2023-02-15,18.23,-0.81,,,,119.27412414550781,86.4778060913086,144.26206970214844
2023-02-16,20.17,-0.76,,,,134.74850463867188,123.13927459716797,149.39682006835938
2023-02-17,20.02,-0.78,,,,106.09647369384766,58.76105499267578,156.84007263183594
2023-02-20,21.23,,,,,146.02967834472656,76.62114715576172,204.51071166992188
2023-02-21,22.87,-0.72,,,,174.98080444335938,132.33546447753906,220.76168823242188
2023-02-22,22.29,-0.73,,,,150.3084716796875,149.84580993652344,173.0578155517578
2023-02-23,21.14,-0.78,,,,127.8748550415039,145.69285583496094,121.52223205566406
2023-02-24,21.67,-0.83,,,,110.97380065917969,88.5057601928711,147.6450958251953
2023-02-27,20.95,-0.86,,,,125.6263198852539,92.2818374633789,142.94830322265625
2023-02-28,20.7,-0.89,,,,146.95309448242188,146.50076293945312,162.9281463623047
2023-03-01,20.58,-0.88,4.65,301.821,3.5,92.77371978759766,97.92863464355469,108.90953826904297
2023-03-02,19.59,-0.81,,,,121.40300750732422,149.84580993652344,115.37188720703125
2023-03-03,18.49,-0.89,,,,154.6261444091797,213.43870544433594,128.57647705078125
2023-03-06,18.61,-0.91,,,,106.85701751708984,53.26405334472656,133.28244018554688
2023-03-07,19.59,-1.03,,,,161.43118286132812,90.1231918334961,204.03732299804688
2023-03-08,19.11,-1.07,,,,125.93231964111328,54.58464813232422,173.01014709472656
2023-03-09,22.61,-0.97,,,,147.4773406982422,79.16643524169922,198.09788513183594
2023-03-10,24.8,-0.9,,,,113.44409942626953,67.85694122314453,141.4984893798828
2023-03-13,26.52,-0.48,,,,144.29745483398438,87.56288146972656,177.37335205078125
2023-03-14,23.73,-0.56,,,,117.3084716796875,122.51631164550781,148.64102172851562
2023-03-15,26.14,-0.42,,,,101.751220703125,101.43802642822266,122.21348571777344
2023-03-16,22.99,-0.58,,,,112.81190490722656,163.58494567871094,119.39025115966797
2023-03-17,25.51,-0.42,,,,85.22901153564453,90.63111877441406,103.94354248046875
2023-03-20,24.15,-0.45,,,,94.06885528564453,80.38226318359375,111.74458312988281
2023-03-21,21.38,-0.58,,,,129.9046173095703,141.27792358398438,157.11964416503906
2023-03-22,22.26,-0.48,,,,114.43415832519531,48.03449249267578,170.27841186523438
2023-03-23,22.61,-0.38,,,,100.5713119506836,75.1963119506836,125.44230651855469
2023-03-24,21.74,-0.38,,,,72.6195297241211,55.68922805786133,83.6105728149414
2023-03-27,20.6,-0.41,,,,120.9456787109375,53.588172912597656,167.6168670654297
2023-03-28,19.97,-0.47,,,,76.7618179321289,47.09263610839844,98.19977569580078
2023-03-29,19.12,-0.51,,,,79.95852661132812,79.71240997314453,75.98631286621094
2023-03-30,19.02,-0.55,,,,129.30096435546875,110.4882583618164,133.11727905273438
2023-03-31,18.7,-0.58,,,,90.4455337524414,45.08356475830078,122.21348571777344
2023-04-01,,,4.83,302.845,3.4,52.35380172729492,28.468717575073242,63.32192611694336
2023-04-03,18.55,-0.54,,,,84.60388946533203,64.87959289550781,97.40878295898438
2023-04-04,19.0,-0.49,,,,119.4284439086914,75.1963119506836,146.34934997558594
2023-04-05,19.08,-0.49,,,,117.88497161865234,105.7698974609375,147.03756713867188
2023-04-06,18.4,-0.52,,,,173.69268798828125,123.68431091308594,226.96287536621094
2023-04-07,,-0.58,,,,169.00856018066406,134.79066467285156,224.85745239257812
2023-04-10,18.97,-0.59,,,,142.78309631347656,56.937435150146484,201.83865356445312
2023-04-11,19.1,-0.6,,,,92.75189971923828,52.83794403076172,110.1801528930664
2023-04-12,19.09,-0.54,,,,119.4284439086914,112.7944564819336,114.98876953125
2023-04-13,17.8,-0.51,,,,126.19306182861328,75.48277282714844,167.89356994628906
2023-04-14,17.07,-0.56,,,,119.80353546142578,47.77390670776367,169.3546600341797
2023-04-17,16.95,-0.58,,,,91.62421417236328,98.3685073852539,93.77033996582031
2023-04-18,16.83,-0.61,,,,106.85701751708984,146.47613525390625,88.8549575805664
2023-04-19,16.46,-0.64,,,,158.03074645996094,169.66310119628906,151.6240692138672
2023-04-20,17.17,-0.6,,,,95.6698226928711,107.2972640991211,79.55245971679688
2023-04-21,16.77,-0.6,,,,140.05340576171875,97.12857055664062,162.02963256835938
2023-04-24,16.89,-0.6,,,,159.4671630859375,86.71434783935547,204.93026733398438
2023-04-25,18.76,-0.46,,,,180.23350524902344,173.48292541503906,165.3735809326172
2023-04-26,18.84,-0.47,,,,105.3466796875,116.69156646728516,97.33229064941406
2023-04-27,17.03,-0.54,,,,117.88497161865234,164.53094482421875,88.22254180908203
2023-04-28,15.78,-0.6,,,,117.88497161865234,117.52210998535156,107.82755279541016
2023-05-01,16.08,-0.55,5.06,303.334,3.6,104.6073989868164,111.23776245117188,127.57701873779297
2023-05-02,17.78,-0.53,,,,77.03646087646484,89.5992202758789,53.38185501098633
2023-05-03,18.34,-0.51,,,,149.52561950683594,160.5319366455078,133.8994903564453
2023-05-04,20.09,-0.38,,,,118.08403015136719,136.30799865722656,103.35848999023438
2023-05-05,17.19,-0.48,,,,69.73827362060547,23.174535751342773,106.3141860961914
2023-05-08,16.98,-0.48,,,,51.75886917114258,58.970916748046875,49.18756866455078
2023-05-09,17.71,-0.48,,,,116.35051727294922,150.1077880859375,102.44022369384766
2023-05-10,16.94,-0.47,,,,118.51763153076172,70.89169311523438,147.82667541503906
2023-05-11,16.93,-0.5,,,,137.27757263183594,71.40262603759766,178.67051696777344
2023-05-12,17.03,-0.52,,,,146.2168426513672,100.52880096435547,184.4720916748047
2023-05-15,17.12,-0.49,,,,135.86703491210938,116.09899139404297,150.63693237304688
2023-05-16,17.99,-0.52,,,,137.52537536621094,143.06301879882812,119.32868957519531
2023-05-17,16.87,-0.55,,,,89.37788391113281,11.137845993041992,139.3509521484375
2023-05-18,16.05,-0.59,,,,125.21733856201172,102.13519287109375,151.45037841796875
2023-05-19,16.81,-0.58,,,,160.85305786132812,140.31320190429688,158.8332977294922
2023-05-22,17.21,-0.57,,,,78.2496337890625,39.00438690185547,108.44503021240234
2023-05-23,18.53,-0.56,,,,183.6913604736328,146.50076293945312,213.8431854248047
2023-05-24,20.03,-0.58,,,,115.21974182128906,80.40556335449219,153.29412841796875
2023-05-25,19.14,-0.67,,,,106.28559112548828,117.7315902709961,137.4796905517578
2023-05-26,17.95,-0.74,,,,61.34384536743164,55.59547805786133,64.92096710205078
2023-05-29,17.46,,,,,44.966983795166016,44.82857131958008,49.85527420043945
2023-05-30,17.46,-0.77,,,,111.29180908203125,65.26425170898438,141.5357666015625
2023-05-31,17.94,-0.76,,,,219.58306884765625,137.5988006591797,281.7106018066406
2023-06-01,15.65,-0.72,5.08,304.014,3.6,182.39715576171875,140.7760467529297,225.05715942382812
2023-06-02,14.6,-0.81,,,,129.57322692871094,123.55810546875,159.27403259277344
2023-06-05,14.73,-0.77,,,,107.08731079101562,42.70307922363281,142.47433471679688
2023-06-06,13.96,-0.81,,,,133.4734344482422,133.06259155273438,131.16685485839844
2023-06-07,13.94,-0.77,,,,142.2924346923828,158.87696838378906,123.05343627929688
2023-06-08,13.65,-0.79,,,,78.73674774169922,78.49439239501953,84.17838287353516
2023-06-09,13.83,-0.84,,,,96.3266830444336,53.350101470947266,124.59790802001953
2023-06-12,15.01,-0.82,,,,65.72555541992188,65.52323913574219,54.652854919433594
2023-06-13,14.61,-0.83,,,,77.17451477050781,59.18228530883789,108.60050964355469
2023-06-14,13.88,-0.91,,,,72.13296508789062,77.44254302978516,73.82254791259766
2023-06-15,14.5,-0.9,,,,158.32125854492188,133.55178833007812,182.28335571289062
2023-06-16,13.54,-0.93,,,,111.43194580078125,90.89095306396484,117.92982482910156
2023-06-19,14.19,,,,,107.78419494628906,100.28893280029297,107.5511245727539
2023-06-20,13.88,-0.94,,,,142.78309631347656,102.48738098144531,180.4674835205078
2023-06-21,13.2,-0.96,,,,127.8748550415039,72.84642791748047,162.02963256835938
2023-06-22,12.91,-0.97,,,,154.50408935546875,98.5782470703125,185.00399780273438
2023-06-23,13.44,-0.97,,,,46.4107551574707,46.26789855957031,38.59199523925781
2023-06-26,14.25,-0.93,,,,169.5130615234375,140.82606506347656,211.43313598632812
2023-06-27,13.74,-0.97,,,,118.30599212646484,94.35346984863281,167.23773193359375
2023-06-28,13.43,-1.0,,,,82.5390625,109.71332550048828,82.36058044433594
2023-06-29,13.54,-1.02,,,,120.89662170410156,72.314697265625,160.84693908691406
2023-06-30,13.59,-1.06,,,,102.67338562011719,86.19566345214844,125.81746673583984
2023-07-01,,,5.12,304.609,3.5,103.0347671508789,92.44585418701172,119.9472885131836
2023-07-03,13.57,-1.08,,,,45.37763977050781,38.77539825439453,53.90418243408203
2023-07-04,13.7,,,,,109.93034362792969,116.89810180664062,109.69263458251953
2023-07-05,14.18,-0.99,,,,89.85264587402344,95.54781341552734,109.58242797851562
2023-07-06,15.44,-0.94,,,,172.6627960205078,140.25515747070312,202.06784057617188
2023-07-07,14.83,-0.88,,,,120.56138610839844,171.70040893554688,85.92906188964844
2023-07-10,15.07,-0.84,,,,138.2980499267578,105.04560089111328,164.28451538085938
2023-07-11,14.84,-0.89,,,,141.3526153564453,134.79066467285156,122.64952087402344
2023-07-12,13.54,-0.86,,,,203.18724060058594,110.4882583618164,255.99478149414062
2023-07-13,13.61,-0.83,,,,80.51380157470703,57.33283615112305,95.64249420166016
2023-07-14,13.34,-0.91,,,,151.36514282226562,104.46868896484375,193.6382293701172
2023-07-17,13.48,-0.93,,,,110.8536376953125,91.0102310180664,119.28954315185547
2023-07-18,13.3,-0.94,,,,151.43167114257812,138.3850860595703,167.89356994628906
2023-07-19,13.76,-0.99,,,,188.8271484375,139.83982849121094,260.19744873046875
2023-07-20,13.99,-0.95,,,,127.64022827148438,145.42552185058594,141.5157928466797
2023-07-21,13.6,-0.98,,,,112.39069366455078,106.14765167236328,127.88768005371094
2023-07-24,13.91,-0.95,,,,143.43077087402344,163.4163055419922,159.0229034423828
2023-07-25,13.86,-0.94,,,,61.7248649597168,54.697662353515625,68.43487548828125
2023-07-26,13.19,-0.96,,,,84.0753173828125,55.877685546875,93.21501922607422
2023-07-27,14.41,-0.9,,,,132.50270080566406,60.043113708496094,190.31117248535156
2023-07-28,13.33,-0.91,,,,130.33053588867188,97.447021484375,162.56088256835938
2023-07-31,13.63,-0.91,,,,154.3993377685547,111.94478607177734,175.07440185546875
2023-08-01,13.93,-0.87,5.33,306.082,3.7,116.9141616821289,103.60381317138672,140.42568969726562
2023-08-02,16.09,-0.8,,,,132.7555694580078,138.64918518066406,147.18722534179688
2023-08-03,15.92,-0.7,,,,88.7294921875,106.14765167236328,88.53762817382812
2023-08-04,17.1,-0.73,,,,119.37181091308594,95.20349884033203,119.11367797851562
2023-08-07,15.77,-0.67,,,,117.56503295898438,96.5202407836914,115.0105972290039
2023-08-08,15.99,-0.72,,,,108.29548645019531,88.90999603271484,127.13095092773438
2023-08-09,15.96,-0.79,,,,105.72024536132812,93.68428802490234,97.67744445800781
2023-08-10,15.85,-0.73,,,,131.0054931640625,124.38309478759766,145.2469024658203
2023-08-11,14.84,-0.73,,,,142.3582763671875,76.41851043701172,200.32754516601562
2023-08-14,14.82,-0.77,,,,114.96981048583984,143.26991271972656,119.50125122070312
2023-08-15,16.46,-0.71,,,,114.6426010131836,72.18297576904297,140.48471069335938
2023-08-16,16.78,-0.69,,,,100.02424621582031,105.58203125,127.20621490478516
2023-08-17,17.89,-0.64,,,,116.02689361572266,69.40184783935547,154.36798095703125
2023-08-18,17.3,-0.66,,,,77.42227935791016,33.0788459777832,110.36409759521484
2023-08-21,17.13,-0.63,,,,97.22421264648438,83.07852172851562,103.94354248046875
2023-08-22,16.97,-0.68,,,,81.09864044189453,62.19154739379883,82.99822998046875
2023-08-23,15.98,-0.76,,,,126.71024322509766,96.24397277832031,130.45008850097656
2023-08-24,17.2,-0.75,,,,61.5718879699707,49.105892181396484,71.67854309082031
2023-08-25,15.68,-0.78,,,,40.256900787353516,11.466567039489746,66.94974517822266
2023-08-28,15.08,-0.78,,,,75.4415054321289,68.37207794189453,79.84069061279297
2023-08-29,14.45,-0.75,,,,115.63378143310547,40.68629837036133,169.6819610595703
2023-08-30,13.88,-0.78,,,,163.29559326171875,116.28068542480469,213.37705993652344
2023-08-31,13.57,-0.76,,,,117.42311096191406,110.9005355834961,102.77999114990234
2023-09-01,13.09,-0.69,5.33,307.276,3.7,73.48699951171875,45.08356475830078,84.60932922363281
2023-09-04,13.82,,,,,100.61537170410156,61.7265625,115.84362030029297
2023-09-05,14.01,-0.67,,,,121.78558349609375,24.282142639160156,182.28335571289062
2023-09-06,14.45,-0.71,,,,76.62522888183594,47.00884246826172,88.22254180908203
2023-09-07,14.4,-0.67,,,,80.34212493896484,61.61140441894531,92.50199890136719
2023-09-08,13.84,-0.72,,,,80.14276123046875,95.87529754638672,88.8549575805664
2023-09-11,13.8,-0.68,,,,93.49989318847656,39.94804000854492,122.17556762695312
2023-09-12,14.23,-0.71,,,,164.96852111816406,65.78429412841797,230.4564971923828
2023-09-13,13.48,-0.71,,,,134.78366088867188,31.008182525634766,198.289794921875
2023-09-14,12.82,-0.71,,,,119.93779754638672,102.48738098144531,123.4777603149414
2023-09-15,13.79,-0.69,,,,106.68494415283203,85.08525085449219,133.06781005859375
2023-09-18,14.0,-0.73,,,,114.6917495727539,94.16130065917969,168.29962158203125
2023-09-19,14.11,-0.71,,,,207.41676330566406,97.30744171142578,314.51055908203125
2023-09-20,15.14,-0.77,,,,190.11257934570312,206.7571563720703,258.683837890625
2023-09-21,17.54,-0.63,,,,162.9131622314453,108.27445983886719,225.77899169921875
2023-09-22,17.2,-0.66,,,,131.62521362304688,109.35003662109375,164.17572021484375
2023-09-25,16.9,-0.54,,,,109.96076202392578,41.10835647583008,171.442138671875
2023-09-26,18.94,-0.48,,,,81.25166320800781,24.92355728149414,114.33789825439453
2023-09-27,18.22,-0.49,,,,101.4660415649414,47.601749420166016,138.96595764160156
2023-09-28,17.34,-0.45,,,,64.37852478027344,58.34578323364258,68.13260650634766
2023-09-29,17.52,-0.44,,,,86.41481018066406,91.89207458496094,76.64706420898438
2023-10-01,,,5.33,307.696,3.9,38.97138595581055,77.7028579711914,25.924739837646484
2023-10-02,17.61,-0.43,,,,63.45914840698242,37.958290100097656,84.42923736572266
2023-10-03,19.78,-0.34,,,,107.04885864257812,83.00394439697266,148.35748291015625
2023-10-04,18.58,-0.32,,,,61.24074935913086,66.60244750976562,64.81185913085938
2023-10-05,18.49,-0.31,,,,54.304386138916016,36.091487884521484,70.24235534667969
2023-10-06,17.45,-0.3,,,,161.30764770507812,91.89207458496094,220.3603057861328
2023-10-09,17.7,,,,,227.07118225097656,279.63629150390625,211.03053283691406
2023-10-10,17.03,-0.3,,,,259.08349609375,282.88470458984375,297.5069274902344
2023-10-11,16.09,-0.41,,,,265.9303894042969,265.11181640625,278.8153991699219
2023-10-12,16.69,-0.36,,,,218.0117645263672,229.41517639160156,221.56886291503906
2023-10-13,19.32,-0.41,,,,287.3145446777344,292.04644775390625,318.5480651855469
2023-10-16,17.21,-0.38,,,,290.3445739746094,381.54888916015625,296.30120849609375
2023-10-17,17.88,-0.36,,,,274.5221862792969,267.595458984375,324.65606689453125
2023-10-18,19.22,-0.28,,,,333.0094299316406,349.457275390625,359.49432373046875
2023-10-19,21.4,-0.16,,,,338.8517150878906,430.997314453125,330.34613037109375
2023-10-20,21.71,-0.14,,,,298.6288146972656,363.8672790527344,331.09228515625
2023-10-23,20.37,-0.19,,,,312.774658203125,467.71783447265625,307.3695373535156
2023-10-24,18.97,-0.19,,,,250.00511169433594,286.62091064453125,249.46449279785156
2023-10-25,20.19,-0.13,,,,208.08998107910156,224.2696990966797,224.47569274902344
2023-10-26,20.68,-0.16,,,,168.43563842773438,223.8895721435547,155.62168884277344
2023-10-27,21.27,-0.15,,,,251.86463928222656,283.8401794433594,236.750732421875
2023-10-30,19.75,-0.15,,,,205.43055725097656,191.9983367919922,213.5274200439453
2023-10-31,18.14,-0.19,,,,172.08143615722656,208.31283569335938,173.75347900390625
2023-11-01,16.87,-0.18,5.33,308.148,3.7,251.7322540283203,262.36456298828125,247.38201904296875
2023-11-02,15.66,-0.31,,,,219.58306884765625,287.7065734863281,198.2407989501953
2023-11-03,14.91,-0.26,,,,174.9210662841797,261.573974609375,109.0892562866211
2023-11-06,14.89,-0.26,,,,182.9025115966797,229.61273193359375,146.45623779296875
2023-11-07,14.81,-0.33,,,,140.21450805664062,174.7286376953125,106.87669372558594
2023-11-08,14.45,-0.44,,,,132.50270080566406,204.14659118652344,120.19652557373047
2023-11-09,15.29,-0.41,,,,201.47996520996094,259.93621826171875,177.39202880859375
2023-11-10,14.17,-0.43,,,,180.9846649169922,229.63510131835938,164.17572021484375
2023-11-13,14.76,-0.39,,,,131.046630859375,159.6750946044922,84.75396728515625
2023-11-14,14.16,-0.36,,,,148.2277374267578,141.3466339111328,160.76870727539062
2023-11-15,14.18,-0.37,,,,130.60302734375,94.691650390625,148.0915985107422
2023-11-16,14.32,-0.38,,,,170.8645477294922,219.79176330566406,155.82882690429688
2023-11-17,13.8,-0.44,,,,149.48410034179688,178.82876586914062,119.32868957519531
2023-11-20,13.41,-0.47,,,,204.90109252929688,217.888427734375,227.17556762695312
2023-11-21,13.35,-0.45,,,,96.48255157470703,141.07217407226562,85.57682037353516
2023-11-22,12.85,-0.47,,,,191.44436645507812,127.23672485351562,231.55198669433594
2023-11-23,12.8,,,,,175.45379638671875,223.8895721435547,128.3878936767578
2023-11-24,12.46,-0.45,,,,152.79371643066406,231.5315704345703,111.80642700195312
2023-11-27,12.69,-0.45,,,,166.35165405273438,173.05003356933594,180.42601013183594
2023-11-28,12.69,-0.39,,,,184.384765625,215.50982666015625,169.1825714111328
2023-11-29,12.98,-0.37,,,,88.7790298461914,143.8218536376953,55.36690902709961
2023-11-30,12.92,-0.36,,,,178.9017333984375,230.13040161132812,163.1587677001953
2023-12-01,12.63,-0.34,5.33,308.741,3.8,94.81410217285156,106.33753967285156,88.69601440429688
2023-12-04,13.08,-0.36,,,,194.85691833496094,259.009521484375,151.2276611328125
2023-12-05,12.85,-0.39,,,,89.69046020507812,59.60959243774414,109.38462829589844
2023-12-06,12.97,-0.48,,,,131.24276733398438,177.94076538085938,113.4977798461914
2023-12-07,13.06,-0.44,,,,194.16470336914062,175.9700469970703,215.27206420898438
2023-12-08,12.35,-0.48,,,,153.5236358642578,188.37054443359375,137.4796905517578
2023-12-11,12.63,-0.48,,,,153.77490234375,140.52642822265625,149.18008422851562
2023-12-12,12.07,-0.53,,,,167.4221954345703,166.9068603515625,178.9930419921875
2023-12-13,12.19,-0.42,,,,192.79495239257812,244.62010192871094,194.32125854492188
2023-12-14,12.48,-0.45,,,,148.67898559570312,213.43870544433594,118.68598175048828
2023-12-15,12.28,-0.53,,,,169.25527954101562,204.8916473388672,211.11160278320312
2023-12-18,12.56,-0.48,,,,144.02468872070312,237.22137451171875,83.31202697753906
2023-12-19,12.53,-0.48,,,,187.75686645507812,240.65863037109375,156.12571716308594
2023-12-20,13.67,-0.48,,,,143.77462768554688,229.3313446044922,95.64249420166016
2023-12-21,13.65,-0.44,,,,114.01953887939453,143.58135986328125,99.80085754394531
2023-12-22,13.03,-0.41,,,,89.36782836914062,71.27420043945312,138.7160186767578
2023-12-25,,,,,,136.3998565673828,194.25714111328125,97.21778869628906
2023-12-26,12.99,-0.37,,,,139.57447814941406,222.63177490234375,92.84844207763672
2023-12-27,12.43,-0.41,,,,180.18150329589844,234.89671325683594,138.30145263671875
2023-12-28,12.47,-0.42,,,,122.68769073486328,143.89418029785156,96.01756286621094
2023-12-29,12.45,-0.35,,,,221.28489685058594,213.91879272460938,301.099609375
2024-01-01,,,5.33,309.698,3.7,167.60015869140625,275.1976013183594,114.77099609375
2024-01-02,13.2,-0.38,,,,131.12246704101562,192.63832092285156,91.8167953491211
2024-01-03,14.04,-0.42,,,,149.3903045654297,259.009521484375,108.01976013183594
2024-01-04,14.13,-0.39,,,,180.68551635742188,240.17245483398438,155.81031799316406
2024-01-05,13.35,-0.35,,,,167.4893798828125,197.89491271972656,165.06390380859375
2024-01-08,13.08,-0.35,,,,106.6277084350586,141.732666015625,106.39714813232422
2024-01-09,12.76,-0.34,,,,241.2696990966797,299.03363037109375,206.04556274414062
2024-01-10,12.69,-0.33,,,,118.09510040283203,129.5047607421875,108.01976013183594
2024-01-11,12.44,-0.28,,,,165.3104705810547,190.15573120117188,148.03475952148438
2024-01-12,12.7,-0.18,,,,210.59278869628906,238.31544494628906,189.31297302246094
2024-01-15,13.25,,,,,106.3993911743164,141.42916870117188,94.37271881103516
2024-01-16,13.84,-0.15,,,,193.38906860351562,286.0811462402344,145.2469024658203
2024-01-17,14.79,-0.24,,,,176.20040893554688,234.2107391357422,175.81939697265625
2024-01-18,14.13,-0.2,,,,167.4893798828125,160.78961181640625,206.32986450195312
2024-01-19,13.3,-0.24,,,,207.4058380126953,212.67507934570312,246.3778076171875
2024-01-22,13.19,-0.26,,,,186.62353515625,239.20596313476562,121.92974853515625
2024-01-23,12.55,-0.17,,,,169.07244873046875,249.70672607421875,124.96803283691406
2024-01-24,13.14,-0.16,,,,159.14471435546875,235.04421997070312,107.82755279541016
2024-01-25,13.45,-0.14,,,,202.29420471191406,252.08941650390625,210.26747131347656
2024-01-26,13.26,-0.19,,,,141.32115173339844,191.6051483154297,112.81244659423828
2024-01-29,13.6,-0.21,,,,140.53317260742188,200.1437225341797,144.68099975585938
2024-01-30,13.31,-0.3,,,,206.27711486816406,254.028564453125,171.52587890625
2024-01-31,14.35,-0.28,,,,205.60765075683594,250.5247344970703,170.96920776367188
2024-02-01,13.88,-0.33,5.33,310.967,3.9,147.4983673095703,159.29806518554688,143.0911102294922
2024-02-02,13.85,-0.33,,,,171.52455139160156,245.8075714111328,169.37078857421875
2024-02-05,13.67,-0.29,,,,125.87757110595703,145.30433654785156,121.19816589355469
2024-02-06,13.06,-0.3,,,,118.75242614746094,162.0031280517578,62.36612319946289
2024-02-07,12.83,-0.32,,,,100.38084411621094,144.54823303222656,74.19538879394531
2024-02-08,12.79,-0.31,,,,116.2304458618164,162.22174072265625,77.31940460205078
2024-02-09,12.93,-0.31,,,,194.5299835205078,277.0445861816406,175.6227264404297
2024-02-12,13.93,-0.29,,,,156.3873291015625,184.2524871826172,189.15048217773438
2024-02-13,15.85,-0.33,,,,187.85829162597656,262.1920471191406,135.3820343017578
2024-02-14,14.38,-0.29,,,,135.8093719482422,153.0510711669922,137.4796905517578
2024-02-15,14.01,-0.32,,,,214.8081512451172,247.95962524414062,216.22386169433594
2024-02-16,14.24,-0.34,,,,160.93446350097656,133.69923400878906,167.27755737304688
2024-02-19,14.71,,,,,167.8173065185547,218.21836853027344,109.20939636230469
2024-02-20,15.42,-0.32,,,,170.2109832763672,221.8984832763672,141.5357666015625
2024-02-21,15.34,-0.32,,,,193.75396728515625,236.77378845214844,197.4927215576172
2024-02-22,14.54,-0.36,,,,219.58306884765625,125.08982849121094,302.57806396484375
2024-02-23,13.75,-0.41,,,,167.06863403320312,149.32461547851562,191.61764526367188
2024-02-26,13.74,-0.41,,,,200.9716796875,276.34906005859375,149.82656860351562
2024-02-27,13.43,-0.39,,,,166.86441040039062,98.5782470703125,215.83799743652344
2024-02-28,13.84,-0.37,,,,177.458984375,188.70693969726562,157.4002227783203
2024-02-29,13.4,-0.39,,,,153.25045776367188,141.0265350341797,166.642578125
2024-03-01,13.11,-0.35,5.33,312.345,3.9,155.183349609375,130.90481567382812,188.59664916992188
2024-03-04,13.49,-0.39,,,,170.75091552734375,177.03433227539062,159.0229034423828
2024-03-05,14.46,-0.41,,,,83.45616912841797,102.39910888671875,85.41097259521484
2024-03-06,14.5,-0.44,,,,108.01850891113281,95.72090911865234,99.80085754394531
2024-03-07,14.44,-0.41,,,,122.2349624633789,146.23046875,91.47798919677734
2024-03-08,14.74,-0.39,,,,183.7222442626953,177.6065216064453,194.43557739257812
2024-03-11,15.22,-0.41,,,,155.80584716796875,202.59947204589844,157.7220916748047
2024-03-12,13.84,-0.42,,,,199.55227661132812,172.4129638671875,232.3075408935547
2024-03-13,13.75,-0.42,,,,149.75440979003906,179.1521453857422,129.50650024414062
2024-03-14,14.4,-0.39,,,,187.1507110595703,248.7661895751953,155.62168884277344
2024-03-15,14.41,-0.41,,,,138.02365112304688,183.46507263183594,105.20674133300781
2024-03-18,14.33,-0.39,,,,147.65321350097656,127.99888610839844,149.4691925048828
2024-03-19,13.82,-0.38,,,,183.30413818359375,221.8984832763672,152.4231414794922
2024-03-20,13.04,-0.32,,,,116.02689361572266,138.80369567871094,115.77599334716797
2024-03-21,12.92,-0.35,,,,130.513916015625,148.69964599609375,103.35848999023438
2024-03-22,13.06,-0.37,,,,125.00255584716797,135.94667053222656,122.84236907958984
2024-03-25,13.19,-0.29,,,,187.99307250976562,245.5775146484375,140.15087890625
2024-03-26,13.24,-0.32,,,,165.62838745117188,203.2228546142578,158.91368103027344
2024-03-27,12.78,-0.34,,,,126.7417221069336,149.32461547851562,105.38970947265625
2024-03-28,13.01,-0.39,,,,99.6260986328125,111.734375,82.84222412109375
2024-03-29,,,,,,126.19306182861328,113.22415161132812,136.41351318359375
2024-04-01,13.65,-0.39,5.33,313.023,3.9,123.22461700439453,144.52391052246094,132.60194396972656
2024-04-02,14.61,-0.34,,,,197.96221923828125,249.9803009033203,197.53414916992188
2024-04-03,14.33,-0.32,,,,181.86647033691406,194.25714111328125,162.02963256835938
2024-04-04,16.35,-0.34,,,,160.98458862304688,172.83438110351562,123.56652069091797
2024-04-05,16.03,-0.34,,,,142.04835510253906,158.60446166992188,170.0894317626953
2024-04-08,15.19,-0.36,,,,126.32672882080078,153.92408752441406,81.70138549804688
2024-04-09,14.98,-0.38,,,,171.76275634765625,159.00306701660156,173.43173217773438
2024-04-10,15.8,-0.42,,,,208.5249481201172,261.3387451171875,168.44088745117188
2024-04-11,14.91,-0.37,,,,123.34028625488281,117.1053695678711,136.7484130859375
2024-04-12,17.31,-0.38,,,,161.3263397216797,160.82977294921875,160.9774932861328
2024-04-15,19.23,-0.3,,,,230.79364013671875,230.08323669433594,237.06796264648438
2024-04-16,18.4,-0.3,,,,340.5443420410156,283.94219970703125,453.0772399902344
2024-04-17,18.21,-0.34,,,,227.49627685546875,221.26441955566406,267.6067199707031
2024-04-18,18.0,-0.34,,,,155.665771484375,136.56422424316406,196.75027465820312
2024-04-19,18.71,-0.35,,,,208.1194305419922,184.42562866210938,269.2010803222656
2024-04-22,16.94,-0.35,,,,162.9131622314453,81.20585632324219,248.3568878173828
2024-04-23,15.69,-0.25,,,,148.3239288330078,110.9005355834961,164.44798278808594
2024-04-24,15.97,-0.24,,,,139.23226928710938,150.37066650390625,154.36798095703125
2024-04-25,15.37,-0.26,,,,172.4012908935547,171.87063598632812,143.35708618164062
2024-04-26,15.03,-0.29,,,,150.83494567871094,138.80369567871094,154.36798095703125
2024-04-29,14.67,-0.34,,,,191.10968017578125,197.57777404785156,188.34214782714844
2024-04-30,15.65,-0.35,,,,167.80361938476562,123.91637420654297,196.38113403320312
2024-05-01,15.39,-0.33,5.33,313.175,3.9,130.75924682617188,111.734375,124.2633285522461
2024-05-02,14.68,-0.29,,,,137.77406311035156,214.98257446289062,59.77223587036133
2024-05-03,13.49,-0.31,,,,110.41893005371094,127.45994567871094,115.97911071777344
2024-05-06,13.49,-0.33,,,,93.61604309082031,172.29763793945312,23.952205657958984
2024-05-07,13.23,-0.35,,,,176.26507568359375,133.30673217773438,252.70677185058594
2024-05-08,13.0,-0.36,,,,163.58358764648438,198.0258026123047,126.30882263183594
2024-05-09,12.69,-0.35,,,,145.39895629882812,126.04470825195312,136.67385864257812
2024-05-10,12.55,-0.37,,,,185.2792205810547,223.8895721435547,186.7460174560547
2024-05-13,13.6,-0.37,,,,177.1075897216797,235.4165496826172,152.72496032714844
2024-05-14,13.42,-0.36,,,,154.67242431640625,167.0460205078125,150.05079650878906
2024-05-15,12.45,-0.37,,,,129.21363830566406,81.9737548828125,166.05165100097656
2024-05-16,12.42,-0.4,,,,124.90009307861328,129.9293670654297,144.49856567382812
2024-05-17,11.99,-0.41,,,,181.6569366455078,170.44496154785156,204.36639404296875
2024-05-20,12.15,-0.38,,,,135.07557678222656,115.42268371582031,149.75942993164062
2024-05-21,11.86,-0.41,,,,165.28404235839844,151.04400634765625,171.79856872558594
2024-05-22,12.29,-0.43,,,,140.05340576171875,121.41071319580078,172.156494140625
2024-05-23,12.77,-0.44,,,,101.83300018310547,83.60433959960938,139.4685516357422
2024-05-24,11.93,-0.47,,,,116.63970947265625,81.39647674560547,126.08643341064453
2024-05-27,12.36,,,,,145.42979431152344,64.43651580810547,188.11245727539062
2024-05-28,12.92,-0.4,,,,143.45765686035156,104.0116958618164,162.6675567626953
2024-05-29,14.28,-0.35,,,,135.4371795654297,112.51690673828125,168.93038940429688
2024-05-30,14.47,-0.37,,,,93.57535552978516,111.94478607177734,82.99822998046875
2024-05-31,12.92,-0.38,,,,156.499267578125,195.0219268798828,108.44503021240234
2024-06-01,,,5.33,313.044,4.1,121.19149780273438,151.02308654785156,109.17240905761719
2024-06-03,13.11,-0.41,,,,111.1133804321289,83.07852172851562,127.04210662841797
2024-06-04,13.16,-0.44,,,,110.2148208618164,109.87557220458984,122.19609832763672
2024-06-05,12.63,-0.43,,,,119.32062530517578,135.94667053222656,113.39295196533203
2024-06-06,12.58,-0.44,,,,122.00985717773438,145.96116638183594,111.60052490234375
2024-06-07,12.22,-0.44,,,,122.68769073486328,166.7864227294922,92.7442398071289
2024-06-10,12.74,-0.4,,,,107.28964233398438,120.32931518554688,144.97389221191406
2024-06-11,12.85,-0.42,,,,121.78558349609375,133.55178833007812,131.64907836914062
2024-06-12,12.04,-0.44,,,,117.67557525634766,140.7760467529297,88.06584167480469
2024-06-13,11.94,-0.44,,,,133.4734344482422,157.2557830810547,110.98733520507812
2024-06-14,12.66,-0.47,,,,90.13789367675781,67.39533233642578,121.79779052734375
2024-06-17,12.75,-0.47,,,,120.9456787109375,133.97044372558594,111.74458312988281
2024-06-18,12.3,-0.47,,,,142.94383239746094,148.69964599609375,165.3735809326172
2024-06-19,12.48,,,,,114.8867416381836,89.08130645751953,137.9905548095703
2024-06-20,13.28,-0.45,,,,177.00743103027344,151.25364685058594,231.29421997070312
2024-06-21,13.2,-0.45,,,,128.30368041992188,46.512271881103516,184.28018188476562
2024-06-24,13.33,-0.46,,,,212.60784912109375,232.46505737304688,205.3046417236328
2024-06-25,12.84,-0.42,,,,109.98760223388672,103.19910430908203,150.63693237304688
2024-06-26,12.55,-0.39,,,,128.58396911621094,109.87557220458984,183.29415893554688
2024-06-27,12.24,-0.41,,,,120.6764144897461,72.18297576904297,170.5885772705078
2024-06-28,12.44,-0.35,,,,121.46080780029297,143.10275268554688,128.54351806640625
2024-07-01,12.22,-0.29,5.33,313.569,4.2,71.44754028320312,90.65332794189453,54.00988006591797
2024-07-02,12.03,-0.31,,,,79.59959411621094,97.66717529296875,91.64707946777344
2024-07-03,12.09,-0.35,,,,107.82317352294922,131.37823486328125,99.62039184570312
2024-07-04,12.26,,,,,90.27962493896484,83.07852172851562,80.84497833251953
2024-07-05,12.48,-0.32,,,,73.11270141601562,56.06742477416992,74.82523345947266
2024-07-08,12.37,-0.34,,,,89.18451690673828,88.90999603271484,127.13095092773438
2024-07-09,12.51,-0.32,,,,90.05038452148438,89.77320098876953,96.27391815185547
2024-07-10,12.85,-0.34,,,,124.6665267944336,177.54684448242188,88.8549575805664
2024-07-11,12.92,-0.3,,,,127.8534927368164,139.04721069335938,125.64402770996094
2024-07-12,12.46,-0.27,,,,86.32097625732422,64.54145812988281,98.6955795288086
2024-07-15,13.12,-0.21,,,,67.88048553466797,121.80877685546875,22.577898025512695
2024-07-16,13.19,-0.26,,,,68.23641204833984,49.47372817993164,92.84844207763672
2024-07-17,14.48,-0.26,,,,105.25916290283203,86.41719055175781,113.2693099975586
2024-07-18,15.93,-0.26,,,,133.52000427246094,126.77049255371094,126.88693237304688
2024-07-19,16.52,-0.24,,,,143.77462768554688,126.13223266601562,162.5922393798828
2024-07-22,14.91,-0.24,,,,130.038818359375,136.4616241455078,136.5869598388672
2024-07-23,14.72,-0.15,,,,36.46863555908203,36.356380462646484,30.324811935424805
2024-07-24,18.04,-0.09,,,,78.87065887451172,84.67618560791016,70.62830352783203
2024-07-25,18.46,-0.14,,,,91.53900146484375,114.07154846191406,85.63224029541016
2024-07-26,16.39,-0.16,,,,95.77151489257812,89.86044311523438,103.05966186523438
2024-07-29,16.6,-0.19,,,,124.38494873046875,65.26425170898438,174.1978759765625
2024-07-30,17.69,-0.2,,,,107.0728988647461,93.40039825439453,111.29308319091797
2024-07-31,16.36,-0.2,,,,112.86431121826172,101.26522064208984,168.93038940429688
2024-08-01,18.59,-0.17,5.33,314.062,4.2,133.19764709472656,161.654541015625,144.46697998046875
2024-08-02,23.39,-0.08,,,,191.2178192138672,246.69667053222656,187.06307983398438
2024-08-05,38.57,-0.11,,,,186.99978637695312,119.8441162109375,211.03053283691406
2024-08-06,27.71,-0.09,,,,131.50079345703125,124.85336303710938,166.62405395507812
2024-08-07,27.85,-0.04,,,,172.7223358154297,221.38803100585938,153.8828887939453
2024-08-08,23.79,-0.05,,,,174.67401123046875,199.01295471191406,134.8721160888672
2024-08-09,20.37,-0.11,,,,151.33558654785156,201.15966796875,111.85801696777344
2024-08-12,20.71,-0.11,,,,118.30599212646484,170.3604278564453,98.37513732910156
2024-08-13,18.12,-0.08,,,,151.6049346923828,181.36593627929688,126.06425476074219
2024-08-14,16.19,-0.11,,,,175.76889038085938,188.70693969726562,191.12884521484375
2024-08-15,15.23,-0.16,,,,139.61013793945312,101.22210693359375,168.8584747314453
2024-08-16,14.8,-0.17,,,,118.94318389892578,166.0078887939453,118.68598175048828
2024-08-19,14.65,-0.2,,,,136.52664184570312,186.25088500976562,83.65087890625
2024-08-20,15.88,-0.17,,,,151.46929931640625,183.82981872558594,98.57070922851562
2024-08-21,16.27,-0.13,,,,140.68820190429688,114.75421142578125,148.89210510253906
2024-08-22,17.55,-0.13,,,,184.3729705810547,159.29806518554688,183.97427368164062
2024-08-23,15.86,-0.09,,,,143.7642364501953,203.0391082763672,99.62039184570312
2024-08-26,16.15,-0.09,,,,176.03016662597656,191.4418182373047,172.98817443847656
2024-08-27,15.43,0.0,,,,174.34567260742188,141.62216186523438,171.82090759277344
2024-08-28,17.11,0.01,,,,156.19180297851562,220.5906219482422,119.05516815185547
2024-08-29,15.65,0.0,,,,132.50270080566406,176.12648010253906,94.44012451171875
2024-08-30,15.0,0.0,,,,166.55368041992188,258.2860107421875,102.58859252929688
2024-09-01,,,5.13,314.732,4.1,113.66654205322266,145.69285583496094,81.01481628417969
2024-09-02,15.55,,,,,145.5133056640625,204.7982177734375,99.64612579345703
2024-09-03,20.72,-0.04,,,,171.22616577148438,144.43771362304688,208.09371948242188
2024-09-04,21.32,0.01,,,,180.32122802734375,226.3722381591797,177.7099151611328
2024-09-05,19.9,-0.02,,,,141.96719360351562,165.11856079101562,127.88768005371094
2024-09-06,22.38,0.06,,,,100.38084411621094,100.07186126708984,102.01866149902344
2024-09-09,19.45,0.02,,,,146.7593231201172,97.53839111328125,185.9580535888672
2024-09-10,19.08,0.06,,,,97.6078872680664,85.14401245117188,131.8915252685547
2024-09-11,17.69,0.03,,,,212.9060516357422,249.70672607421875,197.86605834960938
2024-09-12,17.07,0.04,,,,103.11494445800781,64.24846649169922,117.89704895019531
2024-09-13,16.56,0.09,,,,185.6430206298828,219.77252197265625,125.42398834228516
2024-09-16,17.14,0.07,,,,88.97392272949219,81.8769760131836,79.67572784423828
2024-09-17,17.61,0.06,,,,100.7880630493164,80.38226318359375,111.74458312988281
2024-09-18,18.23,0.09,,,,122.00985717773438,145.96116638183594,101.45501708984375
2024-09-19,16.33,0.14,,,,93.75191497802734,137.07955932617188,62.36612319946289
2024-09-20,16.15,0.18,,,,175.53778076171875,191.9326934814453,188.34214782714844
2024-09-23,15.89,0.18,,,,158.09982299804688,150.1077880859375,212.8480224609375
2024-09-24,15.39,0.25,,,,161.11709594726562,154.19631958007812,171.4866180419922
2024-09-25,15.41,0.26,,,,175.30010986328125,132.5769500732422,231.2174835205078
2024-09-26,15.37,0.19,,,,240.47679138183594,263.7102355957031,289.9477844238281
2024-09-27,16.96,0.2,,,,134.84788513183594,116.89810180664062,136.50637817382812
2024-09-30,16.73,0.15,,,,160.4926300048828,179.1984405517578,160.14556884765625
2024-10-01,19.26,0.13,4.83,315.631,4.1,135.86703491210938,232.19798278808594,75.31846618652344
2024-10-02,18.9,0.16,,,,178.71270751953125,216.34033203125,191.0638427734375
2024-10-03,20.49,0.15,,,,237.0575714111328,223.8895721435547,321.6181335449219
2024-10-04,19.21,0.05,,,,144.27560424804688,161.09127807617188,143.963623046875
2024-10-07,22.64,0.04,,,,80.63045501708984,107.17634582519531,67.04674530029297
2024-10-08,21.42,0.06,,,,98.58832550048828,91.73253631591797,120.23628234863281
2024-10-09,20.86,0.07,,,,137.03067016601562,142.54840087890625,128.80772399902344
2024-10-10,20.93,0.11,,,,119.58728790283203,178.82876586914062,69.6083984375
2024-10-11,20.46,0.13,,,,157.45294189453125,217.3406982421875,151.06967163085938
2024-10-14,19.7,,,,,151.46929931640625,210.09120178222656,87.618408203125
2024-10-15,20.64,0.08,,,,125.71414947509766,112.7944564819336,125.44230651855469
2024-10-16,19.58,0.09,,,,117.64259338378906,123.453125,102.97209930419922
2024-10-17,19.11,0.13,,,,104.24164581298828,57.7337646484375,134.83584594726562
2024-10-18,18.03,0.13,,,,124.89034271240234,130.43478393554688,118.68598175048828
2024-10-21,18.37,0.17,,,,119.05634307861328,111.70811462402344,139.76341247558594
2024-10-22,18.2,0.17,,,,214.1457977294922,173.4578857421875,222.58616638183594
2024-10-23,19.24,0.17,,,,215.39117431640625,207.32376098632812,209.98460388183594
2024-10-24,19.08,0.14,,,,136.4728240966797,160.78961181640625,123.79792785644531
2024-10-25,20.33,0.14,,,,170.02560424804688,233.79620361328125,136.50637817382812
2024-10-28,19.8,0.16,,,,145.1722869873047,171.03915405273438,131.68942260742188
2024-10-29,19.34,0.17,,,,160.8042449951172,102.59794616699219,213.94204711914062
2024-10-30,20.35,0.14,,,,133.96414184570312,157.83392333984375,151.9027862548828
2024-10-31,23.16,0.12,,,,133.89991760253906,174.11448669433594,77.45529174804688
2024-11-01,21.88,0.16,4.64,316.528,4.2,131.0728302001953,130.66937255859375,128.80772399902344
2024-11-04,21.98,0.14,,,,114.6917495727539,107.61292266845703,134.6396942138672
2024-11-05,20.49,0.07,,,,57.4433708190918,38.177703857421875,63.68794631958008
2024-11-06,16.27,0.15,,,,120.14494323730469,114.07154846191406,123.69100952148438
2024-11-07,15.2,0.1,,,,98.7958755493164,115.8726806640625,115.97911071777344
2024-11-08,14.94,0.04,,,,108.89063262939453,68.56134033203125,152.4984893798828
2024-11-11,14.97,,,,,154.22886657714844,147.0691680908203,178.4293975830078
2024-11-12,14.71,0.09,,,,106.85701751708984,93.21208953857422,155.49618530273438
2024-11-13,14.02,0.17,,,,116.55330657958984,97.84803771972656,122.42239379882812
2024-11-14,14.31,0.09,,,,58.6295166015625,35.06943130493164,68.25318908691406
2024-11-15,16.14,0.12,,,,97.5879135131836,118.90699005126953,108.1965560913086
2024-11-18,15.58,0.13,,,,253.14381408691406,346.1000671386719,192.4544219970703
2024-11-19,16.35,0.12,,,,197.47999572753906,152.41714477539062,233.0734100341797
2024-11-20,17.16,0.1,,,,195.1946258544922,160.25372314453125,267.3348693847656
2024-11-21,16.87,0.09,,,,193.78823852539062,217.3406982421875,241.71148681640625
2024-11-22,15.24,0.04,,,,102.09968566894531,67.85694122314453,122.63202667236328
2024-11-25,14.6,0.06,,,,123.70584869384766,164.4334259033203,91.4358139038086
2024-11-26,14.1,0.09,,,,169.25527954101562,192.83920288085938,130.68814086914062
2024-11-27,14.1,0.06,,,,199.62742614746094,236.327880859375,176.37124633789062
2024-11-28,13.9,,,,,176.27854919433594,161.09127807617188,195.44151306152344
2024-11-29,13.51,0.05,,,,226.97222900390625,293.54412841796875,234.64291381835938
2024-12-01,,,4.48,317.604,4.1,184.54417419433594,239.1689453125,184.14511108398438
2024-12-02,13.34,0.02,,,,197.0029296875,320.0536193847656,121.3437728881836
2024-12-03,13.3,0.06,,,,164.99378967285156,189.7914581298828,168.8584747314453
2024-12-04,13.45,0.06,,,,136.60072326660156,95.32618713378906,147.66412353515625
2024-12-05,13.54,0.02,,,,127.66488647460938,107.17634582519531,167.6168670654297
2024-12-06,12.77,0.05,,,,150.84552001953125,156.39645385742188,150.5193328857422
2024-12-09,14.19,0.07,,,,170.9712371826172,298.2787170410156,71.08396911621094
2024-12-10,14.18,0.07,,,,194.4993896484375,254.4946746826172,202.1654052734375
2024-12-11,13.58,0.11,,,,153.94032287597656,181.88619995117188,142.22911071777344
2024-12-12,13.92,0.14,,,,233.8283233642578,323.76190185546875,140.42568969726562
2024-12-13,13.81,0.15,,,,191.3634796142578,249.9803009033203,131.68942260742188
2024-12-16,14.69,0.14,,,,194.0416259765625,179.62689208984375,207.45216369628906
2024-12-17,15.87,0.15,,,,133.30252075195312,93.02454376220703,166.26783752441406
2024-12-18,27.62,0.15,,,,182.28550720214844,187.99078369140625,229.9775390625
2024-12-19,24.09,0.25,,,,152.5942840576172,202.83277893066406,137.46084594726562
2024-12-20,18.36,0.22,,,,128.64340209960938,153.89691162109375,106.97102355957031
2024-12-23,16.78,0.29,,,,146.57379150390625,102.28583526611328,158.44491577148438
2024-12-24,14.27,0.3,,,,143.3685302734375,135.4047393798828,150.58790588378906
2024-12-25,,,,,,120.14494323730469,102.66439056396484,171.2644805908203
2024-12-26,14.73,0.28,,,,132.85699462890625,158.93765258789062,88.37979888916016
2024-12-27,15.95,0.31,,,,168.5598602294922,219.18392944335938,121.88069915771484
2024-12-30,17.4,0.31,,,,108.1994400024414,82.97415161132812,110.73381805419922
2024-12-31,17.35,0.33,,,,63.39842224121094,79.00409698486328,52.7177734375
