Title,Date
Fed wants &#x27;certainty&#x27; before cutting rates: Moody&#x27;s Zandi,2024-03-04
Japan's Nikkei extends decline as tech tracks Wall Street slump,2024-03-06
REFILE-INDIA BONDS-Indian bond yields may nudge lower tracking US peers,2024-03-06
Asian Stocks Mixed Ahead of China Congress Remarks: Markets Wrap,2024-03-06
"China stocks lead Asia lower, gold drifts after record peak",2024-03-06
Canada Pension Cuts 10% of HK Jobs on China Stock Slump,2024-03-06
"Stock market today: Nasdaq leads stock slide, bitcoin tumbles after new record",2024-03-06
Tesla's 2-day slump has stock hitting lowest since May 2023,2024-03-06
"Target stock jumps 12%, CEO says retailer will get back to growth mode",2024-03-06
"Gold rallies amid a 'perfect storm,' expectation Fed will cut rates",2024-03-06
Apple Stock Gloom Deepens as Pressure to Show AI Progress Mounts,2024-03-06
Stock market today:  S&P 500 poised for new record with Powell back in spotlight,2024-03-07
Fed's Powell: 'Not far' from confidence needed to cut rates,2024-03-07
"Fed Is ‘Not Far’ From Confidence Needed to Cut Rates, Powell Says",2024-03-07
BOJ Bets Swing Toward March Rate Hike,2024-03-07
"Stocks Climb on Bets Fed, ECB Closer to Rate Cuts: Markets Wrap",2024-03-07
Fed's Mester still sees rate cuts later this year,2024-03-07
Costco stock drops after revenue miss,2024-03-08
Gap stock soars on Q4 earnings beat: Key takeaways,2024-03-08
"Stock market today: Stock rally stalls after jobs report, Nvidia sinks 5%",2024-03-09
Broadcom Suffers Worst Stock Drop Since 2020 on Slow Chip Sales,2024-03-09
February jobs report settles Wall Street fears inflation could take rate cuts off the table,2024-03-09
Costco stock closes for worst day in nearly two years on quarterly revenue miss,2024-03-09
Analysts update Costco stock price targets after earnings,2024-03-09
Vietnam’s Bid for Emerging-Market Upgrade Faces Reality Check,2024-03-09
The EV slowdown is starting to affect charging networks&#x27; stocks,2024-03-10
Fannie Mae finds sellers happy with housing market,2024-03-10
Oil Steadies as Market Waits for OPEC Report and Inflation Data,2024-03-12
Asia Stocks Look Mixed as US Inflation Data Looms: Markets Wrap,2024-03-12
"Inflation expected to remain elevated amid higher gas prices, sticky core services",2024-03-12
"Stock market today: S&P 500, Nasdaq dip ahead of key inflation print",2024-03-12
Trump calls Facebook the enemy of the people. Meta’s stock sinks,2024-03-12
Stocks Flounder in Wake of Record-Breaking Session: Markets Wrap,2024-03-13
"Stock market today: Nvidia, Tesla drag tech stocks lower as S&P 500 pulls back from record",2024-03-13
"Nvidia, Tesla drops drag S&amp;P 500 and Nasdaq lower",2024-03-14
New signs of a broader rally: Wednesday&#x27;s market takeaways,2024-03-14
Tech Stocks Left Out of Rally Ease Fears a Bubble Is Building,2024-03-16
Cisco stock still isn't back to its 2000 high: Chart of the Week,2024-03-16
US Economy Scores a Win From the Bear Market in Natural Gas,2024-03-16
Treasury yields climb ahead of Fed meeting. Here&#x27;s why.,2024-03-19
Asian Stocks Retreat as Dollar Strength Saps Mood: Markets Wrap,2024-03-22
"BOJ Watchers See Next Rate Hike by October, Risk of Faster Moves",2024-03-22
PRESS DIGEST-Wall Street Journal - March 22,2024-03-22
Stock market today: Stocks jump to new highs as Fed buzz lifts markets,2024-03-22
US Inflation Gauge Seen Bolstering Fed Patience on Rates,2024-03-24
The Fed’s massive economic upgrade: Chart of the Week,2024-03-24
"CANADA STOCKS-TSX dips for second day, holds near record high",2024-03-25
The Short-Vol Trade Is Back: Why Some Investors Think It’s Driving Tranquility in Markets,2024-03-25
‘Priced for Perfection’ Stocks See Rally Stall: Markets Wrap,2024-03-25
"Stock market today: Stocks slip from recent records, Bitcoin rallies back above $70,000",2024-03-25
3 rate cuts in 2024 are 'in line with my thinking': Fed's Goolsbee,2024-03-25
Wall Street just gave its highest year-end forecast yet for the S&P 500,2024-03-25
"Hedge funds flock to Europe, ditch US stocks",2024-03-25
Stock rally pauses after latest record-setting run,2024-03-26
The S&P 500 is up 5 months straight — and history favors momentum,2024-03-27
Futures recover; focus shifts to Fed officials' comments,2024-03-27
Goldman Sees Pension Funds Offloading $32 Billion of Stock Soon,2024-03-27
BOJ’s Hawkish Member Eyes Steady Rate Hikes for Normalization,2024-03-27
"Yen Rebounds From 34-Year Low, Stocks Hold Steady: Markets Wrap",2024-03-27
China sets yuan at much stronger fixing than markets expected,2024-03-28
Japanese Markets Face Risks as Fiscal Year-End Falls on Easter,2024-03-28
"Stock market today: S&P 500 hits fresh record, Dow jumps over 475 points",2024-03-28
Fed's Waller is in 'no rush' to cut rates in 2024,2024-03-28
New inflation reading 'along the lines of what we want to see': Fed's Powell,2024-03-30
New inflation reading could keep June rate cut on the table for Fed,2024-03-30
"Tesla's Q1 to forget: Poor guidance, China woes, and Musk antics hit EV maker's stock hard",2024-03-30
Disney proxy fight and jobs report may jolt markets,2024-03-31
Stocks just had their best first quarter in 5 years — here's where strategists think the market is headed,2024-03-31
Homebuyers need to earn 80% more than they did in 2020 to afford a home in today's market,2024-03-31
Stocks just had their best first quarter in 5 years ,2024-04-01
The Fed’s massive economic upgrade,2024-04-01
"Asian Stocks Poised to Gain, Chinese PMI Expands: Markets Wrap",2024-04-01
AI Craze Drives Record Quarterly Foreign Flows to Korean Stocks,2024-04-01
Five Key Charts to Watch in Global Commodity Markets This Week,2024-04-01
March jobs report kicks off new quarter: What to know this week,2024-04-01
Market strategist explains the 3 hallmarks of meme stocks,2024-04-01
Real estate mogul Barbara Corcoran predicts interest rate cut could create a surge in home prices,2024-04-01
"Stocks slide as oil, yields touch 2024 highs",2024-04-03
The US labor market remains &#x27;quite healthy&#x27;,2024-04-03
The Biden stock market is swamping Trump’s,2024-04-03
Tech leads market surge after jobs report blowout,2024-04-06
The Fed&#x27;s decision on rates isn&#x27;t getting any easier,2024-04-06
Tesla&#x27;s battered stock falls further amid challenging week,2024-04-06
Wall Street just gave its highest S&P 500 forecast yet,2024-04-09
Trump’s net worth has tumbled by $2 billion since Truth Social stock peaked last month,2024-04-09
Stock market today: Stocks go nowhere as Wall Street waits for inflation print,2024-04-09
Yen Faces a Make-or-Break Moment on US Inflation Data,2024-04-09
Hottest Indian Stock Index Also Has the Best Earnings Potential,2024-04-09
European Stocks Waver as Traders Mull Catalysts: Markets Wrap,2024-04-09
ECB-Fed Split Ignites Talk of Euro Sliding to Dollar Parity,2024-04-09
Bullard Says Three Fed Rate Cuts This Year Is ‘Base Case’,2024-04-09
South Korea Election Hinges on Urban Voters and Inflation Worries,2024-04-09
US stocks go nowhere ahead of CPI data,2024-04-10
Fed&#x27;s Bostic still expects 1 rate cut this year,2024-04-10
Fed&#x27;s Bostic: Inflation may come down at a slow pace in 2024,2024-04-10
Earnings season to test breadth of stock market rally,2024-04-10
Coupang Stock (NYSE:CPNG): Should You Ride This Rocket Higher?,2024-04-13
"AI will spark massive disruptions to labor markets and there's no social safety net that can contain the fallout, University of Chicago professor says",2024-04-13
"There are 4 reasons the stock market is poised to keep soaring to record highs, Goldman Sachs says",2024-04-13
Analyst who correctly predicted Apple's stock drop reboots price target,2024-04-13
Why AnaptysBio Stock Zoomed Nearly 8% Higher This Week,2024-04-13
"Tesla needs to focus on the Model 2 instead of its risky robotaxi in order to reverse a 30% stock skid, Wedbush says",2024-04-13
"Immigration has helped the hot US economy and labor market, but there's a risk of oversupply, Fitch says",2024-04-13
Stock market today: US stocks drop as investors digest first batch of bank earnings,2024-04-13
"Why C3.ai, Intel, Advanced Micro Devices, and Other Artificial Intelligence (AI) Stocks Slumped on Friday",2024-04-13
"Why Alibaba, JD.com, and PDD Holdings Stocks Were Sliding Today",2024-04-13
"Apple's earnings power is once again being overlooked by investors, positioning the stock for 28% upside, BofA says",2024-04-13
Emerging-Market Bulls Tout Modi Premium as Indian Election Nears,2024-04-13
Apple Signal of AI Intent Unleashes $112 Billion Stock Surge,2024-04-13
2 Fed officials urge patience before any interest rate cuts,2024-04-13
Consumers are getting frustrated with stalling inflation,2024-04-13
Stock market today: Dow loses nearly 500 points as inflation woes meet an uneasy earnings start,2024-04-13
High interest rates are getting more challenging for even the biggest banks,2024-04-13
AI's 'mad cow disease' problem tramples into earnings season,2024-04-13
Stock market today: 'Magnificent 7' power stock surge after CPI-fueled sell-off,2024-04-13
Canada’s 30-Year Mortgages Seen Helping Small ‘Sliver’ of Market,2024-04-13
"US growth may be a global boon, but inflation could derail the train",2024-04-15
"Morning Bid: Nervy markets await Israel's response, Fed outlook",2024-04-15
Stock market today: Asian stocks track Wall Street's decline as Middle East tensions escalate,2024-04-15
Looking to Buy Home Depot Stock? This Might Be Its 1 Secret to Success,2024-04-15
"Nike Stock Has 22% Upside, According to 1 Wall Street Analyst",2024-04-15
Chinese Stocks Advance as Beijing Renews Regulatory Support,2024-04-15
Zomato’s 260% Stock Surge Has Analysts Scrambling to Catch Up,2024-04-15
"Asia stocks slip, gold firm as Middle East conflict grips markets",2024-04-15
South Korea Finance Minister vows measures to stabilise market volatility if needed,2024-04-15
Emerging Markets Battle Weak Currencies Amid Dollar Might,2024-04-15
Investors are overlooking a key sector of the stock market. 3 reasons market pros see big upside in energy,2024-04-15
Markets Weigh Up Risk of Retaliation-Cycle After Iran Hits Israel,2024-04-15
Big Tech will outperform in a high interest rate environment: Wall Street pros,2024-04-15
What Trump is signaling with his possible Treasury and Fed picks,2024-04-15
'We are in a crisis now:' Childcare costs outpace inflation,2024-04-15
Why Nvidia's stock sell-off matters and what people are saying about it,2024-04-15
Bitcoin Slump on Iran Attack Flashes Warning for Global Markets,2024-04-15
Markets flash early signs of risk from wider Mideast war as crypto prices sink after Iran launches wave of drones at Israel,2024-04-15
S.Korea market watchdog urges companies to listen carefully to shareholders,2024-04-18
"Asian Stocks Rangebound at Open, Tech in Focus: Markets Wrap",2024-04-18
"The stock market is headed for a hard 'reset' that could take years to recover from, CIO says",2024-04-18
Why Eli Lilly Stock Beat the Market Today While ResMed and AdaptHealth Sank,2024-04-18
Most S&P 500 Stocks No Longer Trade Above 50-Day Average: Healthy Pullback Or Is The Bull Market Over?,2024-04-18
BMO shares 4 charts showing why stock investors shouldn't fear higher-for-longer interest rates,2024-04-18
"Digital marketer Ibotta prices shares higher than expected, raises $577M in public debut as IPO market heats up",2024-04-18
Trying to time the stock market? Read this first,2024-04-18
Why Arm Holdings Stock Took a Dive Today,2024-04-18
"New York competition, smoking, internet betting concerns roil US northeast's gambling market",2024-04-18
Stock market today: Indexes rise as traders try to shrug off Powell's hawkish commentary,2024-04-18
S&P 500 Suffers Its Longest Slide Since January: Markets Wrap,2024-04-18
"Jerome Powell pumped the brakes on rate cuts, but Goldman still eyes a soft landing because of the strong job market",2024-04-18
Bank of America CEO: The Federal Reserve is winning the war on inflation,2024-04-18
"Tech earnings season is coming, and AI is top of mind",2024-04-18
"Stock market today: Tech leads stock slide, Nvidia falls almost 4%",2024-04-18
Why the 2024 stock market still looks like 2023: Morning Brief,2024-04-18
Stocks set to follow 'bumpier path' forward after stellar first quarter,2024-04-18
Wall Street says a Wall Street revival is finally here,2024-04-18
"Tesla earnings preview: Investors eye EV demand, guidance, and product roadmap following stock wipeout",2024-04-22
Why the stock market is having 'digestion problems' this earnings season,2024-04-22
Fed's favorite inflation gauge and Big Tech earnings greet a slumping stock market: What to know this week,2024-04-22
How Jay Powell and the Fed pivoted back to higher for longer,2024-04-22
Hidden AI stock plays: Here are the companies powering the next revolution,2024-04-22
"Stocks Set To Snap Worst Losing Streak In Nearly 2 Years, Gold Sinks, Bitcoin Reclaims $66,000: What's Driving Markets Monday?",2024-04-22
Bitcoin traders shrug off 'halving' to focus on broader market risks,2024-04-22
What is the Federal Reserve?,2024-04-22
UBS Cuts View on ‘Big 6’ Tech Stocks as Earnings Growth Slows,2024-04-22
Strong Earnings Will Give S&P 500 a Boost,2024-04-22
Wall St stocks end higher with major corporate earnings in view,2024-04-22
Video Gaming Stocks Q4 Earnings: Roblox (NYSE:RBLX) Best of the Bunch,2024-04-22
Q4 Earnings Recap: Zoom (NASDAQ:ZM) Tops Video Conferencing Stocks,2024-04-22
Unpacking Q4 Earnings: SentinelOne (NYSE:S) In The Context Of Other Cybersecurity Stocks,2024-04-22
Data Analytics Stocks Q4 Earnings: Palantir (NYSE:PLTR) Best of the Bunch,2024-04-22
Gig Economy Stocks Q4 Earnings Review: DoorDash (NYSE:DASH) Shines,2024-04-22
Q4 Earnings Highs And Lows: Bill.com (NYSE:BILL) Vs The Rest Of The Finance and HR Software Stocks,2024-04-22
Big Tech Faces Earnings Test After Market Rout,2024-04-22
"Paraguay Surprises by Not Cutting Rate, Citing Fed and Oil Risks",2024-04-22
Stocks Climb as US Earnings Kick Into High Gear: Markets Wrap,2024-04-22
BOE Divides on Timing of Rate Cuts With Hawkish Tone From Pill,2024-04-23
Global equity market-neutral hedge funds shine,2024-04-23
Here's Why Spotify Stock Jumped Today,2024-04-23
Billionaire Investor David Tepper Has 32% of His Portfolio Invested in These 3 Incredible Artificial Intelligence (AI) Growth Stocks,2024-04-23
"1 Stock That Turned $2,400 Into $1 Million",2024-04-23
Stocks Grind Higher as Earnings Take Center Stage: Markets Wrap,2024-04-23
1 Wall Street Analyst Thinks Bank of America Stock Is Going to $42. Is It a Buy?,2024-04-23
"Roblox upgraded, Qualcomm initiated: Wall Street's top analyst calls",2024-04-23
Tesla Stock in ‘No Man’s Land’ After 43% Rout Ahead of Earnings,2024-04-23
Is It Time to Buy ASML Stock Yet?,2024-04-23
Stock market today: US stocks climb as earnings season kicks into high gear,2024-04-23
Prediction: This Top Dividend Stock Will Join the Trillion-Dollar Club by 2040,2024-04-23
What Nvidia Stock Investors Should Know About Recent Artificial Intelligence (AI) Updates,2024-04-23
JPMorgan warns stock market sell-off has 'further to go',2024-04-23
Stock market today: S&P 500 snaps 6-day losing streak ahead of Big Tech earnings rush,2024-04-23
Can markets make a comeback? That depends on tech earnings,2024-04-23
"Wall St gains on bright earnings, megacaps' support",2024-04-23
Citi Strategists Say Buy the Dip in Stocks on Solid Earnings,2024-04-23
US Yields Climb Before a Record $70 Billion Sale: Markets Wrap,2024-04-24
Bullish Trendline Could Help Netflix Stock Recover,2024-04-24
Why Wabtec Stock Is on a Roll Today,2024-04-24
Is Intel Stock a Buy?,2024-04-24
Zillow Stock: Everything You Need to Know,2024-04-24
Why Tesla’s stock price is surging — here’s what Elon Musk said,2024-04-24
Why Boeing Stock Is Up Today,2024-04-24
Tesla Just Shared Some Spectacular News for Nvidia Stock Investors,2024-04-24
3 High-Yielding Dividend Stocks That Can Help Bankroll Your Retirement Years,2024-04-24
5 Reasons to Buy Disney Stock Like There's No Tomorrow,2024-04-24
How To Earn $500 A Month From Meta Platforms Stock Ahead Of Q1 Earnings,2024-04-24
1 Magnificent Dividend Stock Down 30% to Buy Right Now Near a Once-in-a-Decade Valuation,2024-04-24
Tesla stock surges as EV maker will 'accelerate' the launch of cheaper cars,2024-04-24
"Stock market today: Nasdaq pops, Tesla surges after earnings with more heavyweights on deck",2024-04-24
Qualcomm is coming for Intel’s biggest market: PCs,2024-04-24
Wall Street bosses tested by calls to strip them of power,2024-04-24
"Stock market today: S&P 500, Nasdaq notch big gains as Tesla kicks off 'Magnificent 7' earnings",2024-04-24
Donald Trump nabs additional $1.2 billion 'earnout' bonus from DJT stock,2024-04-24
Euro zone bond yields rise as data muddies rate outlook,2024-04-24
"Lucid Stock Has 14% Upside, According to 1 Wall Street Analyst",2024-04-25
Why Old Dominion Freight Line Stock Crashed on Wednesday,2024-04-25
Why General Dynamics Stock Is Losing Ground Today,2024-04-25
Why Texas Instruments Stock Opened 8.5% Higher Today,2024-04-25
"Boston Scientific Lifts 2024 Profit Forecast On Strong Growth From Cardiovascular Devices, Stock Soars",2024-04-25
"Tesla Rally Buoys S&P 500, Nasdaq Intraday as Investors Await Meta Results",2024-04-25
Why Visa Stock Popped This Morning,2024-04-25
Freight market stabilization helping buoy M&A activity,2024-04-25
"Stock market today: Tesla surges, stocks flip flop as investors await Meta earnings",2024-04-25
Stock market today: Tesla shares pop as Elon Musk's promise of cheaper EVs charms investors,2024-04-25
"Old Dominion’s Q1 earnings meet estimate, but LTL stocks fall anyway",2024-04-25
Stock Rally Stalls as Bond Yields Rise Before GDP: Markets Wrap,2024-04-25
Microsoft to report Q3 revenue as Wall Street looks for AI growth,2024-04-25
"Fears of Ravaged Commercial Real Estate Market Have Eased, DoubleLine Says",2024-04-25
New York lawmakers pass $237 billion budget with policies to jump-start housing market,2024-04-25
Here's what $1 million buys in today's housing market,2024-04-25
Gold Steady as Traders Await Key Inflation Print for Rate Clues,2024-04-25
New inflation reading reinforces Fed's higher-for-longer stance,2024-04-26
Stock market today: Stocks build on tech-fueled jump as market takes PCE in its stride,2024-04-26
Fed's favored inflation gauge shows price increases remained sticky in March,2024-04-26
"Alphabet market cap tops $2 trillion after earnings beat, dividend announcement",2024-04-26
"Chevron, Exxon stocks fall as lower refining margins, falling natural gas prices hit profits",2024-04-26
Investors are more worried about inflation than a weakening economy,2024-04-26
Intel reports better than expected Q1 earnings but falls short on revenue outlook. Stock slides more than 5%.,2024-04-26
"Stock market today: Stocks slide after GDP report prompts inflation, growth concerns",2024-04-26
McKinsey’s Roland Rechtsteiner on the energy transition and commodities markets,2024-04-26
"UK stock market shrinking at fastest pace in history, says Goldman",2024-04-26
Why Roku Stock Is Tumbling Today,2024-04-26
AutoNation Stock Rallies After Mixed First-Quarter Report as New Car Sales Gain,2024-04-26
Tech Rally Puts EM Stocks on Track for Best Week Since July,2024-04-26
Why ResMed Stock Is Soaring Today,2024-04-26
Snap’s Stock Surge Is Latest Example of Earnings Volatility,2024-04-26
Southern Copper Lifts Output Forecast Amid Tight Metal Market,2024-04-26
3 Reasons Royal Caribbean Stock Can Double Again in 2024,2024-04-26
Why Skechers Stock Skyrocketed to an All-Time High Today,2024-04-26
How To Earn $500 A Month From Domino's Pizza Stock Ahead Of Q1 Earnings,2024-04-26
"Surging auto insurance rates squeeze drivers, fuel inflation",2024-04-26
Lofty US stocks leave investors punishing earnings disappointments,2024-04-27
Stock market today: Nasdaq surges 2% as Big Tech leads rally after earnings,2024-04-27
S&P 500 Q1 earnings estimated growth improves; stocks up for week,2024-04-27
European Stocks Post Best Week Since January on Strong Earnings,2024-04-27
"3 Stocks to Invest $30,000 in Right Now",2024-04-27
Is Hercules Capital Stock a Buy?,2024-04-27
Why Newell Brands Stock Jumped on Friday,2024-04-27
Can Tesla Become a Trillion-Dollar Stock by 2030?,2024-04-27
Is It Time to Buy the Dip On Netflix Stock?,2024-04-27
Is Take-Two Interactive Stock Going to $185? 1 Wall Street Analyst Thinks So.,2024-04-27
Is This Beaten-Down Dividend Stock a Buy?,2024-04-27
Where Will Tilray Stock Be in 1 Year?,2024-04-27
"A Once-in-a-Generation Investment Opportunity: 1 Bill Ackman Artificial Intelligence (AI) Stock to Buy Hand Over Fist Before It Surges 17%, According to 1 Wall Street Analyst",2024-04-27
This Secret Data Center Stock Is Up 180% in a Year. Is It Too Late to Buy?,2024-04-27
"Forget Nvidia, These Unstoppable Stocks Are Better Buys",2024-04-27
How often do money market accounts pay interest?,2024-04-27
Hong Kong stock exchange fights to regain investors’ faith,2024-04-27
3 Crypto Stocks Up More Than 500% Since 2023,2024-04-28
Fed Repricing Gives Rise to New Equities Playbook in Asia,2024-04-28
Powell Is Poised to Keep Fed on Higher-for-Longer Path,2024-04-28
This week in Bidenomics: Inflation staycation,2024-04-28
"Real Estate Stocks Sink on Rate Outlook, Disappointing Earnings",2024-04-28
"It’s time to talk about the ‘dirty word’ on Wall Street as ‘whiffs of stagflation’ intrude on markets, chief strategist says",2024-04-28
2 Incredibly Cheap Dividend Stocks to Buy Now,2024-04-28
"Want $1 Million In Retirement? Invest $250,000 in These 3 Stocks and Wait a Decade.",2024-04-28
"For Tesla Stock Investors, There Are Only Three Letters That Matter",2024-04-28
Is UPS Stock Going to $169? 1 Wall Street Analyst Thinks So,2024-04-28
"The AI-fueled stock market bubble will crash in 2026, research firm says",2024-04-28
"I Love Individual Stocks, but I Just Invested 12% of My Portfolio in This ETF",2024-04-28
Should You Buy the 3 Highest-Paying Dividend Stocks in the S&P 500?,2024-04-28
More Than a Quarter of Billionaire Carl Icahn's Portfolio Is In These 3 Energy Stocks,2024-04-28
A Second-Chance Opportunity: 1 Artificial Intelligence (AI) Growth Stock Down 17% to Buy Now,2024-04-28
"Alphabet, Microsoft Rallies Help Lift Equities Ahead of Next Week's Fed Decision",2024-04-28
Chart Veteran Who Predicted Bitcoin’s 2018 Collapse Says the Bull Market May Be Over,2024-04-29
Carmakers need to be tech-savvy to get an edge in China’s EV market,2024-04-29
3 Red Flags for a Stock That Could Actually Be Green Flags for a Meme Coin,2024-04-29
1 No-Brainer Vanguard Growth Fund to Buy in a Market Correction,2024-04-29
Billionaires Are Selling Nvidia Stock and Buying This Supercharged AI Index Fund Instead,2024-04-29
Nasdaq Bull Market: Here's the Best Investing Move You Can Make Right Now,2024-04-29
4 Artificial Intelligence (AI) Stocks Members of Congress Can't Stop Buying (and Nvidia Isn't 1 of Them!),2024-04-29
Meet the 8 Phenomenal Stocks Warren Buffett Plans to Hold Forever,2024-04-29
Better AI Stock: SoundHound AI vs. C3.ai,2024-04-29
REITs vs. Dividend Stocks: What's a Better Investment?,2024-04-29
Better Dividend Stock: AT&T vs. Verizon,2024-04-29
Here's Exactly How Amazon Stock Could Double Again by 2030,2024-04-29
"A Fed meeting, jobs report, and more Big Tech earnings: What to know this week",2024-04-29
Why I have hated this earnings season — and you might too,2024-04-29
Bull Market Beckons for Hang Seng Index as Property Stocks Surge,2024-04-29
Spotify CEO Ek Cashes In on Streaming Giant’s 267% Stock Rebound,2024-04-29
Spanish Inflation Quickens as Government Energy Aid Removed,2024-04-29
"Stocks Gain as Focus Turns to Fed, Yen Rebounds: Markets Wrap",2024-04-29
Investors confused about the Fed's rate path look to Jay Powell for answers,2024-04-29
"Asian Stocks Set to Track US Higher, Led By Japan: Markets Wrap",2024-04-30
Is Meta Platforms Stock a Buy?,2024-04-30
Are stocks overvalued? Here's what the key numbers say,2024-04-30
"Down 20% in 1 Month, Is Arm Holdings Stock Cheap Now?",2024-04-30
It's going to be a massive week for the stock market,2024-04-30
Why Li Auto Stock Raced Higher on Monday,2024-04-30
Tesla stock surges 12% on Elon Musk's China Full Self-Driving 'home run',2024-04-30
1 Wall Street Analyst Thinks Alphabet Stock Is Going to $200. Is It a Buy?,2024-04-30
Stock market today: Indexes extend gains ahead of big week for earnings and the economy,2024-04-30
Why Investors Were Energized by FuelCell Energy Stock Today,2024-04-30
Why Baidu Stock Jumped Today,2024-04-30
TerraPay and VM Money Transfer Services partner to expand remittance market for Jamaicans,2024-04-30
"Tesla Rally Boosts S&P 500, Nasdaq; This Week's Earnings, Fed Decision in Focus",2024-04-30
"S&P 500 Companies' Latest Quarterly Results Mixed so Far, Oppenheimer Says",2024-04-30
"Equities Rise Intraday as Traders Await This Week's Key Earnings, Fed Decision",2024-04-30
"April Texas Manufacturing Activity Unexpectedly Dips, Dallas Fed Says",2024-04-30
SoFi Technologies' second-quarter revenue guidance misses views; stock slides intraday,2024-04-30
Medifast's (NYSE:MED) Q1 Earnings Results: Revenue In Line With Expectations But Stock Drops 14.3%,2024-04-30
Stock Bulls Look to Earnings With Fed in a Corner: Markets Wrap,2024-04-30
AMD to report Q1 earnings Tuesday as Wall Street looks for jump in AI and PC sales,2024-04-30
AI Hardware Stocks Get Pummeled Even as Big Tech Keeps Spending,2024-05-01
Got $500 to Invest in Stocks? Put It in This ETF,2024-05-01
Analysts revise AMD price targets as stock hit by muted AI sales forecast,2024-05-01
The Secret to Passive Income Is Hiding in This Unstoppable Dividend Stock,2024-05-01
Here's How Much Stock Qualcomm Repurchased in the Past Year,2024-05-01
"UK cider sales decline in volume but value, market share grow in 2023",2024-05-01
Where Will Alphabet Stock Be in 1 Year?,2024-05-01
Why Is Everyone Talking About Intel Stock?,2024-05-01
Fidelity’s Scarsciotti: Embrace Market Risk,2024-05-01
Why Is AMD Stock Down 7% After Earnings?,2024-05-01
Should You Buy Monday.com Stock?,2024-05-01
US Futures Slide With Markets Bracing for Powell: Markets Wrap,2024-05-01
Amazon stock pops after earnings beat,2024-05-01
"AMD beats on Q1 revenue and EPS, stock edges lower on light guidance",2024-05-01
Are money market accounts insured by the FDIC?,2024-05-01
Stock market today: S&P 500 futures slide with Fed's Powell in the spotlight,2024-05-01
3 stocks with the biggest gains took April's biggest losses,2024-05-01
Wage increases reveal another 'sticky' problem for the Fed,2024-05-01
Mondelez CEO keeps it real on inflation as earnings trounce estimates,2024-05-01
Warner Bros. Discovery stock tumbles as NBC reportedly preps bid for NBA rights,2024-05-01
Is GE Aerospace Stock Going to $185? 1 Wall Street Analyst Thinks So.,2024-05-02
My Top 26 Stocks to Buy Now in May,2024-05-02
Should You Buy the Vanguard S&P 500 ETF Right Now or Wait for a Stock Market Correction?,2024-05-02
My Top 5 Favorite High-Yield Dividend Stocks to Buy in May,2024-05-02
Here's Why Eli Lilly Stock Remains a Screaming Buy,2024-05-02
Should You Buy the Cheapest Trillion-Dollar Stock Hand Over Fist? Wall Street Says Yes,2024-05-02
US Stock Futures Gain as Rates Relief Sets In: Markets Wrap,2024-05-02
Time to Pounce: 2 Ultra-High-Yield Monthly Dividend Stocks Begging to Be Bought in May,2024-05-02
Pfizer's Stock Is a Buy. Here Are Six Reasons Why.,2024-05-02
This Is Huge News for Tesla Stock Investors,2024-05-02
Cocoa Slumps Again as Buyers Hold Back in Troubled Market,2024-05-02
"Bally's (NYSE:BALY) Reports Sales Below Analyst Estimates In Q1 Earnings, Stock Drops",2024-05-02
AI chip darling AMD struggles to impress Wall Street this earnings season,2024-05-02
"Pfizer stock gains 7% after earnings beat, company calls dividend 'secure'",2024-05-02
CVS stock plunges after earnings numbers one analyst 'did not even believe',2024-05-02
Futures climb as Fed allays rate-hike worries,2024-05-02
"Morning Bid: Fed QT taper calms the horses, yen pops again",2024-05-02
Google faces closing arguments in US market power trial,2024-05-02
Jay Powell won't give in to the market's biggest fear: Morning Brief,2024-05-02
Bond market liquidity squeeze keeps regulators alert to risks,2024-05-02
"Asian Stocks Rally, Yen Climbs to Three-Week High: Markets Wrap",2024-05-03
Analysts revise CVS stock targets after Aetna Medicare Advantage earnings plunge,2024-05-03
Why one economist says Elon Musk has turned Tesla into a meme stock,2024-05-03
Why Freshworks Stock Crashed Today,2024-05-03
1 Wall Street Analyst Thinks Eli Lilly Stock Is Going to $892. Is It a Buy?,2024-05-03
"Starbucks Stock Is $20 Undervalued, According to 1 Wall Street Analyst",2024-05-03
Is Palo Alto Networks Stock Going to $360? 1 Wall Street Analyst Thinks So.,2024-05-03
"Cloudflare Stock Tanks Following Q1 Results, Subpar Guidance - Here's Why",2024-05-03
Analysts reveal Eli Lilly stock price targets after earnings,2024-05-03
"Apple Rallies on Upbeat Forecast, Record-Setting Stock Buyback",2024-05-03
"The stock market's sell-off is over and the Fed gave 5 bullish signs to investors at its latest meeting, Fundstrat's Tom Lee says",2024-05-03
A red-hot job market that’s defied Fed rate hikes is cooling (finally),2024-05-03
Equity Markets Close Higher Ahead of Jobs Report,2024-05-03
"S&P 500, Nasdaq Rise Intraday Amid Moderna Rally as Traders Await Apple Results",2024-05-03
"Sprout Social (NASDAQ:SPT) Reports Sales Below Analyst Estimates In Q1 Earnings, Stock Drops 24.7%",2024-05-03
"Zillow Stock Slumps on First-Time Buyer, Mortgage Rate Headwinds",2024-05-03
"April jobs report preview: Wages, job gains set to slow while unemployment holds steady",2024-05-03
"Stock market today: Stocks climb as Fed rate-hike fears fade, with Apple on deck",2024-05-03
"Block Stock Soars On Q1 Earnings, Strategic Bitcoin Investment: Details",2024-05-03
Stock market today: US stocks end the week higher after solid earnings and Goldilocks jobs report,2024-05-04
Trump Media stock tumbles as the SEC charges its auditor with 'massive fraud',2024-05-04
Helen of Troy Stock (NASDAQ:HELE): Analysts See 40%+ Upside after Sell-Off,2024-05-04
"There are 4 big factors to watch that could bring turmoil to financial markets, research firm says",2024-05-04
"The US could give homeowners a $980 billion stimulus at no additional cost, 'Oracle of Wall Street' says",2024-05-04
Why Fastly Stock Was Flailing on Friday,2024-05-04
Is Starbucks Stock Going Back to $100? 1 Wall Street Analyst Thinks So.,2024-05-04
Why Wall Street is so happy to see the job market slowing down,2024-05-04
"China's stock market has staged a big rebound that's poised to push on, strategist says",2024-05-04
Why BigBear.ai Holdings Stock Dived by Almost 14% Today,2024-05-04
Why Arista Networks Stock Flew Higher on Friday,2024-05-04
Fed's Williams says 2% inflation target 'critical',2024-05-04
Fed's Goolsbee: US rate-path 'dot plot' needs more context,2024-05-04
European Stocks Gain on Earnings as US Data Fuels Rate-Cut Bets,2024-05-04
"Apple stock pops 6% after results top estimates, company reveals $110 billion buyback",2024-05-04
11 stocks that mattered most this earnings season,2024-05-04
Fed-Obsessed Traders Need the Economy to Get Its Story Straight,2024-05-04
"Stock market today: Stocks surge as jobs report revives rate-cut bets, Apple jumps 6%",2024-05-04
Amgen's peek at its GLP-1 drug trial results heightens competition in obesity market,2024-05-04
Apple Rally Helps Boost Equity Markets as Traders Parse Jobs Report,2024-05-04
5 Reasons to Love Meta Platforms Stock,2024-05-05
Better Quantum Computing Stock: IBM vs. IonQ,2024-05-05
"Peloton Stock Has 90% Upside, According to 1 Wall Street Analyst",2024-05-05
Is Boeing Stock a Buy?,2024-05-05
3 Super-Safe Dividend Stocks That Have Been Making Recurring Payments for 130+ Years,2024-05-05
Is Caterpillar Stock a Buy?,2024-05-05
Where Will Lucid Stock Be in 3 Years?,2024-05-05
Where Will Arm Holdings Stock Be in Five Years?,2024-05-05
Wall Street big shots may be forced to cancel their summer vacations,2024-05-05
"2 Stocks to Buy With $1,000",2024-05-05
Wall Street Heads West to Milken Confab Looking for Deals Revival,2024-05-05
How the Fed weighs 'political risk' behind closed doors,2024-05-05
MercadoLibre stock price surges on Wall Street after earnings,2024-05-05
Why Warren Buffett's billions in cash at Berkshire Hathaway is a bearish stock market signal,2024-05-05
"Majority of S&P 500 Companies Top Street's Earnings Projections so Far, UBS Says",2024-05-05
Got $500? These Hot Growth Stocks Are Screaming Buys Right Now,2024-05-06
Is It Too Late to Buy Realty Income Stock?,2024-05-06
"$3 trillion could be injected into the U.S. economy without any federal spending by tweaking this corner of the mortgage market, ‘Oracle of Wall Street’ says",2024-05-06
"Chinese Stocks, Yuan Primed for Gains on Return From Holidays",2024-05-06
Asian Stocks Eye Positive Start as China Returns: Markets Wrap,2024-05-06
"Lagging Real Estate Stocks Have Dipped Too Far, Analysts Say",2024-05-06
Whether Wall Street garden leaves survive noncompete ban is an 'open question',2024-05-06
Asian Stocks Gain as Fed Rate Hopes Lift Sentiment: Markets Wrap,2024-05-07
Nomura Targets 20% Revenue Growth From Global Markets Arm,2024-05-07
Asia shares rise on rate cut bets; RBA seen turning hawkish,2024-05-07
"Lucid stock down on Q1 loss, confirms Gravity SUV on track for 'late 2024' launch",2024-05-07
Companies are having their best earnings season in nearly 2 years,2024-05-07
Bitcoin Slips to $63K as Crypto Market Faces More U.S. Regulatory Pressure,2024-05-07
"Two Big Bitcoin Catalysts Could Drive MicroStrategy Stock Gains, TD Cowen Says",2024-05-07
How does the labor market affect inflation?,2024-05-07
Stock market today: Stocks climb as S&P 500 notches best 3-day run of 2024,2024-05-07
Fed's Williams and Barkin soothed worries about any rate hikes in 2024,2024-05-07
Return to the '70s? Today's housing market has echoes of dark era.,2024-05-07
NY Fed survey finds Americans bracing for higher housing costs,2024-05-07
AMD Stock: Investors Needed More Than Just a Solid Quarter,2024-05-07
"I Keep Buying Alphabet Stock (NASDAQ:GOOGL), Post Q1 Rally; Here’s Why",2024-05-07
Younger generations might not have to worry about recessions as much as their elders. It would be great news for their job security and stock portfolios.,2024-05-07
"The US will see a recession by year-end that could spark a 30% drop in the stock market, legendary forecaster Gary Shilling says",2024-05-07
3 Reasons to Buy Amazon Stock Now,2024-05-07
Asian Stocks Languish at Open as US Rally Falters: Markets Wrap,2024-05-08
Analyst revises Crocs stock price target after earnings,2024-05-08
BP Stock: Travel Across the Pond for Energy Market Value,2024-05-08
Analysts reboot Palantir stock price target after earnings,2024-05-08
"With onsite inspections, China dials up scrutiny of local market IPO hopefuls",2024-05-08
UK Seeks to Dent Russia’s Monopoly of Uranium-Fuel Market,2024-05-08
Why Thoughtworks Holding Stock Crushed the Market Today,2024-05-08
Why Lumentum Holdings Stock Got Trounced on Tuesday,2024-05-08
Best Stock to Buy Right Now: Costco vs. Home Depot,2024-05-08
Disney stock slides on revenue and streaming misses,2024-05-08
Best growth ETFs: Top funds for growth stocks,2024-05-08
"Stock market today: S&P 500 rises for 4th day, Disney sinks 9% after earnings",2024-05-08
Corporate Earnings Leave Equity Markets Mixed,2024-05-08
Equity Markets Mixed Intraday as Traders Parse Corporate Earnings,2024-05-08
Fed’s Kashkari: Rates will stay high for 'extended period' and can't rule out a hike,2024-05-08
"Palantir stock falls 12%, putting meme rally on pause",2024-05-08
Here’s how inflation erodes your savings and what you can do to stop it,2024-05-08
Crypto Wallet Provider Exodus’ NYSE American Stock Listing Postponed for SEC Review,2024-05-09
Crypto Markets Under Pressure as $2B Worth of Altcoin Token Unlocks and $11B Bitcoin Distribution Loom,2024-05-09
Stock market today: Asian shares mixed after Wall Street's lull stretches to a 2nd day,2024-05-09
"Malaysia Holds Key Rate Amid Low Inflation, Ringgit Measures",2024-05-09
BOE Is Sending Ripples Through Money Markets With Aggressive Bond Sales,2024-05-09
"Fed Official's Comments, Corporate Earnings Leave Equity Markets Mixed",2024-05-09
"Equity Markets Mixed Intraday After Fed Official's Remarks, Corporate Earnings",2024-05-09
"Topgolf Callaway (NYSE:MODG) Reports Sales Below Analyst Estimates In Q1 Earnings, Stock Drops",2024-05-09
"Reddit stock rises after first quarterly report on higher-than-expected earnings forecast, AI hopes",2024-05-09
"Palantir Technologies Investors Made a Big Mistake, but That's Good News if You're Looking to Buy a Growth Stock Hand Over Fist Right Now",2024-05-09
Apple Is Reportedly Building Its Own AI Server Chip -- Is This Bad News for Nvidia Stock Investors?,2024-05-09
Saudi Stock Exchange CEO Sees Further Blitz of IPOs,2024-05-09
Hong Kong Woos Saudi Money in Attempt to Revive Stock Market,2024-05-09
Stock market today: Rally wavers but Dow edges higher for 6th straight session,2024-05-09
Robinhood Markets (HOOD) Q1 2024 Earnings Call Transcript,2024-05-09
Stocks could tank after an ill-advised 'melt-up' if the Fed cuts rates to avoid recession,2024-05-09
The S&P 500 could add this popular tech stock next,2024-05-09
Single Best Trade: Wall Street veteran picks Palantir stock,2024-05-09
UK Home Sellers Rush to Put Property on Market After Prices Dip,2024-05-09
Is Arm Holdings Stock Going to $145? 1 Wall Street Firm Thinks So.,2024-05-10
"Virgin Galactic Stock Has 25% Downside Risk, According to 1 Wall Street Analyst Firm",2024-05-10
Analysts revise Shopify stock price target after earnings,2024-05-10
Buy this boring part of the stock market for overlooked exposure to the AI boom,2024-05-10
Analyst adjusts Nvidia stock price target ahead of earnings,2024-05-10
1 Wall Street Analyst Thinks Lyft Is Going to $24. Is It a Buy?,2024-05-10
"Morning Bid: Markets up but lacking oomph, China inflation looms",2024-05-10
Why Sinclair Stock Was Soaring Today,2024-05-10
Equities Rise as Markets Weigh Jobless Claims Data,2024-05-10
Why Pagaya Technologies Stock Soared 20% Higher Today,2024-05-10
Yelp's (NYSE:YELP) Q1 Earnings Results: Revenue In Line With Expectations But Stock Drops,2024-05-10
Akamai's (NASDAQ:AKAM) Q1 Earnings Results: Revenue In Line With Expectations But Stock Drops,2024-05-10
"Hanesbrands (NYSE:HBI) Reports Sales Below Analyst Estimates In Q1 Earnings, But Stock Soars 6.1%",2024-05-10
Oil Heads for Weekly Gain on Renewed Optimism for US Rate Cuts,2024-05-10
Asian Stocks to Rise as Jobs Data Fuel Wall Street: Markets Wrap,2024-05-10
Peru Cuts Interest Rate After Inflation Finally Slows Back to Target,2024-05-10
Roblox Stock Tanks After Cutting Full-Year Bookings Outlook,2024-05-10
Equity Markets Rise Intraday as Traders Analyze Jobless Claims Data,2024-05-10
Recession-proof stocks are leading the market's latest leg higher,2024-05-10
Earnings bolster US stocks but crucial inflation report looms,2024-05-11
Palantir Stock (NYSE:PLTR): Should You Buy the Post-Earnings Dip?,2024-05-11
Why you should buy stocks ahead of next week's inflation report,2024-05-11
"The US may be 'sleepwalking' into a recession as cracks form in the labor market, top economist says",2024-05-11
Why DoubleVerify Stock Fell Off a Cliff This Week,2024-05-11
Why ZoomInfo Technologies Stock Plunged by 21% This Week,2024-05-11
"Is Nvidia Stock Going to $1,100? 1 Wall Street Analyst Thinks So.",2024-05-11
Stock Rally Fades With Fed on Tightrope After Data: Markets Wrap,2024-05-11
"Stocks Surge On Healthy Earnings Season, Rising Jobless Claims: This Week In The Markets",2024-05-11
"Sports gambling is taking a cue from Wall Street, and it could be a problem for sportsbooks",2024-05-11
Why Docebo Stock Plummeted on Friday,2024-05-11
Why Gen Digital Stock Zoomed 15% Higher Today,2024-05-11
Big banks complete climate analysis for Fed while Powell tries to avoid becoming climate policymaker,2024-05-11
"Stock market today: Dow pops for 7th straight day as S&P 500 climbs back above 5,200",2024-05-11
Fed's Daly favors waiting to gain confidence that inflation is dropping,2024-05-11
Fed Flags Rising Delinquencies in Commercial Real Estate Loans,2024-05-11
It's Time to Buy the Dip in This Generational Growth Stock Opportunity,2024-05-12
This Is What the Latest Artificial Intelligence (AI) Earnings Reports Say About Nvidia Stock's Future,2024-05-12
3 Magnificent S&P 500 Dividend Stocks Down 30% (or More) to Buy and Hold Forever,2024-05-12
"Forget AGNC Investment, Buy This Magnificent Dividend Growth Stock Instead",2024-05-12
3 Reasons to Buy Dutch Bros Stock Like There's No Tomorrow,2024-05-12
Starbucks Stock Is Collapsing: Should You Buy Shares Today?,2024-05-12
Realty Income Stock (NYSE:O): Will It Recover from Its Losses?,2024-05-12
"1 Magnificent Stock That Turned $10,000 Into $1.5 Million",2024-05-12
How Much Money Does Bill Ackman Have Invested in Chipotle Mexican Grill Stock?,2024-05-12
Is Symbotic Stock a Buy Now?,2024-05-12
Copper Mining Stocks Poised to Benefit from Growing Demand,2024-05-12
China to Nurture Stock Rally by Masking Live Foreign Flows Data,2024-05-12
Cooling Core Inflation Will Offer Minimal Relief to the Fed,2024-05-12
Wall Street Is Sending a Bullish Signal for S&P 500 Earnings,2024-05-12
"Equities Mostly Rise as Traders Parse Fed Officials' Comments, Consumer Sentiment Survey",2024-05-12
"Asian Shares Fall on Weak China Data, Tariff Fears: Markets Wrap",2024-05-13
Asia’s Aversion to Rate Cuts Is Steering EM Bond Investors Away,2024-05-13
"Asia stocks brace for US inflation test, China data",2024-05-13
Currency market calm as US inflation data holds focus this week,2024-05-13
Market Insight – Understanding the current credit cycle,2024-05-13
3 Industrial Stocks to Buy at a Discount,2024-05-13
The 10% for 10 Club: These 3 Stocks Have Grown Their Dividends 10% (or More) Each Year for a Decade,2024-05-13
Apple Just Announced a $110 Billion Stock Buyback. Here's Why I Still Wouldn't Buy the Stock.,2024-05-13
"Robinhood Stock Has 76% Upside, According to 1 Wall Street Analyst",2024-05-13
BlackRock Warns Weak Yen Deters Foreigners From Japanese Stocks,2024-05-13
"Morning Bid: Inflation, tariffs dominate market landscape",2024-05-13
Why you should buy stocks ahead of this week's inflation report,2024-05-13
"Prediction: This Artificial Intelligence (AI) Cloud Stock Will Join Microsoft, Alphabet, and Amazon in the $1 Trillion Club",2024-05-13
2 Stocks That Could Create Lasting Generational Wealth,2024-05-13
Where Will Nvidia Stock Be in 3 Years?,2024-05-14
Analysts adjust JPMorgan stock price target before investor day,2024-05-14
GameStop Stock (NYSE:GME): This Game Is Rigged Against You,2024-05-14
Best Stock to Buy Right Now: Altria vs. British American Tobacco,2024-05-14
3 Artificial Intelligence (AI) Stocks to Buy in May,2024-05-14
Goldman Sachs unveils startling S&P 500 prediction,2024-05-14
Roaring Kitty is back on social media — and meme stock GameStop is soaring,2024-05-14
Analyst revamps Planet Fitness stock price target after membership change,2024-05-14
Why Intel Stock Zoomed Higher on Monday,2024-05-14
"The stock market is about to see a 10% correction, with further disinflation a 'pipe dream' and Fed rate cuts coming much later, Stifel says",2024-05-14
Broadridge to acquire Kyndryl’s Securities Industry Services wealth and capital markets technology platform,2024-05-14
Chinese Stocks Stage a Rally That’s Yet to Convince Global Funds,2024-05-14
Hong Kong Stocks Set for Gains on Tencent Optimism: Markets Wrap,2024-05-14
Oil Steadies as Traders Look to OPEC Report and Inflation Data,2024-05-14
One stock is dragging down the S&P 500's earnings growth,2024-05-14
How Roaring Kitty's return impacted GameStop stock and some crypto assets,2024-05-14
"Deer Park Bets on Real Estate, Expecting Fed to Cut Rates in ‘24",2024-05-14
Equities Close Mixed as Markets Weigh Consumer Inflation Survey,2024-05-14
"S&P 500 Companies' Quarterly Profits 'More Resilient' Than Forecast, Oppenheimer Says",2024-05-14
Fed's Schmid says he is prepared to be patient on policy,2024-05-15
"Sony Jumps as Much as 10% After Earnings Beat, Stock Buyback",2024-05-15
Asian Stocks to Follow US Rally With Focus on CPI: Markets Wrap,2024-05-15
Boyd Gaming Stock (NYSE:BYD): Is the Dip Worth a Roll of the Dice?,2024-05-15
Analyst reboots Palo Alto Network stock price target ahead of earnings,2024-05-15
"JPMorgan's trading desk lays out 6 scenarios for tomorrow's inflation report, and how the stock market will react to each of them",2024-05-15
"'The economy and stock market have never seen anything like this': There's an unprecedented number of recession signs flashing, veteran strategist says",2024-05-15
Veteran fund managers weigh in on GameStop stock surge,2024-05-15
"5 defensive trades to make if stagflation and hard-landing fears cause a stock sell-off, BofA says",2024-05-15
"GameStop, AMC stock booming after Roaring Kitty's return. Will Trump Media stock follow?",2024-05-15
"Record Dividends, Buybacks Act as an Anchor for Japanese Stocks",2024-05-15
"Morning Bid: Markets buoyant, but wary of CPI, tariffs",2024-05-15
Stock market today: Indexes edge up as traders digest wholesale inflation data,2024-05-15
The Problem With Meme Stock ETFs and Timing,2024-05-15
"Analysis-Biden's new China tariff wall faces leakage via Mexico, Vietnam",2024-05-15
"Stock market today: Nasdaq closes at record high, meme stocks surge again ahead of inflation data",2024-05-15
GameStop’s 'Roaring Kitty' surge doesn’t mean meme stock rally has legs,2024-05-15
Trump called himself a 'tariff man.' Biden looks like one too.,2024-05-15
Walmart Q1 earnings preview: Wall Street expects positive momentum as consumers seek value,2024-05-16
"The stock market has peaked and will trade flat for the rest of 2024, Goldman equity chief says",2024-05-16
"Asian Stocks Rally, Dollar Weakens After US CPI: Markets Wrap",2024-05-16
'Someone played this beautifully': Why one expert is suspicious of the latest meme-stock revival,2024-05-16
Analysts reboot Alibaba stock price target after earnings,2024-05-16
Analysts retool Home Depot stock price targets after earnings,2024-05-16
Had Enough of Meme Stocks? Stay Sane with Home Depot (NYSE:HD),2024-05-16
An elite hedge fund bought 1 million GameStop shares before the meme stock's 400% surge,2024-05-16
Top analyst updates S&P 500 price target after April inflation surprise,2024-05-16
"Bread Financial Holdings (NYSE:BFH) Stock Is Rising, But Is It Worth Investors’ Dough?",2024-05-16
"S&P 500, Nasdaq 100, Dow Jones Shatter Record Highs In Unstoppable Bull Market Rally",2024-05-16
These are the top 10 holdings of the Mormon church's $55 billion stock portfolio,2024-05-16
"Australian jobless rate rises in April, erasing risk of rate hike",2024-05-16
China Property Stocks Gauge Jumps on Proposal for Home Purchases,2024-05-16
"Asia rides Wall St rally, dollar sags on US inflation relief",2024-05-16
"Oil prices rise on moderate US inflation data, strong demand",2024-05-16
Argentines Flock to Banks as Milei Awakens Mortgage Market,2024-05-16
Is Austin’s hot housing market flipping in favor of buyers?,2024-05-16
"Stock market today: S&P 500 breaches 5,300 as stocks rally to records after CPI",2024-05-16
AI-Led Tech Craze Leaves Mega Indian Software Stocks in the Dust,2024-05-17
Asian Stocks Fall on Fresh Signs of China Weakness: Markets Wrap,2024-05-17
Asian stocks ease on uncertainty over timing of U.S. rate cuts,2024-05-17
Occidental Petroleum (NYSE:OXY): Is This Buffett Stock a Buy Now?,2024-05-17
DAL vs. AAL: Which Airline Stock Can Fly Higher?,2024-05-17
Chinese Property Stocks Rally on Hope for More Policy Support,2024-05-17
"Jamie Dimon says inflation is worse than people think, and that the market is too optimistic about a soft landing",2024-05-17
Stanley Druckenmiller slashed his Nvidia stake by 72% last quarter as the stock nearly doubled,2024-05-17
Stanley Druckenmiller makes surprising small-cap and AI stock bet,2024-05-17
"Stock market today: Dow crosses 40,000 for the first time as stocks extend record-setting run",2024-05-17
Analysts update Dell stock price targets on Tesla-server win,2024-05-17
Best value ETFs: Top funds that hold bargain-priced stocks,2024-05-17
5 travel stocks and ETFs to watch as summer travel heats up,2024-05-17
Morning Bid: Markets upbeat ahead of China data dump,2024-05-17
"Walmart stock pops after earnings beat, retailer surpasses $500 billion in market cap",2024-05-17
"Dow hits 40,000 on earnings boost, rate cut bets: Instant view",2024-05-17
"Dow sprints past 40,000-mark on earnings boost, rate-cut bets",2024-05-17
"Stock market today: Stocks pull back from records after Dow touches 40,000 for first time",2024-05-17
A Heavy Monsoon Season Is Great News for These Indian Stocks,2024-05-18
Stock market's record-setting rebound may have further to go,2024-05-18
The meme-stock rally is dead as reality sets in amid GameStop's warning on revenue and plan to sell 45 million shares,2024-05-18
Robinhood Stock Soared Over 20% This Week -- Here's Why,2024-05-18
"Dow surges to first close above 40,000",2024-05-18
Does AI Really Make Moderna Stock (NASDAQ:MRNA) a Buy?,2024-05-18
Why VinFast Auto Stock Soared Higher This Week,2024-05-18
"Why Super Micro Computer, C3.ai, and Other Artificial Intelligence (AI) Stocks Rallied This Week",2024-05-18
Why Dell Technologies Stock Jumped This Week,2024-05-18
"Dow 40,000, GameStop meme craze and inflation hangover",2024-05-18
"Wall Street Jumps Back To Record Highs, Dow Hits 40,000 As Inflation Fears Recede, Meme Stock Frenzy Returns: This Week In The Market",2024-05-18
Reddit stock jumps 14% after it inks data training deal with OpenAI,2024-05-18
Stock market today: US stocks edge higher as major indexes flirt with record highs,2024-05-18
"Stock market today: Dow closes above 40,000 for first time to cap winning week for stocks",2024-05-18
"Fed's Bowman sees inflation remaining higher for longer, won't rule out a rate hike",2024-05-18
Global investors wake up to cheap UK stocks as takeover activity rises,2024-05-19
Robinhood (NYSE:HOOD): Picks-and-Shovels Play on Meme Stock Resurgence,2024-05-19
Better Cybersecurity Stock: Palo Alto Networks vs. CrowdStrike,2024-05-19
Why Warren Buffett's record $189 billion cash pile isn't the market-crash signal some say it is,2024-05-19
It's going to be a long summer for the stock market,2024-05-19
Is Ginkgo Bioworks Holdings Stock a Buy?,2024-05-19
What Is the Dividend Payout for 3M Stock?,2024-05-19
"Down 30% From All-Time Highs, Is AMD Stock a Buy?",2024-05-19
3 Magnificent Dividend Stocks You Won't Regret Buying Right Now,2024-05-19
Will the Markets Sign Off on a Comeback in DocuSign Stock?,2024-05-19
Flash in the Pan Meme Moment Takes Some Stock Traders on Wild Ride,2024-05-19
"Dow Closes Above 40,000 For First Time",2024-05-19
Equity Markets Mixed Intraday,2024-05-19
Bitcoin and Crypto Stocks Popped Again This Week,2024-05-19
Slowing Inflation Primes G-7 Central Banks for June,2024-05-19
Markets brace for Nvidia earnings: What to know this week,2024-05-20
China Stocks Snapped Up by Overseas Buyers Amid Housing Measures,2024-05-20
AI chip giant Nvidia is about to report first-quarter earnings: Here’s what Wall Street expects as growth looks set to cool,2024-05-20
Morning Bid: China clouds darken market mood,2024-05-20
Speedier Wall Street Trades Are Putting Global Finance On Edge,2024-05-20
"The stock market's bull rally could last another 5 years, but it'll end in a 'spectacular bursting of a bubble,' veteran tech investor Gene Munster says",2024-05-20
What Is the Highest Price of Rivian Stock Ever?,2024-05-20
1 Stock Down 11% to Buy Before Artificial Intelligence (AI) Could Supercharge Its Growth and Send It Soaring,2024-05-20
Secondhand Rolex sales surge in 'underdeveloped' US market,2024-05-20
Is It Too Late to Buy Stock in the Newest Member of the $2 Trillion Club?,2024-05-20
A Once-in-a-Generation Investment Opportunity: Here's 1 Artificial Intelligence (AI) Stock to Buy in May and Hold Forever,2024-05-20
"Dow at 40,000: Why stocks still have 'plenty of room to run'",2024-05-20
Trading stocks all day and all night might be an 'inevitability' for investors,2024-05-20
Why Americans are feeling bad about inflation despite a good economy,2024-05-20
"Lowe's Q1 earnings preview: Slower housing market, poor weather expected to hit results",2024-05-21
"European Stocks Hover Near Record Amid Earnings, Rates Optimism",2024-05-21
Asian Stocks Snap Gaining Streak as Li Auto Drags: Markets Wrap,2024-05-21
"Stocks inch lower, dollar firm as Fed focus intensifies; crypto soars",2024-05-21
KKR Markets Yen Bonds as Overseas Firms Seek Still-Cheap Funds,2024-05-21
Bank of America details the best hedge for a big stock-market move on Nvidia earnings,2024-05-21
Cathie Wood Pulls the Trigger on These 2 ‘Strong Buy’ Stocks,2024-05-21
Big IPOs Seen Making a Comeback in India as Stock Boom Continues,2024-05-21
'The real AI darling': This data-center stock has beaten Nvidia by 310% since last year's blockbuster earnings,2024-05-21
Star Stock Falls Amid Confusion Over Hard Rock Takeover Proposal,2024-05-21
Analysts reset Lowe's stock price targets ahead of earnings,2024-05-21
Notable Wall Street bear tweaks S&P 500 forecast after record rally,2024-05-21
"A top Wall Street bear has turned bullish on stocks, boosting his S&P 500 price target by 20%",2024-05-21
"The stock market will inflate another 20% before the bubble bursts, research firm says",2024-05-21
Forget Nvidia. Two Billionaire Investors Just Cut Their Positions -- and They Both Bought the Same Fintech Stock.,2024-05-21
"Is Block Stock a Once-in-a-Generation Buying Opportunity? Yes, But Only If You're Bullish on This Top Cryptocurrency",2024-05-21
"Stock market today: Nasdaq, S&P pop to records as Wall Street waits for Nvidia earnings",2024-05-22
Paytm Among Worst Performing Fintech Stocks as Earnings Loom,2024-05-22
"This overlooked obesity-drug stock has 80% upside, JPMorgan says",2024-05-22
General Dynamics Stock (NYSE:GD): Further Upside Likely Despite All-Time Highs,2024-05-22
Manchester United Stock (NYSE:MANU): Is the Dip Worth Buying?,2024-05-22
Goldman Sachs unveils favorite tech stocks after earnings reports,2024-05-22
The last bear on Wall Street: Why JPMorgan's Marko Kolanovic is sticking by his forecast for a 20% market sell-off,2024-05-22
Why Peloton Stock Tumbled Today,2024-05-22
Analysts reboot Palo Alto Networks stock price target after earnings,2024-05-22
Analysts reboot Qualcomm stock price target on Microsoft deal,2024-05-22
Analysis-Bulls beat a path to China stock shop but foreigners dare not go in,2024-05-22
Nvidia stock hinges on 5 key things in its earnings report,2024-05-22
"New York tech workers make $135,000 on average, but can't afford the vast majority of apartments on the market",2024-05-22
Asian Stocks Wobble After US Hits Fresh Record: Markets Wrap,2024-05-22
Goldman Sees More Dollar Strength Amid Fight Against Inflation,2024-05-22
China’s Improving Market Breadth Is Good News for Stock Bulls,2024-05-22
Dollar consolidates as Fed urges patience; markets await meeting minutes,2024-05-22
"S&P 500, Nasdaq Close at Record Highs",2024-05-22
Equity Markets Eke Out Gains Intraday as Traders Parse Fed Governor's Remarks,2024-05-22
Fed study offers new clues that help explain America’s gloomy mood,2024-05-22
Stock market today: Indexes slide as traders brace for market-moving Nvidia earnings,2024-05-23
Microsoft Stock (NASDAQ:MSFT) Can Still Rise Despite Sitting at the Top,2024-05-23
Target Stock (NYSE:TGT): Take Aim at a Bargain-Priced Dividend King,2024-05-23
"Stocks are 'going nowhere' for the next decade as inflation sticks around and US debt balloons, CIO says",2024-05-23
Nvidia Clears the Way for AI Stocks to Keep Powering Higher,2024-05-23
Citi fined $78 million after a European trader's fat-finger trade caused a flash crash in stocks,2024-05-23
"Nvidia Delivers on AI Hype, Igniting $140 Billion Stock Rally",2024-05-23
Analyst updates Costco stock price target ahead of earnings,2024-05-23
Nvidia’s stock surges following latest earnings report,2024-05-23
"Analysts reset Lululemon stock outlook after C-suite shakeup, rivals take aim",2024-05-23
"Nvidia stock pops 4% after earnings beat forecasts, announces stock split and dividend hike",2024-05-23
"Stock market today: Stocks close lower after Fed minutes, ahead of Nvidia earnings",2024-05-23
Unpacking Q1 Earnings: Redfin (NASDAQ:RDFN) In The Context Of Other Real Estate Services Stocks,2024-05-23
"A Look Back at Hotels, Resorts and Cruise Lines Stocks' Q1 Earnings: Royal Caribbean (NYSE:RCL) Vs The Rest Of The Pack",2024-05-23
Unpacking Q1 Earnings: Electronic Arts (NASDAQ:EA) In The Context Of Other Video Gaming Stocks,2024-05-23
S&P 500 Companies Boost Profit by Stripping More Items From Earnings,2024-05-23
"Nvidia Earnings Lifts US Futures, Asian Chipmakers: Markets Wrap",2024-05-23
Turkish Rates Likely Already at Peak Even If Inflation Isn’t Yet,2024-05-23
Asia stocks weaken on the patient approach to rate cuts,2024-05-23
U.S. House Set to Vote for First Standalone Crypto Market Structure Bill,2024-05-23
"Nvidia stock pops 9%, tops $1,000 after earnings beat forecasts, announces stock split and dividend hike",2024-05-24
Unpacking Q1 Earnings: Fiverr (NYSE:FVRR) In The Context Of Other Gig Economy Stocks,2024-05-24
Unpacking Q1 Earnings: Expedia (NASDAQ:EXPE) In The Context Of Other Consumer Internet Stocks,2024-05-24
"Monro (NASDAQ:MNRO) Reports Sales Below Analyst Estimates In Q1 Earnings, Stock Drops 12.2%",2024-05-24
"Unpacking Q1 Earnings: Wyndham (NYSE:WH) In The Context Of Other Hotels, Resorts and Cruise Lines Stocks",2024-05-24
Reflecting On Traditional Fast Food Stocks’ Q1 Earnings: Arcos Dorados (NYSE:ARCO),2024-05-24
Who Owns the Most Nvidia Stock Besides CEO Jensen Huang?,2024-05-24
"At a New All-Time High, Is It Too Late to Buy Nvidia Stock?",2024-05-24
Ethena's USDe Market Cap Surges as SEC Approves Spot Ethereum ETFs,2024-05-24
Bets on BOJ Hike Spur Biggest Rush to Yen Bond Market Since 2019,2024-05-24
Morning Bid: Rates frustration spoils markets' Friday mood,2024-05-24
Stock market today: Dow plunges 605 points as fresh economic data clouds outlook for rate cuts,2024-05-24
"Nvidia 'seems bubbly' because it won't be able to maintain its dominant market share, investing legend Rob Arnott says",2024-05-24
Stocks slide as rate worries dent risk appetite,2024-05-24
"A global labor shortage will send tech stocks soaring, with the sector poised to grow to 50% of the total stock market, Fundstrat says",2024-05-24
e.l.f. Beauty Stock (NYSE:ELF): Its Rapid Growth Isn’t Just Cosmetic,2024-05-24
Calm Lures Strategic Partners With Cheap Stock,2024-05-24
European Stocks Track Asia Lower on Fed Rate Bets: Markets Wrap,2024-05-24
Stock market today: Asian shares track Wall Street's slide on worries over interest rates,2024-05-24
Is Energy Transfer the Best-High Yield Energy Stock for You?,2024-05-25
Is It Too Late to Buy NuScale Power Stock?,2024-05-25
Missed Out on Amazon? Buy MercadoLibre Stock Instead,2024-05-25
"1 Top Cryptocurrency to Buy Before It Soars 635% to 5,480%, According to Certain Wall Street Analysts",2024-05-25
Here Are the 2 Growth Stocks Google's Parent Company Just Added to Its $7 Billion Portfolio,2024-05-25
"1 Unstoppable Stock That Could Join Microsoft, Apple, Nvidia, Alphabet, Amazon, and Meta Platforms in the $1 Trillion Club",2024-05-25
Massive News for Palo Alto Networks Stock Investors,2024-05-25
"With Shares Trading Down 55%, Is Now the Time to Buy This High-Yield Tobacco Stock?",2024-05-25
Is Amazon a Good Stock to Buy Right Now?,2024-05-25
Is It Time to Dump Nvidia Stock for Advanced Micro Devices After Microsoft Announcement?,2024-05-25
"Pinduoduo Stock: Buy, Sell, or Hold?",2024-05-25
A Look Back at Modern Fast Food Stocks' Q1 Earnings: Chipotle (NYSE:CMG) Vs The Rest Of The Pack,2024-05-25
A Look Back at Household Products Stocks' Q1 Earnings: Church & Dwight (NYSE:CHD) Vs The Rest Of The Pack,2024-05-25
"Reflecting On Hotels, Resorts and Cruise Lines Stocks’ Q1 Earnings: Target Hospitality (NASDAQ:TH)",2024-05-25
A Look Back at Consumer Internet Stocks' Q1 Earnings: Revolve (NYSE:RVLV) Vs The Rest Of The Pack,2024-05-25
Q1 Earnings Highlights: The Trade Desk (NASDAQ:TTD) Vs The Rest Of The Advertising Software Stocks,2024-05-25
Q1 Earnings Outperformers: Olaplex (NASDAQ:OLPX) And The Rest Of The Personal Care Stocks,2024-05-25
Unpacking Q1 Earnings: Energizer (NYSE:ENR) In The Context Of Other Household Products Stocks,2024-05-25
A Look Back at Data Analytics Stocks' Q1 Earnings: Health Catalyst (NASDAQ:HCAT) Vs The Rest Of The Pack,2024-05-25
Time to Buy the Dip on Cloudflare Stock?,2024-05-26
Is It Too Late to Buy Rivian Stock?,2024-05-26
2 Top Tech Stocks That Could Make You a Millionaire,2024-05-26
Why Is Everyone Talking About Walmart Stock?,2024-05-26
40% of Warren Buffett's $379 Billion Portfolio Is Invested in Only 1 Stock,2024-05-26
This Little-Known Dividend Stock Is Crushing the S&P 500 This Year (and Could Have Plenty of Fuel to Continue Rising in 2025),2024-05-26
3 Millionaire-Maker Semiconductor Stocks,2024-05-26
Is It Too Late to Buy New York Community Bancorp Stock?,2024-05-26
A Once-in-a-Generation Investment Opportunity: 1 Artificial Intelligence (AI) Growth Stock to Buy Now and Hold for a Decade,2024-05-26
3 Top Dividend Stocks to Double Up on Right Now,2024-05-26
Are Stocks Going to Plunge if Donald Trump Wins and Congress Is Split? Here's What History Says About Stock Market Returns in This Scenario.,2024-05-26
"Stocks Rise, Dollar Dips on Hopes for Fed Easing: Markets Wrap",2024-05-27
"Fed Pause, Wartime Inflation Take Israel Rate Cuts Off Table",2024-05-27
Ghana to Hold Rates as Cedi Dive Keeps Inflation High,2024-05-27
Stock market today: Asian shares mostly higher after rebound on Wall St,2024-05-27
"‘Bond King’ Bill Gross warns Trump would worsen deficits and be ‘more disruptive’ for the bond market than Biden, report says",2024-05-27
Bill Gross says Trump is 'bearish' choice for bond markets,2024-05-27
"Bill Gross Expects Trump Win to Disrupt Bond Markets, FT Says",2024-05-27
3 High-Yield Stocks to Buy in This Boring Sector,2024-05-27
Tilray Brands Slashed Its Guidance. Is the Stock a Buy?,2024-05-27
"Buyers are gaining the upper hand in the housing market as a top real estate CEO warns sellers about high asking prices: ‘The sharks come out, and it will hurt you even more’",2024-05-27
"This Artificial Intelligence (AI) Stock Has Tripled in a Year, and You May Regret Not Buying It Hand Over Fist Before It Soars Higher",2024-05-27
Is Duolingo's Stock Set to Crush the S&P 500 in Just 1 Year?,2024-05-27
Why Nvidia stock isn't in a massive bubble,2024-05-27
No one gets in trouble owning too many tech stocks: Chart of the Week,2024-05-27
Nasdaq Closes at Record High as Traders Parse Macro Data,2024-05-27
Voters historically have short memories about the economy. Inflation might be different.,2024-05-27
Oil steadies as OPEC+ restraint balances interest rate concerns,2024-05-28
Wall Street is getting even more bullish on stocks,2024-05-28
Should You Buy Nio Stock Before June 6?,2024-05-28
Should You Buy AMD Stock Instead of Nvidia Stock?,2024-05-28
The Chipotle Walkout Method: What Does This Mean for the Stock?,2024-05-28
Warren Buffett Just Sold $21 Billion in Apple Stock. Here's Why.,2024-05-28
The S&P 500 Just Hit a New Record. History Says This Will Happen Next.,2024-05-28
Should Nvidia Stock Investors Fear Competition?,2024-05-28
2 Beaten-Down Dividend Stocks Near 52-Week Lows. Should You Buy the Dips?,2024-05-28
Morning Bid: Post-break Wall Street stays pumped up,2024-05-28
Q1 Earnings Highs And Lows: Colgate-Palmolive (NYSE:CL) Vs The Rest Of The Household Products Stocks,2024-05-28
A Look Back at Broadcasting Stocks' Q1 Earnings: TEGNA (NYSE:TGNA) Vs The Rest Of The Pack,2024-05-28
Reflecting On Real Estate Services Stocks’ Q1 Earnings: Opendoor (NASDAQ:OPEN),2024-05-28
1 Soaring Artificial Intelligence (AI) Stock to Buy Hand Over Fist Right Now (Hint: It's Not Nvidia),2024-05-29
History Says Tariffs Won't Save EV Stocks,2024-05-29
Should You Buy Vertiv Stock Right Now?,2024-05-29
Insiders Pour Millions Into These 2 ‘Strong Buy’ Stocks,2024-05-29
Virgin Galactic Stock Skyrockets 34% Higher...But Why?,2024-05-29
2 Potentially High-Reward Growth Stocks to Buy Right Now,2024-05-29
"Why Did Celsius Stock Crash on Tuesday, and Should Investors Worry?",2024-05-29
Celsius Stock Dropped -- Is Now the Time to Buy?,2024-05-29
"1 Undervalued Data Stock Could Soar 40%, According to Select Wall Street Analysts",2024-05-29
"The S&P 500 Hit Another Record High Last Week, but These 2 ETFs Have Outperformed the Index Over the Past Decade",2024-05-29
1 Spectacular Growth Stock Down 54% to Buy Hand Over Fist Right Now,2024-05-29
US consumers show the Fed its backward problem with high rates: Morning Brief,2024-05-29
Nvidia stock leaps to latest record — thanks to Elon Musk,2024-05-29
"Stock market today: Nvidia, Nasdaq reach record highs as AI rally continues",2024-05-29
Fed’s Kashkari 'not ruling out' a hike but expects rates to hold steady for 'extended' period,2024-05-29
GameStop stock soars as meme icon raises almost $1 billion in stock sale,2024-05-29
Silicon Valley luxury home market heats up amid AI boom,2024-05-29
Morning Bid: Fed in a bind as consumers stay upbeat,2024-05-29
Asian Stocks to Follow US Lower as Yields Climb: Markets Wrap,2024-05-30
"5 reasons the stock market is headed for a 4% gain in June, according to Fundstrat",2024-05-30
"The S&P 500 could plunge as much as 70% this cycle as markets hit a 'motherlode' of FOMO extremes, famed fund manager says",2024-05-30
Veteran fund manager issues blunt warning on Nvidia stock,2024-05-30
Analysts reboot Dell stock price targets ahead of earnings,2024-05-30
Corporate earnings and economic growth are diverging. That's great news for stocks.,2024-05-30
Stock market today: Indexes slide as rising bond yields pressure stocks,2024-05-30
Apple is getting a once-in-a-decade secret weapon in AI-enabled ‘intelliphones.’ Bank of America sees its stock surging 20%,2024-05-30
Donald Trump's stock rises as jury deliberates,2024-05-30
Liechtenstein Royals-Backed Lightrock Forays Into Public Stocks,2024-05-30
Equity Markets Closer Lower Ahead of GDP Report,2024-05-30
Salesforce Offers Weak Forecast After Mixed Fiscal First Quarter; Stock Plunges After Hours,2024-05-30
"Economic Activity Continued to Expand From Early April Through Mid-May, Fed's Beige Book Shows",2024-05-30
"May Mid-Atlantic Manufacturing Contraction Unexpectedly Improves to Breakeven, Richmond Fed Says",2024-05-30
Equities Fall Intraday as Markets Await Thursday's GDP Report,2024-05-30
ConocoPhillips Strikes $22.5 Billion All-Stock Deal to Buy Marathon Oil,2024-05-30
"Stocks Decline Pre-Bell as Investors Assess Waning Earnings Season; Asia, Europe Fall",2024-05-30
Stock market today: Dow leads stock market slide as rising Treasury yields rattle nerves,2024-05-30
Netflix stock climbs as Wall Street sees streamer as 'both a driver and beneficiary of industry disruption',2024-05-30
American Airlines stock tanks following 'surprising' guidance cut,2024-05-30
Reflecting On Personal Care Stocks’ Q1 Earnings: Edgewell Personal Care (NYSE:EPC),2024-05-31
Unpacking Q1 Earnings: C3.ai (NYSE:AI) In The Context Of Other Data Infrastructure Stocks,2024-05-31
Costco Q3 earnings beat all key metrics after the stock closed at an all-time high,2024-05-31
"Stocks Fall Pre-Bell Ahead of Pending Inflation Report; Asia, Europe Mostly Up",2024-05-31
Equity Markets Fall as Traders Weigh GDP Report,2024-05-31
Equity Markets Fall Intraday as Traders Parse GDP Report,2024-05-31
Morning Bid: PCE test for nervy markets,2024-05-31
Lenovo’s Saudi Alliance Boosts Appeal of Cheap AI-Related Stock,2024-05-31
Could This Undervalued Stock Make You a Millionaire 1 Day?,2024-05-31
How To Earn $500 A Month From Pfizer Stock,2024-05-31
"OpenAI's Apple Deal Sparks Concerns In Microsoft, Could Shift AI Market Dynamics",2024-05-31
The S&P 500 Is at Record Levels but These 3 Stocks Are Still Near Their 52-Week Lows,2024-05-31
Why Trump Media & Technology Group Stock Is Volatile Today,2024-05-31
Disappointed in Okta? This Cybersecurity Stock Is a Better Buy,2024-05-31
"Target Stock Has a Much Higher Yield Than Walmart, But Is It Worth the Risk?",2024-05-31
DJT stock drops again after volatile post-Trump conviction rout,2024-05-31
"Wynn Resorts upgraded, PayPal initiated: Wall Street's top analyst calls",2024-05-31
Stock market today: Stocks edge higher as closely watched inflation measure slows,2024-05-31
2 Warren Buffett Stocks That Are Screaming Buys Right Now,2024-05-31
Codelco to Enter Lithium Market After Signing Deal With SQM,2024-05-31
Equities Mostly Rise as Fed's Preferred Inflation Measure Meets Street Views,2024-06-01
Equities Mixed Intraday as Fed's Preferred Inflation Measure Meets Expectations,2024-06-01
"Stock market today: Stocks cap another winning month, S&P 500 logs best May since 2003",2024-06-01
DJT stock drops 5% one day after Trump conviction,2024-06-01
Fed's stance of higher for longer likely not shaken by new inflation reading,2024-06-01
Fed's favored inflation gauge slows in April while price increases remain sticky,2024-06-01
"Stock market today: Dow extends slide as Salesforce plunges, rate jitters rattle tech",2024-06-01
Wall Street Asks Biden Not to Veto Congress' Rejection of SEC Crypto Policy,2024-06-01
What Stock Investors Can Learn From Venture Capitalists,2024-06-01
Stocks Worth Watching: Sonos and Boston Beer,2024-06-01
"Tariffs on China could end up making inflation worse and hurting US economic growth, S&P Global says",2024-06-01
Can Artificial Intelligence (AI) Save This Beaten-Down Tech Stock?,2024-06-01
Trump Media stock drops 9% after Donald Trump becomes a convicted felon,2024-06-01
Stock market today: US indexes edge higher as cooling inflation data props up Fed rate-cut bets,2024-06-01
PLTR vs. CRM: Which Software Stock Is the Better Buy?,2024-06-01
"Why I'm Not Selling My Amazon Stock, Even After a 500% Gain",2024-06-01
Missed Out on Texas Roadhouse Stock? Buy Portillo's Stock Instead.,2024-06-02
Cathie Wood's ARK Invest missed out on more than $1 billion in returns by selling Nvidia stock too early,2024-06-02
"Nvidia’s market cap could more than triple to $10 trillion as it enjoys an ‘impenetrable’ advantage over AI rivals, analyst says",2024-06-02
Forget Buying a Rental Property: Passive Investors Should Buy This Spectacular Dividend Stock Yielding Close to 10% Instead,2024-06-02
"Could Investing $100,000 in DraftKings Stock Make You a Millionaire?",2024-06-02
Home Price Cuts Surge To 18-Month High In Rate-Sensitive Market,2024-06-02
Carnival Corp Stock Is Down 18% This Year. Time to Buy?,2024-06-02
Is It Too Late to Buy Cava Group Stock?,2024-06-02
High-Yield Kraft Heinz Stock Isn't Delivering Right Now. What Investors Need to Know,2024-06-02
Ex-LSE chief Xavier Rolet calls on next government to save struggling stock market,2024-06-02
AI Euphoria Disappears From Public Market,2024-06-02
"Infrastructure, State Firms’ Stocks Win Big in India After Polls",2024-06-03
Sinking Profits Bring Reality Check to AI-Driven Rally in Emerging Market Stocks,2024-06-03
Turkish Inflation Tops 75% But Worst of Crisis Likely Over,2024-06-03
China’s Biggest Cities See Housing Market Pick Up After Easing,2024-06-03
Forget the S&P 500: Bitcoin Could Still Be the Best Long-Term Investment if You Want to Retire a Millionaire,2024-06-03
The Stock Market Is Roaring Past Record Highs: The 2 Worst Mistakes Investors Can Make Right Now,2024-06-03
2 No-Brainer Stocks I'd Buy Right Now Without Hesitation,2024-06-03
Asian Stocks Eye Early Gains as Rate Cut Bets Firm: Markets Wrap,2024-06-03
"India Stocks Hit Record, Rupee Gains as Polls Predict Modi Win",2024-06-03
Warren Buffett vs. Carl Icahn: Is Berkshire Hathaway or Icahn Enterprises a Better Stock for You?,2024-06-03
Morning Bid: Markets in upbeat mood as factories hum,2024-06-03
AI Fever Lures $2.7 Billion Foreign Funds Back to Taiwanese Stocks,2024-06-03
"India Stocks, Bonds Set to Gain as Polls Show Landslide Modi Win",2024-06-03
Analysis-Red tape clogs China's offshore IPO pipeline even as markets recover,2024-06-03
Carry Trades Offset AI Stock Inflows in Taiwan Dollar Tug-Of-War,2024-06-03
Jeff Bezos Sells Amazon Stock to Bankroll Nonprofit Preschools,2024-06-03
Experts explain why Trump verdict could kickstart market volatility around the 2024 election,2024-06-03
Designer Brands's (NYSE:DBI) Q1 Earnings Results: Revenue In Line With Expectations But Stock Drops,2024-06-04
"US job market hits milestone on long, strange trip back to pre-pandemic normal",2024-06-04
"Analysis-Mexico, South Africa and India deliver political punch to markets",2024-06-04
Stock-Split Watch: 2 Household-Name Stocks That Look Ready to Split,2024-06-04
Here's Why GE Vernova Stock Soared in May,2024-06-04
Dell Technologies Stock Posing Bullish Entry Point,2024-06-04
Why Bath & Body Works Stock Tumbled 13% on Tuesday,2024-06-04
Why e.l.f. Beauty Stock Was Up 15% Last Month,2024-06-04
Equity Markets Fall Intraday as Traders Parse Job Openings Report,2024-06-04
Nvidia Nears Certification Of Samsung's AI Chips As Market Rivalry With SK Hynix Surges,2024-06-04
Why Saia and Old Dominion Stocks Are in the Fast Lane Today,2024-06-04
Inside Roaring Kitty's 3 insane weeks of hyperactive social media posting that sparked a feeding frenzy for GameStop stocks,2024-06-04
Why 23andMe Stock Tumbled 10% on Tuesday,2024-06-04
Why MercadoLibre Stock Jumped 18% in May,2024-06-04
Bitcoin Tops $70K to Lead CoinDesk 20 Gainers: CoinDesk Indices Market Update,2024-06-04
"India Springs Election Surprise, Sends Equity Market Crashing With Uncertain Implications for Crypto",2024-06-04
Bitcoin-Based Meme Coin DOG Rockets Toward $1B Market Cap,2024-06-04
4 Solid Crypto Stocks to Buy Before the Next Bitcoin Rally,2024-06-04
Stock market today: Stocks turn positive despite concerns of cracks in US economy,2024-06-04
GameStop stock wavers as latest meme rally fades,2024-06-04
Nvidia stock reaches all-time high as company closes in on $3 trillion market cap,2024-06-05
‘Mag Seven’ Drive US Stocks Toward All-Time Highs: Markets Wrap,2024-06-05
Why Stitch Fix Stock Is Up Big Today,2024-06-05
Why Is Infectious Disease-Focused Vir Biotechnology Stock Trading Higher On Wednesday?,2024-06-05
Why Hewlett Packard Enterprise Stock Blasted to a New Record High on Wednesday,2024-06-05
Why Gold Stock SSR Mining Surged Today,2024-06-05
"Why Semiconductor Stocks Broadcom, Arm Holdings, and Lam Research Rallied Today",2024-06-05
What's Going On With AMD Stock On Wednesday?,2024-06-05
Equity Markets Rise Intraday as Traders Weigh Economic Reports,2024-06-05
"Wall Street Braces for More Bank of Canada Rate Cuts, Loonie Weakness",2024-06-05
"Nasdaq 100 Reaches Record Highs, Service Sector Strength Alleviates Economic Slowdown Concerns, Magnificent 7 Hits $15 Trillion Valuation: What's Driving Markets Wednesday?",2024-06-05
"Why Applied Materials, ASML Holding, and Taiwan Semiconductor Stocks All Popped on Wednesday",2024-06-05
These stocks could start paying dividends soon,2024-06-05
Lululemon to report Q1 earnings with sales growth in focus amid stock slide,2024-06-05
Toronto Home Prices Drop as Listings Linger on the Market,2024-06-05
"Mortgage rates flatten ahead of jobs report, Fed meeting",2024-06-05
China Vanke’s Sales Slump Eases as Housing Market Picks Up,2024-06-05
Will Bitcoin ETFs Soar on Sooner-Than-Expected Fed Rate Cut?,2024-06-05
Wage growth keeps slowing for job switchers as US labor market cools off,2024-06-05
"Five Below (NASDAQ:FIVE) Reports Sales Below Analyst Estimates In Q1 Earnings, Stock Drops 14.8%",2024-06-06
"Lululemon stock surges after company boosts profit outlook, stock buybacks",2024-06-06
The best-performing EV stock this year is a school bus manufacturer,2024-06-06
Nvidia Hits a $3 Trillion Market Cap Ahead of Its 10-for-1 Stock Split. Here's What's Next for Investors.,2024-06-06
"Trump Media wants probe into stock manipulation, blames ‘naked’ short sellers for losses",2024-06-06
Trump Media says 'manipulation' is hurting its stock — and it wants the Nasdaq to help investigate,2024-06-06
Walmart Stock (NYSE:WMT): The Recent Run May Not be Over,2024-06-06
"Nvidia Tops $3 Trillion in Market Value, Leapfrogging Apple",2024-06-06
What About Salesforce's Latest Report Upset Wall Street?,2024-06-06
Nomura’s Head of Markets Returns to Singapore After Revamp,2024-06-06
Why a Veteran fund manager sold some Nvidia stock before its stock split,2024-06-06
Why Sun Country Stock Lost Altitude in May,2024-06-06
Analysts revise Cava stock price targets after earnings,2024-06-06
Asia stocks rally as rate cut bets gather momentum; ECB in focus,2024-06-06
Indian Stock Futures Rise as Modi Secures Coalition Support,2024-06-06
China Property Stocks Fall 20% From May High as Concerns Linger,2024-06-06
Asian Stocks Rise After US Peers Hit Fresh Record: Markets Wrap,2024-06-06
Oil rises on strengthening Fed rate cut expectations,2024-06-06
"S&P 500, Nasdaq Close at Record Highs Amid Nvidia Rally",2024-06-06
Lululemon Lifts Full-Year Earnings Outlook After Fiscal First-Quarter Beat; Stock Jumps After Hours,2024-06-06
Asian Stocks Rise as Traders Await US Payrolls: Markets Wrap,2024-06-07
India Stock Futures Steady Ahead of Central Bank Rate Decision,2024-06-07
Oil Set for Weekly Loss After OPEC+ Supply Plan Rattles Market,2024-06-07
PBOC’s Bond-Trading Drumbeat Leaves Market Debating the How,2024-06-07
"Oil prices climb as OPEC+ reassures markets, ECB cuts interest rate",2024-06-07
Current credit card interest rates [2024]: How do your cards stack up?,2024-06-07
When is the Fed's next meeting?,2024-06-07
"Bitcoin Falls Back After Attempt at $72K, but Fed, U.S. Data and Global Rate Cuts May Bring New All-Time Highs",2024-06-07
Bitcoin Mining Stocks Soar Amid Takeover Frenzy,2024-06-07
Why Did Bill Holdings Stock Fall 17% in May?,2024-06-07
Here's Why Monday.com Stock Jumped 19% in May,2024-06-07
"3 catalysts could spark a 10% sell-off in the stock market this summer, according to JPMorgan",2024-06-07
RIVN vs. LCID: Which EV Stock Is the Better Pick?,2024-06-07
Stock market set up 'reasonably well' for second half of 2024,2024-06-07
Why Did LegalZoom Stock Drop 27% Last Month?,2024-06-07
"Nvidia stock has another 24% to climb as it looks poised to dominate the computing market for the next decade, Bank of America says",2024-06-07
China’s $2 Trillion Stock Rally Lures Global Fund Holdouts Despite Risks,2024-06-07
"XPO seeing higher volumes, ‘above-market yield growth’ in Q2",2024-06-07
"Stocks are about to hit a 'wall of money' that will drive the market to record highs in July, Goldman Sachs says",2024-06-07
Stock market today: US indexes trade mixed as Nvidia extends rally and investors assess jobs data,2024-06-07
"Bitcoin falls below US$70,000 after US jobs data and ECB rate cut",2024-06-09
"Equities Fall, Yields Soar as Markets Analyze Jobs Report",2024-06-09
"Equities Rise, Yields Soar Intraday as Traders Parse Jobs Report",2024-06-09
GameStop Fiscal First-Quarter Sales Decline Annually Amid Meme Stock Frenzy,2024-06-09
"Nvidia May Be an Exciting Stock, but Its 10-for-1 Stock Split -- Like Most Stock Splits -- Is a Nothing Burger",2024-06-09
Here's what to do if you missed out on the massive 54% stock market rally since October 2022,2024-06-09
"GameStop's crazy week, jobs surprise and Nvidia's stock split",2024-06-09
3 Stocks to Buy With 20% Upside,2024-06-09
The year of the election just delivered its first big stock-market shocks,2024-06-09
"Want $1 Million in Retirement? Investing $10,000 in Each of These 2 Stocks for the Long Term Could Help You on Your Way",2024-06-09
1 Beaten-Down Artificial Intelligence (AI) Stock to Buy Hand Over Fist Right Now,2024-06-09
Why the Dow brushed off surging Treasury yields after a hot May jobs report,2024-06-09
"AI stock frenzy helps mint 600,000 millionaires in the U.S., trouncing the rest of the world",2024-06-09
"Want $1,000 in Dividend Income? Here's How Much You'd Have to Invest in British American Tobacco Stock",2024-06-09
3 High-Yield Dividend Stocks to Buy in June to Safeguard Your Portfolio From Future Storms,2024-06-09
Homebuyers are in a bittersweet market as mortgage rates drop below 7% but prices remain high,2024-06-09
Apartment stocks topping most other REITs sectors as tough housing market spurs demand for rentals,2024-06-09
"Euro Falls After Macron’s Setback, Topix Climbs: Markets Wrap",2024-06-10
Oil Steadies After Weekly Loss as Market Looks Ahead to Fed Rate,2024-06-10
GameStop Drops Surprise Earnings Report Into Renewed Hubbub Around Its Stock,2024-06-10
Campbell Soup CEO on how car insurance inflation is influencing the business of snacks,2024-06-10
Unpacking Q1 Earnings: Wolverine Worldwide (NYSE:WWW) In The Context Of Other Footwear Stocks,2024-06-10
Q1 Earnings Outperformers: Gray Television (NYSE:GTN) And The Rest Of The Broadcasting Stocks,2024-06-10
A Look Back at Design Software Stocks' Q1 Earnings: Procore Technologies (NYSE:PCOR) Vs The Rest Of The Pack,2024-06-10
"Vail Resorts (NYSE:MTN) Reports Sales Below Analyst Estimates In Q1 Earnings, Stock Drops",2024-06-10
Unpacking Q1 Earnings: BeautyHealth (NASDAQ:SKIN) In The Context Of Other Personal Care Stocks,2024-06-10
"‘Bond King’ Bill Gross is about to make a killing on his stamp collection, but he thinks the market is due for a correction and is getting out",2024-06-10
How Wall Street’s hopes for multiple Fed rate cuts this year came undone,2024-06-10
The simplest explanation for market movements isn't always the most complete one,2024-06-10
"Making Money in the Stock Market Can Be Easy, Even if You're Not Great at Picking Stocks",2024-06-10
"The housing market crisis shows that the tool the Fed is using to lower inflation is doing the exact opposite, former White House adviser says",2024-06-10
1 Hot Data Center Stock to Buy -- If It Ever Cools Off,2024-06-10
Nvidia stock split: What's next for the stock and other AI plays,2024-06-10
Where Will Hewlett Packard Enterprise Stock Be in 1 Year?,2024-06-10
CrowdStrike Shares Surge as Revenue Soars. Is It Too Late to Buy the Stock?,2024-06-10
Better Artificial Intelligence (AI) Stock: Broadcom vs. Marvell Technology,2024-06-10
Analysts are warning there could be zero rate cuts in 2024 - and stocks could suffer if the Fed doesn't move,2024-06-11
"Stock market today: S&P 500 and Nasdaq close at record highs ahead of Fed meeting, May inflation report",2024-06-11
"Pawn Shops Can Keep Thriving, Benefiting FirstCash Stock (NASDAQ:FCFS)",2024-06-11
"Buy Walmart stock for 21% upside as the company is positioned to weather a consumer slowdown later this year, JPMorgan says",2024-06-11
Bank of Nova Scotia Stock (NYSE:BNS): International Potential Offset by Domestic Risks,2024-06-11
Janus Henderson Bets on Still-Cheap Japanese Financial Stocks,2024-06-11
"There's a stock market crash coming in 2025 as the 'bubble of all bubbles' bursts, economist says",2024-06-11
Wells Fargo Pounds the Table on These 2 Energy Stocks,2024-06-11
STICPAY integrates UPI to expand Indian e-wallet market,2024-06-11
Analysts reboot AMD stock price targets on AI market outlook,2024-06-11
Analyst Sees Apple App Store Revenue Up Double Digits So Far This Quarter. Is the Stock Poised to Rally?,2024-06-11
Chinese Shares Drag Asia Lower on Growth Headwinds: Markets Wrap,2024-06-11
Oil Holds Biggest Gain Since March Ahead of OPEC Market Report,2024-06-11
Asia stocks range-bound as EU politics adds new risks,2024-06-11
Yext's (NYSE:YEXT) Q1 Earnings Results: Revenue In Line With Expectations But Stock Drops 13.9%,2024-06-11
Unpacking Q1 Earnings: PTC (NASDAQ:PTC) In The Context Of Other Design Software Stocks,2024-06-11
Q1 Earnings Outperformers: Mattel (NASDAQ:MAT) And The Rest Of The Toys and Electronics Stocks,2024-06-11
Q1 Earnings Outperformers: Lamb Weston (NYSE:LW) And The Rest Of The Shelf-Stable Food Stocks,2024-06-11
"Stock market today: S&P 500 closes at a record high as investors await the latest Fed decision, May CPI",2024-06-12
How to invest in China: Largest stocks and key risks,2024-06-12
China’s Waning Appetite for Grain Spells Danger for World Market,2024-06-12
Apple stock soars 7% to record highs after AI-focused WWDC event,2024-06-12
"There's a 'renaissance' coming for boring stocks. Here's how investors can position to take advantage, according to BofA.",2024-06-12
"Mega-cap stocks are overvalued and risk a big correction, according to a CIO. Here's why that presents a 'monstrous' buying opportunity.",2024-06-12
Analysts adjust Apple stock outlook after Developers Conference,2024-06-12
"Nvidia Stock (NASDAQ:NVDA): Cheaper after the Stock Split, Yet Priceless",2024-06-12
Analysts review Google-parent stock price target after Apple event,2024-06-12
Major analyst unveils alarming S&P 500 predictions,2024-06-12
'Best WWDC Ever': Wall Street is pumped up over Apple's AI game plan,2024-06-12
Analysis-UBS market strength puts Swiss industry on edge,2024-06-12
"Asian Stocks Slide as US CPI, Fed Fuel Caution: Markets Wrap",2024-06-12
"Academy Sports (NASDAQ:ASO) Reports Sales Below Analyst Estimates In Q1 Earnings, Stock Drops",2024-06-12
Q1 Earnings Highs And Lows: PagerDuty (NYSE:PD) Vs The Rest Of The Software Development Stocks,2024-06-12
Q1 Earnings Highlights: Marcus & Millichap (NYSE:MMI) Vs The Rest Of The Real Estate Services Stocks,2024-06-12
Q1 Earnings Highs And Lows: Kohl's (NYSE:KSS) Vs The Rest Of The Department Store Stocks,2024-06-12
Raspberry Pi Hands London a Starry Share Market Debut at Last,2024-06-12
"Stocks Ease Ahead Of Wednesday's Key Events, Apple Jumps To Record Highs, Bitcoin Tumbles To $66,500: What's Driving Markets Tuesday?",2024-06-12
Bitcoin price dips ahead of US inflation report and Fed’s decision on interest rates,2024-06-12
"S&P 500, Nasdaq Close at Fresh Record Highs for Third Day After CPI Report, Fed Decision",2024-06-13
Update: Fed Holds Interest Rate Steady; Updated Outlook Shows Just One Rate Cut This Year,2024-06-13
Equity Markets Rally as Consumer Inflation Cools Ahead of Fed Decision,2024-06-13
"Fed Holds Interest Rate Steady, Sees 'Modest Further Progress' Toward 2% Inflation Goal",2024-06-13
May Consumer Inflation Cools While Bets Climb for September Federal Reserve Rate Cut,2024-06-13
"Oil Steadies After Three-Day Gain With Stockpiles, Fed in Focus",2024-06-13
"Fed Signals One Rate Cut This Year, But Keeps Door Open to Two",2024-06-13
Asia Stocks Poised to Follow US Higher Post-Fed: Markets Wrap,2024-06-13
"Here’s What to Watch in Asian Markets After Fed Decision, CPI",2024-06-13
As Nvidia climbs 'Old Tech' stocks get AI boost,2024-06-13
'Clear path to a soft landing': Here's what Wall Street sees for Fed rate cuts after May inflation came in cool,2024-06-13
"Analysts revamp GM stock price targets after union deal, buyback",2024-06-13
Opera (NASDAQ:OPRA): Underrated AI Stock Yielding Over 5%,2024-06-13
1 Growth Stock Down 20% to Buy Right Now,2024-06-13
"Rally in Stocks and Bonds Will Power Past a Hawkish Fed, Survey Shows",2024-06-13
Where Will ServiceNow Stock Be in 3 Years?,2024-06-13
Bond Market Splits From Fed Again by Betting on 2024 Rate Cuts,2024-06-13
Mexico Prepays Dollar Bond Due 2025 in Bid to Calm Markets,2024-06-13
2 No-Brainer Energy Stocks to Buy Right Now for Less Than $500,2024-06-13
"Broadcom is the next stock that could enter the trillion-dollar club, according to Bank of America",2024-06-14
Analysts adjust Walmart stock price target after shareholder meeting,2024-06-14
Short-seller Jim Chanos warns of 2021-style market mania — and says Elon Musk should get his mammoth pay package,2024-06-14
Waiting for a Fed rate cut to buy stocks may be a mistake (again),2024-06-14
Stock market today: US stocks climb as wholesale inflation data shows big cooldown in prices,2024-06-14
3 Reasons to be Bullish on Alphabet (NASDAQ:GOOGL) Stock,2024-06-14
Dior Cashes In on Aspen Luxury Market With Dioriviera Spa Takeover,2024-06-14
"S&P 500, Nasdaq Close at Fresh Record Highs for Fourth Day Amid More Encouraging Inflation Data",2024-06-14
Tech Powers Stocks as Adobe Surges in Late Trading: Markets Wrap,2024-06-14
"Nasdaq 100, S&P 500 Close At Record Highs As Tech Stocks Reclaim Dominance: Thursday's Gainers & Losers",2024-06-14
Should you open a savings account or CD before the Fed's next meeting?,2024-06-14
Assured Spot Ether ETF Approval Fails to Stir Slumping Crypto Market,2024-06-14
"Asian Stocks Decline, Weighed by Japan Before BOJ: Markets Wrap",2024-06-14
Prabowo Plans to Raise Indonesia’s Debt-to-GDP Ratio Toward 50%,2024-06-14
Mortgage Rates Fall for a Second Week With All Eyes on the Fed,2024-06-14
Rate-Cut Hopes Trigger Rally for Ditched Real Estate Stocks,2024-06-14
Housing inflation remains sticky: 'The only thing missing' in favorable CPI print,2024-06-14
China central bank promotes relending to speed up sales of housing stock,2024-06-14
Goldman Sachs Boosts S&P 500 Target on Upbeat Profit Outlook,2024-06-15
2 Artificial Intelligence (AI) Stocks That Could Make You a Millionaire,2024-06-15
"Tesla stock could soar 90% now that Elon Musk's pay package 'soap opera' is over, Wedbush says",2024-06-15
ENPH vs. FSLR: Which Solar Stock Is the Better Buy?,2024-06-15
Stock market today: Indexes edge lower after hitting records on cooling inflation,2024-06-15
Two Men Charged With Running Darknet Marketplace Empire Market,2024-06-15
Nasdaq Closes at Fresh Record High for Fifth Day as Traders Parse Consumer Sentiment Survey,2024-06-15
Falling Interest Rates Sent These 3 Stocks Up Big This Week,2024-06-15
Foreign Investors Have Been Propping Up US Bond Market This Year,2024-06-15
Global Traders Flood American Markets in Search for Safety,2024-06-15
Traders Shun Risk as French Turmoil Rattles Globe: Markets Wrap,2024-06-15
Stock market today: Nasdaq ekes out 5th straight record to cap banner week for tech,2024-06-15
Consumer Subscription Stocks Q1 Earnings: Roku (NASDAQ:ROKU) Firing on All Cylinders,2024-06-15
Unpacking Q1 Earnings: Kellanova (NYSE:K) In The Context Of Other Shelf-Stable Food Stocks,2024-06-15
Q1 Earnings Outperformers: W.W. Grainger (NYSE:GWW) And The Rest Of The Maintenance and Repair Distributors Stocks,2024-06-15
Q1 Earnings Outperformers: AMD (NASDAQ:AMD) And The Rest Of The Processors and Graphics Chips Stocks,2024-06-15
Q1 Earnings Outperformers: Yum China (NYSE:YUMC) And The Rest Of The Traditional Fast Food Stocks,2024-06-15
Reflecting On Sit-Down Dining Stocks’ Q1 Earnings: Red Robin (NASDAQ:RRGB),2024-06-15
"Q1 Earnings Highlights: Marriott (NASDAQ:MAR) Vs The Rest Of The Hotels, Resorts and Cruise Lines Stocks",2024-06-15
Reflecting On Automation Software Stocks’ Q1 Earnings: UiPath (NYSE:PATH),2024-06-15
Where Will Amazon Stock Be in 3 Years?,2024-06-16
Is NextEra Energy Stock a Buy?,2024-06-16
Massive News for Oracle Stock Investors,2024-06-16
Billionaire Investor Bill Gates Has 87% of His $45 Billion Portfolio in Just 5 Stocks,2024-06-16
3 High-Yield S&P 500 Dividend Stocks Down More Than 25% to Buy Now and Hold for at Least a Decade,2024-06-16
"If You'd Invested $10,000 in Chipotle Mexican Grill Stock 5 Years Ago, Here's How Much You'd Have Today",2024-06-16
"Fear of God Men’s Spring 2025 Collection Twisted the late ‘80s, ’90s Wall Street Wardrobe to Wondrous Effect",2024-06-16
Mounjaro Is Targeting Another Multibillion-Dollar Market: Is Eli Lilly Stock a Buy?,2024-06-16
"Nvidia alone accounts for more than a third of the S&P 500’s gains this year—and it’s a big risk for investors, top economist warns",2024-06-16
New college graduates are stepping into a tougher job market. It could set their earnings back for years.,2024-06-16
Should You Buy Apple Stock Following Its AI Announcements?,2024-06-16
Q1 Earnings Review: E-commerce Software Stocks Led by BigCommerce (NASDAQ:BIGC),2024-06-16
Unpacking Q1 Earnings: Monarch (NASDAQ:MCRI) In The Context Of Other Casino Operator Stocks,2024-06-17
Dollar firm as euro wallows near recent lows; market braces for China data,2024-06-17
Asian Stocks Drop on Worries Over Global Risks: Markets Wrap,2024-06-17
Emerging-Market Bond Rally Threatened as Hawkish Flags Multiply,2024-06-17
Stocks are in a sweet spot but bears still fear a bubble is near bursting. Here's what 5 forecasters are saying about a potential crash.,2024-06-17
"Impossibly high home prices are ‘feudalizing’ California as unaffordable housing markets pose existential threat to middle class, study says",2024-06-17
"Evercore ISI Sees S&P 500 Gain Raging On, Upping Target to 6,000",2024-06-17
Chipotle's Stock Split Is Almost Here: Time to Buy Now Before It Happens?,2024-06-17
Thinking of Buying Madrigal Pharmaceuticals Stock? Eli Lilly Would Like to Have a Word.,2024-06-17
3 Reasons to Buy Nvidia Like There's No Tomorrow (Hint: The Stock Split Isn't 1 of Them),2024-06-17
2 Reasons to Buy Nvidia After the Stock Split (and 1 Reason to Sell),2024-06-17
Q1 Earnings Highs And Lows: Bloomin' Brands (NASDAQ:BLMN) Vs The Rest Of The Sit-Down Dining Stocks,2024-06-18
A Look Back at Processors and Graphics Chips Stocks' Q1 Earnings: Broadcom (NASDAQ:AVGO) Vs The Rest Of The Pack,2024-06-18
Evercore ISI upgrades its S&P 500 outlook to the highest on Wall Street as it says the AI revolution is just getting started,2024-06-18
3 Reasons to Buy Ulta Stock Like There's No Tomorrow,2024-06-18
Is Super Micro Computer Stock a Buy Now?,2024-06-18
Could Costco Be a Millionaire-Maker Stock?,2024-06-18
"PDD, AMZN, MELI: Which E-Commerce Stock Is the Strongest Buy?",2024-06-18
"The Dow Jones will eclipse 100,000 on a 'turbo booster' combo of earnings growth and Fed rate cuts, Wall Street CIO says",2024-06-18
Why Gen Z college graduates are having a harder time finding jobs in a strong labor market,2024-06-18
Veteran fund manager sounds alarm on stocks,2024-06-18
Analysts adjust Micron Technology stock price target ahead of earnings,2024-06-18
"Microsoft stock will surge 24% amid a 'tidal wave' of AI-monetization opportunities, Wedbush says",2024-06-18
Asian Shares Follow Record-Breaking Wall Street: Markets Wrap,2024-06-18
Dollar wobbles as markets await more Fed clues; RBA meeting in focus,2024-06-18
"Reflecting On Apparel, Accessories and Luxury Goods Stocks’ Q1 Earnings: Guess (NYSE:GES)",2024-06-19
Q1 Earnings Highs And Lows: First Watch (NASDAQ:FWRG) Vs The Rest Of The Sit-Down Dining Stocks,2024-06-19
Is It Too Late to Buy AMD Stock?,2024-06-19
Could Amazon Stock Help You Become a Millionaire?,2024-06-19
Nvidia and Other Stock-Split Stocks Are on Fire. Time to Buy?,2024-06-19
France and Italy Get EU Deficit Scolding as Markets Watch,2024-06-19
The housing market’s big challenge: Consumers are feeling 'more distressed’,2024-06-19
Big Tech's massive AI power demand is driving up this energy stock,2024-06-19
Why the Vanguard Total Stock Market Index Fund ETF Isn't Suited for the Age of AI,2024-06-19
Google Invested in This Hot New Artificial Intelligence (AI) Stock. Should You?,2024-06-19
"The Nasdaq Is Soaring, but These 3 Stocks Are Near Their 52-Week Lows",2024-06-19
Best Buy Stock Is Surging on AI Hype. Is It Time to Buy?,2024-06-19
European Stocks Struggle to Build on US Tech Rally: Markets Wrap,2024-06-19
ECB’s Centeno Says Rates Can Be Cut Further If Inflation Slows,2024-06-19
Nvidia overtakes Microsoft as most valuable stock in the world,2024-06-20
Why the Fed might need to 'get on with it' and cut rates,2024-06-20
Bank of America tells Detroit’s Big 3 they can’t make money in China and should just leave the hypercompetitive car market ‘as soon as they possibly can’,2024-06-20
Petrobras new chief sworn in as market worries Brazil's government will have heavier hand,2024-06-20
Brazil Central Bank Pauses Cycle of Interest Rate Cuts in Unanimous Decision Sought by Markets,2024-06-20
Analyst update Oracle stock price target after earnings,2024-06-20
Asian Equities to Slip as Traders Search for Cues: Markets Wrap,2024-06-20
"New Zealand Economy Returns to Growth, Exiting Recession",2024-06-20
"Hong Kong Leads Losses in Asian Shares, Yen Eyed: Markets Wrap",2024-06-21
Bullard Says Latest US CPI Sparks Hope of September Rate Cut,2024-06-21
Dollar scales multi-week highs as other cenbanks more dovish than Fed,2024-06-21
MSCI Keeps South Korea Listed as Emerging Market Amid Ban on Shorts,2024-06-21
Oil prices slip as rate hike worries come into focus,2024-06-21
Equity Markets Close Mixed as Investors Weigh Economic Data,2024-06-21
Equity Markets Mixed as Traders Weigh Macro Data,2024-06-21
Mortgage rates decline for third consecutive week — 'bodes well for the housing market',2024-06-21
"US labor market, housing data point to slowing economy",2024-06-21
"Stock market today: S&P 500, Nasdaq slip from records as Nvidia dips",2024-06-21
Amazon is already disrupting the streaming advertising market — here's how,2024-06-21
"Dell, Super Micro stocks rise after Musk says companies will supply hardware for xAI",2024-06-21
Watch For These Key Levels as Chipotle Stock Drops Ahead of 50-for-1 Split,2024-06-21
There are 5 reasons any dip in Nvidia stock will be short-lived - and investors should use a decline as a buying opportunity,2024-06-21
"Vanishing short-sellers have helped push stocks to record highs. But beware a sharp negative reversal, JPMorgan says.",2024-06-21
"Mutual fund holdings suggest 10 stocks to buy, including Tesla",2024-06-21
Moutai Set to Lose Crown as China’s Biggest Stock to ICBC,2024-06-21
A Look Back at Footwear Stocks' Q1 Earnings: Steven Madden (NASDAQ:SHOO) Vs The Rest Of The Pack,2024-06-22
A Look Back at Heavy Machinery Stocks' Q1 Earnings: Oshkosh (NYSE:OSK) Vs The Rest Of The Pack,2024-06-22
Unpacking Q1 Earnings: Keurig Dr Pepper (NASDAQ:KDP) In The Context Of Other Beverages and Alcohol Stocks,2024-06-22
Q1 Earnings Outperformers: Agilysys (NASDAQ:AGYS) And The Rest Of The Vertical Software Stocks,2024-06-22
A Look Back at Finance and HR Software Stocks' Q1 Earnings: Workday (NASDAQ:WDAY) Vs The Rest Of The Pack,2024-06-22
Q1 Earnings Outperformers: Veeva Systems (NYSE:VEEV) And The Rest Of The Vertical Software Stocks,2024-06-22
The Fed's first rate cut of 2024 could come next month if the labor market slows,2024-06-22
SMH ETF: Exposure to Nvidia and Other Top Chip Stocks,2024-06-22
Li Auto Stock (NASDAQ:LI): What Has Gone Wrong?,2024-06-22
Stock market today: US stocks edge lower as AI-fueled tech rally stalls,2024-06-22
Is Palantir Technologies Stock a Buy Now?,2024-06-22
S&P 500 Gains and Losses Today: Index Edges Lower as AI-Fueled Rally Loses Steam,2024-06-22
Why Rocket Lab Stock Was Launched 14.1% Higher This Week,2024-06-22
"Down 46% in 2024, Should You Buy This Growth Stock on the Dip?",2024-06-22
Equity Markets Mostly Lower as Existing Home Sales Drop,2024-06-22
Why NuScale Power Stock Is Soaring This Week,2024-06-22
Massive Bankruptcy News Crushes EV Stocks,2024-06-22
Macro Data Leave Equity Markets Mixed Intraday,2024-06-22
"Futures Down Pre-Bell as Traders Wait for Market Direction Cues; Asia, Europe Fall",2024-06-22
Sarepta Stock Jumps on Expanded FDA Approval for Duchenne Muscular Dystrophy Gene Therapy,2024-06-22
S&P 500 Trading Volume Spikes at Wall Street Close: Markets Wrap,2024-06-23
Car Dealers Reel From Cyberattack on $1.2 Trillion Market,2024-06-23
Is It Too Late to Buy NextEra Energy Stock?,2024-06-23
2 Millionaire-Maker Technology Stocks,2024-06-23
Want to Earn More in the Stock Market With Less Effort? Try This Simple Strategy,2024-06-23
3 Reasons to Buy Nvidia Stock Before June 26,2024-06-23
Cathie Wood Says Software Is the Next Big AI Opportunity -- 2 Super Stocks You'll Wish You'd Bought Today if She's Right,2024-06-23
Companies that give money to Democrats are beating Republican donors in the stock market,2024-06-23
Is Buying Stocks When the S&P 500 Hits a New All-Time High a Smart Strategy? History Provides a Clear Answer.,2024-06-23
Is Apple Stock Going to $240? 1 Wall Street Analyst Thinks So.,2024-06-23
Where Will Upstart Stock Be in 1 Year?,2024-06-23
"If You'd Invested $10,000 in Advanced Micro Devices Stock 5 Years Ago, Here's How Much You'd Have Today",2024-06-23
How Should a Beginner Invest in Stocks? Try This ETF.,2024-06-23
Global Investors Turn Cautious on Once Favorite Japanese Stocks,2024-06-23
Fed’s Key Inflation Gauges May Offer Path to Rate Cuts: Eco Week,2024-06-23
China Earnings Pain Erodes Optimism Over Stock Market Rebound,2024-06-23
Japan Says It’s Ready to Intervene in Currency Markets 24 Hours a Day If Needed,2024-06-24
"Asian Stocks Set to Slip, Japan Warns on Yen Moves: Markets Wrap",2024-06-24
"MicroStrategy’s bitcoin play has pushed its stock up more than 1,000% since 2020",2024-06-24
3 Smart Stocks to Buy and Hold for the Long Term With $500 Right Now,2024-06-24
"Up 55% So Far This Year, Is It Too Late to Buy Broadcom Stock?",2024-06-24
"An overload of warning signals mark the 'last straw' that could send the S&P 500 plunging 70%, famed permabear says",2024-06-25
"7 reasons Nvidia is poised to soar 67% as its rally continues for the next 2 years, according to a Wall Street research firm",2024-06-25
"Nvidia (NASDAQ:NVDA): Yes, This Stock Also Goes Down",2024-06-25
"Roku Stock Is Beaten Down Now, but It Could 10x",2024-06-25
Chipotle's 50-for-1 Stock Split Is Coming. Here's What Investors Need to Know,2024-06-25
"Nvidia, Microsoft, or Apple: Which $3 Trillion-Dollar Stock Is the Better Artificial Intelligence (AI) Play?",2024-06-25
5 Reasons to Buy Chewy Stock Hand Over Fist,2024-06-25
Forget Nvidia: This Young Artificial Intelligence (AI) Stock Is Set to Soar in 2024,2024-06-25
"The S&P 500 will soar 175% to 15,000 by the end of the decade, Fundstrat's Tom Lee says",2024-06-25
2 Top Artificial Intelligence Stocks to Buy Right Now,2024-06-25
"After Nvidia's 10-for-1 Stock Split, Is It Still a Buy?",2024-06-25
"Oil prices steady as markets weigh supply tensions, China economic recovery",2024-06-25
Asian Futures Muted as Nvidia Fuels Tech Concerns: Markets Wrap,2024-06-25
Q1 Earnings Outperformers: Western Digital (NASDAQ:WDC) And The Rest Of The Semiconductors Stocks,2024-06-25
Q1 Earnings Highs And Lows: Flywire (NASDAQ:FLYW) Vs The Rest Of The Finance and HR Software Stocks,2024-06-25
"Q1 Earnings Highlights: Carter's (NYSE:CRI) Vs The Rest Of The Apparel, Accessories and Luxury Goods Stocks",2024-06-25
"The US real-estate market is headed for a correction, strategist says",2024-06-26
Why the stock market could surge 4% to record highs by the end of July,2024-06-26
Agnico Eagle Stock (NYSE:AEM) Receives Several Buy Ratings. The Optimism Makes Sense,2024-06-26
Margin Trades of $30 Billion Add to Risks for Japan Stock Rally,2024-06-26
"Forget AMD: Nvidia Is Still the King, According to 1 Wall Street Analyst. What Does This Mean for Investors?",2024-06-26
Trump Media's wild rollercoaster ride: Why volatile DJT stock is gaining steam,2024-06-26
Stock market today: Indexes trade mixed as traders try to recover from Nvidia-fueled sell-off,2024-06-26
Nvidia has shed $431 billion in market cap in just 4 days after briefly becoming the world's most valuable company,2024-06-26
Rivian stock soars as Volkswagen says it will invest up to $5 billion in new joint venture,2024-06-26
"Fed Officials' Comments, Macro Data Leave Equity Markets Mixed",2024-06-26
"Trading GameStop stock is like gambling, warns trader with more than 40 years of experience",2024-06-26
Asia Stocks to Fall as Fed Officials Urge Patience: Markets Wrap,2024-06-26
Crypto markets give Trump a 59% chance of winning. Signal or noise?,2024-06-26
3 Crypto Stocks to Buy From Bitcoin's Long-Term Perspective,2024-06-26
Equity Markets Mixed as Consumer Confidence Falls,2024-06-26
"June Mid-Atlantic Manufacturing Contracts More Than Estimated, Richmond Fed Data Show",2024-06-26
Asian Stocks to Fall as Yen Plunges to Fresh Low: Markets Wrap,2024-06-27
Big US banks withstand Fed's commercial real estate shock scenario,2024-06-27
Rate-Cut Timing in Focus as Philippine Inflation Stays on Target,2024-06-27
Tech Giants Fall in Late Hours on Micron’s Outlook: Markets Wrap,2024-06-27
Is DJT Stock a Holding in Any ETFs Yet?,2024-06-27
Stock market news: US stocks slide and bond yields rise as traders eye new economic data,2024-06-27
Rivian stock soars 37% after it strikes $5 billion deal with Volkswagen,2024-06-27
Yen’s Relentless Drop Showcases Fed’s Grip on Global Markets,2024-06-27
"Levi’s CEO Michelle Gass Overdelivers for Q2, But Stock Still Takes a Hit",2024-06-27
Equities Mostly Rise as Markets Weigh New-Home Sales Data,2024-06-27
Stock market today: Nasdaq leads gains as Amazon crosses $2 trillion market cap,2024-06-27
Why Nikola Stock Pared Big Early Gains Today,2024-06-27
Why Amazon Stock Popped on Wednesday,2024-06-27
"Amazon joins exclusive club, crossing $2 trillion in stock market value for the first time",2024-06-27
Nike set to report earnings as Wall Street looks for details on product innovation,2024-06-27
Q1 Earnings Highs And Lows: Inspired (NASDAQ:INSE) Vs The Rest Of The Gaming Solutions Stocks,2024-06-27
A Look Back at Semiconductor Manufacturing Stocks' Q1 Earnings: Amkor (NASDAQ:AMKR) Vs The Rest Of The Pack,2024-06-27
Big banks pass Fed stress test as they fight stricter capital rules,2024-06-27
Chipotle's 50-for-1 stock split just went into effect. Here's what it means for investors.,2024-06-27
"Tokyo's old fish market makes way for skyscrapers, glitzy stadium to woo global spenders",2024-06-28
"Asian Stocks to Gain, Treasuries Rally Into US PCE: Markets Wrap",2024-06-28
Dollar Edges Up as Markets View Trump Leading Election Debate,2024-06-28
Japan’s Benchmark Topix Stock Index Is Heading for 1990 High,2024-06-28
"Lindsay (NYSE:LNN) Reports Sales Below Analyst Estimates In Q2 Earnings, But Stock Soars 14.8%",2024-06-28
Reflecting On Cable and Satellite Stocks’ Q1 Earnings: WideOpenWest (NYSE:WOW),2024-06-28
Unpacking Q1 Earnings: Palo Alto Networks (NASDAQ:PANW) In The Context Of Other Cybersecurity Stocks,2024-06-28
Q1 Earnings Highs And Lows: Marvell Technology (NASDAQ:MRVL) Vs The Rest Of The Semiconductor Manufacturing Stocks,2024-06-28
Traditional Fast Food Stocks Q1 Earnings Review: El Pollo Loco (NASDAQ:LOCO) Shines,2024-06-28
'Cold' housing markets in these 3 states may be a buyer's best chance at a bargain,2024-06-28
Tencent Rides Hit Game for China’s Biggest Gain in Market Value,2024-06-28
Fake Ozempic and Wegovy are flooding the market. Here are 4 steps to avoid dangerous counterfeit weight loss drugs,2024-06-28
S&P 500's top 5 stocks in June (Nvidia isn't one of them!),2024-06-28
Why AT&T (NYSE:T) Is a Top Dividend Stock Worth Watching,2024-06-28
"Stocks are set for a 10% correction amid stagflation and no rate cuts in the 2nd half of 2024, Stifel strategist says",2024-06-28
"‘In a worst-case scenario, we fear a stock-market bust’: We are ‘healthy boomers’ in our 60s with a net worth of $4.2 million. Is it time to diversify?",2024-06-28
"South Africa card payments market to reach $125bn in 2024, forecasts GlobalData",2024-06-28
Analyst ignites coverage of Rocket Lab stock after satellite launch,2024-06-28
Why Amazon Stock Topped the Market Today,2024-06-28
Nike stock sinks after company projects larger sales decline than expected in 2025,2024-06-28
Tech boom leads global markets through first half of 2024,2024-06-29
What a Trump 2.0 presidency would mean for the stock market,2024-06-29
Warren Buffett reveals about $600 million of his wealth isn't in Berkshire Hathaway stock,2024-06-29
"If You'd Invested $1,000 in Apple Stock 27 Years Ago, Here's How Much You'd Have Today",2024-06-29
Stock market today: Indexes rise as traders cheer cooler PCE inflation,2024-06-29
Emerging-Market Currencies Gain on Final Day of Weak First Half,2024-06-29
S&P 500 Rally Hits a Wall at End of Banner Quarter: Markets Wrap,2024-06-29
Palantir's Untapped Potential: Decoding the Artificial Intelligence (AI) Stock's Long-Term Value for Strategic Investors,2024-06-29
Why Carnival Stock Jumped 17.7% This Week,2024-06-29
AI Frenzy Propels Stocks to Monster First Half,2024-06-29
Equity Markets Fall as Traders Parse Consumer Spending Report,2024-06-29
"Economy to Eventually Slow Further Amid Tight Monetary Policy, Richmond Fed's Barkin Says",2024-06-29
Equities Mostly Rise Intraday as Fed's Preferred Inflation Measure Cools,2024-06-29
June Consumer Sentiment Drops Less Than Projected; Year-Ahead Inflation Expectations Ease,2024-06-29
May Consumer Spending Grows Less Than Expected as Inflation Cools,2024-06-29
EU Warns Its Chipmakers Could Lose Market Share in China,2024-06-29
A Look Back at Engineering and Design Services Stocks' Q1 Earnings: Sterling (NASDAQ:STRL) Vs The Rest Of The Pack,2024-06-29
Analysts revise Chewy stock price target after Roaring Kitty post,2024-06-30
Is Bank of America Stock a Buy?,2024-06-30
"The Best Energy Stock to Invest $1,000 in Right Now",2024-06-30
"These 3 Stocks Are Down in 2024, but Look Set for a Spectacular Recovery in the Second Half",2024-06-30
Can NJOY Help Propel Altria Group Stock Higher?,2024-06-30
Why MercadoLibre Stock Is Cheaper Than It Looks,2024-06-30
Huge News for Rocket Lab Stock: Here's What Comes Next,2024-06-30
These retail traders lost big in the first meme stock episode. Here's why they won't stop betting on GameStop.,2024-06-30
The US housing market has entered bizarro world,2024-06-30
"As Top Instructors Leave Peloton Behind, The Stock's Future Remains Uncertain",2024-06-30
This Market-Beating Stock Is a Beautiful Buy Right Now,2024-06-30
Q1 Earnings Review: Household Products Stocks Led by Spectrum Brands (NYSE:SPB),2024-06-30
Unpacking Q1 Earnings: Paramount (NASDAQ:PARA) In The Context Of Other Broadcasting Stocks,2024-06-30
Q1 Earnings Highs And Lows: Monster (NASDAQ:MNST) Vs The Rest Of The Beverages and Alcohol Stocks,2024-06-30
Q1 Earnings Highs And Lows: Global Industrial (NYSE:GIC) Vs The Rest Of The Maintenance and Repair Distributors Stocks,2024-06-30
Q1 Earnings Highlights: Freshpet (NASDAQ:FRPT) Vs The Rest Of The Perishable Food Stocks,2024-06-30
Q1 Earnings Highs And Lows: EnerSys (NYSE:ENS) Vs The Rest Of The Renewable Energy Stocks,2024-06-30
Should You Buy CrowdStrike Stock Now That It's Part of the S&P 500?,2024-07-01
"1 Magnificent Stock That Turned $10,000 Into $2.7 Million",2024-07-01
"A divergence in the stock market is now the biggest it’s ever been, signaling more vulnerability ahead, economist says",2024-07-01
Is Chipotle a No-Brainer Buy Right After Its 50-for-1 Stock Split? The Answer Might Surprise You.,2024-07-01
This decades-long trend in home prices has been ‘flipped on its head’ amid a big shift in the housing market,2024-07-01
"With a Senator Questioning Plug Power's Government Loan, Is This an Opportunity to Buy the Stock?",2024-07-01
Does the Secret to Costco's Success Make the Stock a No-Brainer Buy?,2024-07-01
Forget Dutch Bros: Consider This Magnificent Coffee Stock Instead,2024-07-01
"Coca-Cola Stock: Buy, Sell, or Hold?",2024-07-01
3 Reasons to Buy Roku Stock Like There's No Tomorrow,2024-07-01
Japan downgrades Q1 GDP on construction data corrections,2024-07-01
Chewy stock whipsaws after Roaring Kitty discloses a $245 million stake,2024-07-02
Why the stock market's playbook for a Trump presidency will be completely different this time around,2024-07-02
Is Berkshire Hathaway Stock a Buy?,2024-07-02
"China Can Spur Green Jet Fuels Just Like EV Market, Cathay Says",2024-07-02
World’s Most Volatile Big Stock Is Rocking Indonesia’s Market,2024-07-02
"Nvidia Is a Top AI Stock, but Don't Ignore These 4 Red Flags",2024-07-02
Analyst reviews Apple stock price target on iPhone sales,2024-07-02
Fund With 24% Returns Bets on Long-Term Stock Rally for Malaysia,2024-07-02
Korean Stocks Outshine Bonds as Global Investors Bet on AI,2024-07-02
A Look Back at Ground Transportation Stocks' Q1 Earnings: Schneider National (NYSE:SNDR) Vs The Rest Of The Pack,2024-07-02
Unpacking Q1 Earnings: Silgan Holdings (NYSE:SLGN) In The Context Of Other Industrial Packaging Stocks,2024-07-02
Unpacking Q1 Earnings: Lovesac (NASDAQ:LOVE) In The Context Of Other Home Furnishings Stocks,2024-07-02
Reflecting On Processors and Graphics Chips Stocks’ Q1 Earnings: Intel (NASDAQ:INTC),2024-07-02
Q1 Earnings Outperformers: Columbus McKinnon (NASDAQ:CMCO) And The Rest Of The General Industrial Machinery Stocks,2024-07-02
A Look Back at Household Products Stocks' Q1 Earnings: Clorox (NYSE:CLX) Vs The Rest Of The Pack,2024-07-02
Q1 Earnings Highlights: Alarm.com (NASDAQ:ALRM) Vs The Rest Of The Vertical Software Stocks,2024-07-02
"Dollar Gains, Stocks Fluctuate on US Election Bets: Markets Wrap",2024-07-02
"Oil holds near two-month high on higher demand outlook, possible rate cut",2024-07-02
RBA Says Data Wasn’t Sufficient for Cash Rate Hike in June,2024-07-02
"Crypto-Friendly Silvergate Bank Pays $63M to Settle Charges With SEC, Fed, California Regulator",2024-07-02
Veteran fund manager sees world of pain coming for stocks,2024-07-03
Analysts ring up Walmart stock price target after meeting with executives,2024-07-03
2 Stocks Down 74% and 57.5% to Buy Right Now,2024-07-03
Stock market today: Indexes slip ahead of Powell comments and as traders look to jobs data,2024-07-03
"S&P 500 Gains and Losses Today: Index Tops 5,500 as Powell Touts Inflation Progress",2024-07-03
Analysts review Amazon stock price rating after recent upgrades,2024-07-03
"S&P 500 Closes Above 5,500 in Record-Breaking Run: Markets Wrap",2024-07-03
Rivian and Tesla Stocks Soared in June. Does That Signal a Buying Opportunity?,2024-07-03
Rivian Joins EV Maker Stock Surge After Strong Delivery Numbers,2024-07-03
The next trillion-dollar stocks: Who are the world’s next largest companies?,2024-07-03
Reflecting On Automation Software Stocks’ Q1 Earnings: ServiceNow (NYSE:NOW),2024-07-03
Q1 Earnings Highs And Lows: Magnachip (NYSE:MX) Vs The Rest Of The Analog Semiconductors Stocks,2024-07-03
Q1 Earnings Highs And Lows: Topgolf Callaway (NYSE:MODG) Vs The Rest Of The Leisure Facilities Stocks,2024-07-03
Q1 Earnings Highlights: GoPro (NASDAQ:GPRO) Vs The Rest Of The Toys and Electronics Stocks,2024-07-03
Unpacking Q1 Earnings: Floor And Decor (NYSE:FND) In The Context Of Other Home Furnishing and Improvement Retail Stocks,2024-07-03
Q1 Earnings Outperformers: Fluence Energy (NASDAQ:FLNC) And The Rest Of The Renewable Energy Stocks,2024-07-03
Reflecting On Personal Care Stocks’ Q1 Earnings: Estée Lauder (NYSE:EL),2024-07-03
Engineering and Design Services Stocks Q1 Earnings: Dycom (NYSE:DY) Firing on All Cylinders,2024-07-03
Reflecting On Perishable Food Stocks’ Q1 Earnings: Cal-Maine (NASDAQ:CALM),2024-07-03
How to recession-proof your savings,2024-07-04
What is a recession?,2024-07-04
Q1 Earnings Outperformers: Warner Music Group (NASDAQ:WMG) And The Rest Of The Media Stocks,2024-07-04
Q1 Earnings Highlights: Waste Management (NYSE:WM) Vs The Rest Of The Waste Management Stocks,2024-07-04
Q1 Earnings Outperformers: Varonis (NASDAQ:VRNS) And The Rest Of The Cybersecurity Stocks,2024-07-04
Q1 Earnings Highlights: Rollins (NYSE:ROL) Vs The Rest Of The Environmental and Facilities Services Stocks,2024-07-04
Q1 Earnings Highlights: Richardson Electronics (NASDAQ:RELL) Vs The Rest Of The Specialty Equipment Distributors Stocks,2024-07-04
Q1 Earnings Highlights: NXP Semiconductors (NASDAQ:NXPI) Vs The Rest Of The Analog Semiconductors Stocks,2024-07-04
Unpacking Q1 Earnings: 3M (NYSE:MMM) In The Context Of Other General Industrial Machinery Stocks,2024-07-04
Industrials Stocks Q2 Earnings Review: KB Home (NYSE:KBH) Shines,2024-07-04
Q1 Earnings Highs And Lows: Hayward (NYSE:HAYW) Vs The Rest Of The Home Construction Materials Stocks,2024-07-04
"Why Bitcoin is tanking to $60,000 when stocks keep hitting all-time highs",2024-07-04
A Bull Market Is Here: 2 Brilliant Stocks Down 41% and 51% to Buy Right Now,2024-07-04
Why MarketAxess Stock Raced Higher Today,2024-07-04
"Buy this quiet corner of the stock market as the US braces for a highly active hurricane season, research firm says",2024-07-04
Why Nano Dimension Stock Soared Today,2024-07-04
2 Dividend Stocks to Buy Hand Over Fist in July,2024-07-04
"AI will power the S&P 500 another 27% higher before peaking next year, research firm says",2024-07-04
Here's Why Reddit Stock Went Up 18% Last Month,2024-07-04
Asia stocks notch records; pound calm after Labour landslide,2024-07-05
"Global Equities Trade Near Record, Yen Strengthens: Markets Wrap",2024-07-05
Bitcoin Drops for Fourth Day Even as Global Stocks Hit Records,2024-07-05
Watch These Key Nasdaq 100 Levels As Chart Signals Easing Upward Momentum,2024-07-05
"INTU, SNPS, MDB: 3 “Strong Buy” Software Stocks to Watch",2024-07-05
Japan Consumer Stocks to Get Boost as Wage Increases Kick In,2024-07-05
Analysts prescribe new Walgreens stock price targets after earnings,2024-07-05
Goldman Sachs offers 3 high-conviction stock picks,2024-07-05
Hunt for Trump-Win Trades Ushers Investors Back to Japan Stocks,2024-07-05
"The real estate market is in for sharp correction with losses that could take a decade to recover from, strategist says",2024-07-05
European Stocks Advance With Elections in Focus: Markets Wrap,2024-07-05
"28% Off All-Time Highs, Is AMD Stock a Buy?",2024-07-05
In data: Chinese market shows a positive recovery trend,2024-07-05
Is It Time to Buy June's Worst-Performing Dow Jones Stocks?,2024-07-05
June jobs report: US labor market set to show 'cooling but not cool' trend continues,2024-07-05
Fed officials touted 'modest further progress' on inflation at last meeting: Minutes,2024-07-05
"Tesla stock pops 6%, extends rally as 'Mojo back for Musk' after latest delivery data",2024-07-05
"Stock market today: S&P 500, Nasdaq hit fresh highs as stocks head into holiday with a bang",2024-07-05
Trump is already pushing interest rates up,2024-07-05
Why Wall Street is still worried about regional banks,2024-07-05
Meme stock speculation propels Koss shares 25% higher on Friday,2024-07-06
Wall Street Sees Dollar Regaining Strength After Recent Drop,2024-07-06
Stocks Up as Path to September Fed Cut Gets Wider: Markets Wrap,2024-07-06
High-Priced S&P 500 Powers Ahead Untroubled by Political Stress,2024-07-06
"Tesla stock rises again, extending monster 40% rally over the last month",2024-07-06
"The stage is set for 2 rate cuts this year, but investors need to be careful adding more exposure to the stock market, JPMorgan strategy chief says",2024-07-06
Is Advanced Micro Devices (AMD) Stock a Buy?,2024-07-06
Why Did Palo Alto Networks Stock Rise 15% Last Month?,2024-07-06
Bradesco Stock (NYSE:BBD): Betting on a Turnaround Is a Risky Move,2024-07-06
Stock market today: Indexes test record highs as dovish jobs report sends bond yields lower,2024-07-06
2 Top Tech Stocks Under $20 per Share,2024-07-06
Why Did Shopify Stock Rise 12% Last Month?,2024-07-06
S&P 500 Gains and Losses Today: Meta Soars as Investors Hit 'Like' on AI Progress,2024-07-06
Is This Semiconductor Stock a Better Artificial Intelligence (AI) Buy Than Nvidia Right Now?,2024-07-06
"China is poised to dominate the market for legacy chips, and the U.S. may only have itself to blame",2024-07-06
Why Did Taiwan Semiconductor Stock Rise 15% Last Month?,2024-07-06
Investors look to upcoming earnings to keep stock rally going,2024-07-06
Q1 Earnings Outperformers: VeriSign (NASDAQ:VRSN) And The Rest Of The E-commerce Software Stocks,2024-07-06
Q1 Earnings Highlights: Skyworks Solutions (NASDAQ:SWKS) Vs The Rest Of The Analog Semiconductors Stocks,2024-07-06
A Look Back at Shelf-Stable Food Stocks' Q1 Earnings: Post (NYSE:POST) Vs The Rest Of The Pack,2024-07-06
"Fed’s Powell Testifies as Inflation, Hiring Cool",2024-07-07
Something's gotta give in this summer's whackadoodle market,2024-07-07
Better Cloud Stock: Datadog vs. PagerDuty,2024-07-07
"Costco Is Up 32% in 2024: Could the Stock-Split Candidate Hit $1,000 per Share by the End of the Year?",2024-07-07
CarMax's Q1 Waves Red Flags for Carvana Stock,2024-07-07
S&P 500 investors vs. actively managed funds: 2024 is an even better year for buying and holding the index,2024-07-07
Nvidia Stock Risk Analysis (Part 2),2024-07-07
"How a New York short-seller took on one of the world's richest people, wiped out $150 billion in market value, and barely made any money",2024-07-07
Best Stock Split Stock to Buy: Nvidia vs. Broadcom vs. Chipotle,2024-07-07
Is Now the Time to Buy Micron Technology Stock?,2024-07-07
1 Stock I Wouldn't Touch With a 10-Foot Pole -- and Here's Why,2024-07-07
3 High-Yield Energy Stocks That Are Screaming Buys in July,2024-07-07
Unpacking Q1 Earnings: News Corp (NASDAQ:NWSA) In The Context Of Other Media Stocks,2024-07-07
Q1 Earnings Highs And Lows: Inter Parfums (NASDAQ:IPAR) Vs The Rest Of The Personal Care Stocks,2024-07-07
Reflecting On Electrical Systems Stocks’ Q1 Earnings: Hubbell (NYSE:HUBB),2024-07-07
Q1 Earnings Review: Toys and Electronics Stocks Led by Hasbro (NASDAQ:HAS),2024-07-07
Watch These Tesla Stock Price Levels After Last Week's Huge Rally,2024-07-08
Is Chipotle Stock a Buy After Its Historic Stock Split?,2024-07-08
Analyst adjusts Nvidia stock rating on valuation,2024-07-08
Best Stock to Buy Right Now: Disney vs. Roku,2024-07-08
6 Months Into 2024 and Kraft Heinz Stock Is Trailing the S&P 500 by 20 Percentage Points: Time to Buy?,2024-07-08
"Labor market nearing pre-pandemic conditions, Fed report says",2024-07-08
"The stock market will drop 32% in 2025 as the Fed fails to save the economy from a recession, research firm says",2024-07-08
"Charlie Munger Called Jeff Bezos An 'Amazing Human Leader,' But Missed Out On Amazon Stock Because It Was 'Too Complicated'.",2024-07-08
Euro dips as markets brace for post-election gridlock in France,2024-07-08
Wall Street’s Big Bond Bet Revives Before Pivotal Inflation Data,2024-07-08
"Euro Edges Lower on French Vote, Asian Stocks Gain: Markets Wrap",2024-07-08
Chinese Stocks in Hong Kong Near Correction Ahead of Plenum,2024-07-08
"Inflation data, Powell speaks, and big banks report earnings: What to know this week",2024-07-08
"S&P 500, Nasdaq Extend Record Closing Runs",2024-07-09
"June One-Year Inflation Expectations Decline, NY Fed Survey Shows",2024-07-09
Equities Mixed Intraday as Markets Parse Inflation Survey,2024-07-09
Strategists Say Stock Rally Needs Bumper US Earnings Season,2024-07-09
"Greenbrier (NYSE:GBX) Reports Sales Below Analyst Estimates In Q2 Earnings, Stock Drops",2024-07-09
Banks’ Hedges Are Cheap Before the Start of the Earnings Season,2024-07-09
Q2 Earnings Highlights: Simply Good Foods (NASDAQ:SMPL) Vs The Rest Of The Consumer Staples Stocks,2024-07-09
Q1 Earnings Outperformers: SEMrush (NYSE:SEMR) And The Rest Of The Sales And Marketing Software Stocks,2024-07-09
Unpacking Q1 Earnings: Reynolds (NASDAQ:REYN) In The Context Of Other Household Products Stocks,2024-07-09
Q1 Earnings Outperformers: Power Integrations (NASDAQ:POWI) And The Rest Of The Analog Semiconductors Stocks,2024-07-09
Q1 Earnings Outperformers: Planet Fitness (NYSE:PLNT) And The Rest Of The Leisure Facilities Stocks,2024-07-09
Unpacking Q1 Earnings: Lincoln Electric (NASDAQ:LECO) In The Context Of Other Professional Tools and Equipment Stocks,2024-07-09
Bitcoin slumps 12% over past week as Mt. Gox repayments flood market,2024-07-09
"Exxon signals Q2 below market consensus, excluding Pioneer buy",2024-07-09
Top Wall Street strategist explains why he's abandoning an S&P 500 target,2024-07-09
Tesla stock notches 9th straight day of gains,2024-07-09
"Stock market today: S&P 500, Nasdaq eke out fresh records with Powell on deck",2024-07-09
Paramount stock drops after company agrees to Skydance merger,2024-07-09
Trump tax cuts not a guaranteed jolt to the markets: Wall Street pros,2024-07-09
Singapore Stock Benchmark Heads for 2018 High on Earnings Hopes,2024-07-10
Oil Nudges Higher as Inventory Draw Overshadows Fed’s Messaging,2024-07-10
"Oil rebounds as U.S. stockpiles drop, interest rate cut outlook brightens",2024-07-10
China Stocks Eye Gains; S&P 500 Steady On Powell: Markets Wrap,2024-07-10
Japan's wholesale inflation picks up as weak yen raises import costs,2024-07-10
EV stocks are showing major signs of life,2024-07-10
Analyst resets McDonald’s price target as stock hits 52-week low,2024-07-10
Analysts reboot Microsoft stock price target on AI transformation,2024-07-10
Analyst resets Nvidia stock price target in chip-sector overhaul,2024-07-10
A Stock Trader’s Guide to Navigating China’s Third Plenum,2024-07-10
Tesla's Share of EV Market in US Drops Below 50% For First Time,2024-07-10
Stock market today: Indexes hover near records ahead of Fed Chair Powell's testimony,2024-07-10
S&P 500 Gains and Losses Today: Albemarle Stock Pressured by Weak Lithium Prices,2024-07-10
"S&P 500, Nasdaq Set New Closing Records After Fed Chair Powell's Comments",2024-07-10
"Second-Quarter Capital Markets Activity Shows Signs of Gradual Recovery, UBS Says",2024-07-10
Equity Markets Mostly Rise Intraday After Fed Chair Powell's Comments,2024-07-10
"'More Good' Inflation Data Needed to Strengthen Case for Rate Cuts, Fed Chair Powell Says",2024-07-10
"Banks' Net Interest Income in Focus Ahead of Earnings Season, RBC Says",2024-07-10
"Rising Inventory Signal 'Slight' Shift Toward Buyer-Friendly Housing Market, Realtor.com Says",2024-07-10
"Homebuilders Cut on 'Sluggish' Housing Market, Florida Woes",2024-07-10
Cook says Fed would respond if unemployment starts to rise more quickly,2024-07-11
Muni Market Faces Early Credit Problems as Covid Aid Sunsets,2024-07-11
Fed's Cook: US data consistent with a soft landing,2024-07-11
Asian Stocks Set to Track Wall Street’s Tech Rally: Markets Wrap,2024-07-11
US Inflation Data to Bolster Case for Fed Interest-Rate Cut in September,2024-07-11
Investors Sour on Chinese Stocks as Plenum Seen Lacking Potency,2024-07-11
"Analysts reboot Apple stock price target on AI, buyback",2024-07-11
Analysts adjust Facebook parent stock price target ahead of earnings,2024-07-11
Balmain Joining Indigenous Fashion Show at Santa Fe Indian Market,2024-07-11
"Archegos’ Bill Hwang Convicted of Fraud, Market Manipulation",2024-07-11
Why Smart Global Stock Skyrocketed Today,2024-07-11
Why Accenture Stock Lagged the Market Today,2024-07-11
"S&P 500 Tops 5,600 Mark in Longest Rally This Year: Markets Wrap",2024-07-11
Why Kura Sushi Stock Plummeted Today,2024-07-11
Factbox-Famous Wall Street figures who have been sentenced to prison,2024-07-11
Stock market today: Indexes poised for another record as traders digest Fed commentary,2024-07-11
Here's Why Sweetgreen Stock Was Up a Stunning 167% in the First Half of 2024,2024-07-11
The S&P 493's earnings recession is over: Morning Brief,2024-07-11
"What to Watch When Bank Earnings Season Kicks Off, in Charts",2024-07-11
Q1 Earnings Highs And Lows: Skyline Champion (NYSE:SKY) Vs The Rest Of The Home Builders Stocks,2024-07-11
Asian Tech Stocks Drop as Yen Whipsaws After Rally: Markets Wrap,2024-07-12
"Equities Mostly Fall as Markets Parse CPI Data, Await Big Bank Earnings",2024-07-12
Equity Markets Largely Fall Intraday After Consumer Inflation Report,2024-07-12
June Consumer Inflation Unexpectedly Declines as September Rate Cut Predictions Surge,2024-07-12
"Conagra Brands Posts Mixed Quarterly Results, Forecasts 'Gradual Waning' of Market Challenges",2024-07-12
Wall Street Banks Set For Bond Sales Spree After Earnings,2024-07-12
Q1 Earnings Outperformers: Vertiv (NYSE:VRT) And The Rest Of The Electrical Systems Stocks,2024-07-12
A Look Back at Traditional Fast Food Stocks' Q1 Earnings: Yum! Brands (NYSE:YUM) Vs The Rest Of The Pack,2024-07-12
Reflecting On Specialty Retail Stocks’ Q1 Earnings: Tractor Supply (NASDAQ:TSCO),2024-07-12
Unpacking Q1 Earnings: Tempur Sealy (NYSE:TPX) In The Context Of Other Home Furnishings Stocks,2024-07-12
"Reflecting On Apparel, Accessories and Luxury Goods Stocks’ Q1 Earnings: Tapestry (NYSE:TPR)",2024-07-12
Q1 Earnings Outperformers: Taylor Morrison Home (NYSE:TMHC) And The Rest Of The Home Builders Stocks,2024-07-12
When will AI's stock-market dominance fade? Goldman says watch this key signal.,2024-07-12
Stock splits can be rocket fuel for a company's shares. Here's who could be next.,2024-07-12
Watch These Key Russell 2000 Levels Amid Rotation Into Small Cap Stocks,2024-07-12
Japan's diaper makers look to adult market for revenue as births fall,2024-07-12
"SBUX, DIS, or ET: Which Large-Cap Stock Could Generate the Best Returns?",2024-07-12
Volatile yen keeps currency market on edge,2024-07-12
Wall Street's renewed bullishness on Apple stock is all about the iPhone 16,2024-07-12
Analysts revamp AMD stock price target on AI deal,2024-07-12
Expected US rate cuts have investors looking beyond Big Tech,2024-07-13
S&P 500 Rebound Leaves Big Banks Out on Earnings: Markets Wrap,2024-07-13
Why SoundHound AI Stock Skyrocketed This Week,2024-07-13
"Stocks could face the steepest correction since the 2022 bear market as earnings kick off, analysts say. Here's what investors should watch for.",2024-07-13
Why Arm Stock Jumped Today,2024-07-13
S&P 500 Gains and Losses Today: Wells Fargo Slips on Net Interest Income Miss,2024-07-13
Stock market today: Indexes edge higher as traders digest fresh inflation data and bank earnings,2024-07-13
What You Need To Know About the IPO Market for the Rest of 2024,2024-07-13
Wall Street’s Broadening Trade Pressures Index-Tracking Billions,2024-07-13
2 Tech Stocks Heading in Opposite Directions So Far in 2024,2024-07-13
Equities Close Higher as Markets Analyze Producer Prices Data,2024-07-13
"China ETF Market Surges, Led by Equity Funds: Morningstar",2024-07-13
EV Stocks Roar Back to Life This Week,2024-07-13
Real Estate Stocks Soar to Best Day of Year on Rate Cut Bets,2024-07-13
Tepid housing market conditions persist: Optimal Blue,2024-07-13
A Wall Street revival is carrying big banks as Main Street struggles,2024-07-13
Unpacking Q1 Earnings: Titan Machinery (NASDAQ:TITN) In The Context Of Other Specialty Equipment Distributors Stocks,2024-07-13
A Look Back at Agricultural Machinery Stocks' Q1 Earnings: Titan International (NYSE:TWI) Vs The Rest Of The Pack,2024-07-13
Q1 Earnings Highlights: Remitly (NASDAQ:RELY) Vs The Rest Of The Online Marketplace Stocks,2024-07-13
Reflecting On Cybersecurity Stocks’ Q1 Earnings: Qualys (NASDAQ:QLYS),2024-07-13
ECB May Prime Markets for September Rate Cut: Eco Week,2024-07-14
"Argentina to Sell Dollars In Parallel FX Market, Caputo Says",2024-07-14
Is Upstart Stock a Buy?,2024-07-14
Is It Too Late to Buy Nvidia Stock After Its 10-for-1 Split?,2024-07-14
"Yes, I'd Still Buy PepsiCo Stock Despite Q2's Revenue Miss. Here's Why.",2024-07-14
Cava vs. Chipotle: Which Is the Better Restaurant Stock?,2024-07-14
Want Decades of Passive Income? 3 Stocks to Buy Right Now,2024-07-14
"Down 30% From Its 52-Week High, Is Now the Time to Buy Ulta Beauty Stock?",2024-07-14
The Smartest Dividend Stocks to Buy With $600 Right Now,2024-07-14
2 No-Brainer High-Yield Stocks to Buy With $500 Right Now,2024-07-14
Investors are buying individual stocks at a record pace as market-beating bets dwindle to lowest ever,2024-07-14
Chipotle's Stock Split Is Complete. Here's What to Expect for the Rest of 2024.,2024-07-14
"Is Costco Stock a Buy Today? Wall Street Doesn't See Much Upside, But I'm Seeing a Different Story",2024-07-14
Equities Rise Intraday as Markets Weigh PPI Data,2024-07-14
JPMorgan Second-Quarter Results Top Views; Dimon Expects Inflation to Remain Elevated,2024-07-14
Wells Fargo Second-Quarter Net Interest Income Misses Expectations; Stock Falls Intraday,2024-07-14
Crypto market jitters alleviated as Germany finishes bitcoin sell-off,2024-07-14
Will bitcoin's market fundamentals prevent a drop below $40k?,2024-07-14
Stock market today: Asian shares are mixed as China reports its economy grew 4.7% in last quarter,2024-07-15
‘Trump Wins Big’ Meme Stock Surges in China,2024-07-15
Smartphone Market Grows 6% as AI and Discounts Help Demand,2024-07-15
Watch These Alphabet Stock Levels After Report Google Parent Weighing $23B Purchase,2024-07-15
Why Starbucks Stock Lost 19% in the 1st Half of the Year,2024-07-15
Here's Why Boeing Stock Slumped 30% in the 1st Half of 2024,2024-07-15
Global Markets Ramp Up the ‘Trump Trade’ After Rally Attack,2024-07-15
Analysts rewire Netflix stock price target ahead of earnings,2024-07-15
"Treasuries slip, dollar firm as markets grapple with US politics",2024-07-15
Prediction: 3 Stocks That Will Be Worth More Than Apple 3 Years From Now,2024-07-15
Powell opens key week of Fedspeak as rate cut case develops,2024-07-15
Analysis-Nvidia investor dilemma: how much is too much in a stock portfolio?,2024-07-15
In the Market: How regulators are using banks to illuminate shadow banks,2024-07-15
European stocks are seeing outsized moves as hedge funds drive trading,2024-07-15
"Dollar Climbs, Bond Futures Slump on Trump Bets: Markets Wrap",2024-07-15
Five Themes for Traders to Watch as Earnings Season Kicks Off,2024-07-15
China Investors Can Now Trade Saudi Stocks on Two ETFs,2024-07-16
Asian Stocks Cautious as Trump Win Bets Lift US: Markets Wrap,2024-07-16
Copper Market’s Biggest Whale Fuels Speculation of a Major Shift,2024-07-16
Dollar drifts as Powell comments bring September rate cut in focus,2024-07-16
Watch These Berkshire Hathaway Price Levels After Stock Closes at Record High,2024-07-16
"Hot Stock Market Topics: Delta, Tesla, Commercial Real Estate",2024-07-16
Better Cloud Computing Stock: Alphabet vs. Super Micro Computer,2024-07-16
"The stars have aligned for this corner of the stock market as the US economy enters its 'Goldilocks' era, BofA says",2024-07-16
Cathie Wood sells $25 million of a lagging tech stock,2024-07-16
Dow closes at record high after attempted Trump assassination fuels red wave hope,2024-07-16
Stocks Up as Trump Picks VP in Generational Shift: Markets Wrap,2024-07-16
Better AI Chip Stock: Broadcom vs. Marvell Technology,2024-07-16
Stock market today: Stocks rise as Trump bets rally after failed assassination attempt,2024-07-16
"Argentina's parallel peso strengthens on new economic measures, stock index plummets",2024-07-16
Dow Closes at Record High After Fed Chair Powell's Remarks,2024-07-16
Goldman profits surge 150% from year ago on Wall Street rebound,2024-07-16
Q1 Earnings Highs And Lows: Zurn Elkay (NYSE:ZWS) Vs The Rest Of The HVAC and Water Systems Stocks,2024-07-16
A Look Back at Advertising Software Stocks' Q1 Earnings: Zeta (NYSE:ZETA) Vs The Rest Of The Pack,2024-07-16
Q1 Earnings Highlights: U-Haul (NYSE:UHAL) Vs The Rest Of The Ground Transportation Stocks,2024-07-16
Reflecting On Perishable Food Stocks’ Q1 Earnings: Tyson Foods (NYSE:TSN),2024-07-16
Morgan Stanley's investment banking surge solidifies Wall Street dealmaking revival,2024-07-17
Bank of America leans on Wall Street as high rates pose challenges to Main Street operations,2024-07-17
Q1 Earnings Outperformers: Watts Water Technologies (NYSE:WTS) And The Rest Of The Water Infrastructure Stocks,2024-07-17
Q1 Earnings Highlights: Vital Farms (NASDAQ:VITL) Vs The Rest Of The Perishable Food Stocks,2024-07-17
Q1 Earnings Outperformers: USANA (NYSE:USNA) And The Rest Of The Personal Care Stocks,2024-07-17
A Look Back at Ground Transportation Stocks' Q1 Earnings: Ryder System (NYSE:R) Vs The Rest Of The Pack,2024-07-17
Is Li Auto Stock (NASDAQ:LI) Back on Track?,2024-07-17
Stock market today: Dow surges 742 points and small caps rally as investors bet big on Fed rate cuts,2024-07-17
"Gold shines as rate cuts beckon, Trump talk hits Taiwan stocks",2024-07-17
One of investors' biggest fears about the stock market is fading,2024-07-17
Nikon Expands Into 3D Printing With Eye on US Defense Market,2024-07-17
"Trump says Taiwan should pay for defence, sending TSMC stock down",2024-07-17
A reliable stock market indicator is flashing its first warning sign since 1999,2024-07-17
Will Carnival Stock Continue to Sail in Smooth Waters?,2024-07-17
Will UiPath Stock Be Worth More Than $3 Trillion by 2050?,2024-07-17
"Small-caps are breaking out and will rally 40% as the S&P 500 sputters, Fundstrat's Tom Lee says",2024-07-17
"Tesla Stock Will Surge 10-Fold on Robotaxi, Ark’s Wood Says",2024-07-17
UK inflation holds at 2% but underlying price pressures stay strong,2024-07-17
UK Inflation Holds at BOE’s 2% Target for Second Straight Month,2024-07-17
New Zealand Inflation Slows More Than Expected to 3-Year Low,2024-07-17
The broadening stock market rally just flashed a super-rare bullish signal pointing to more big gains ahead,2024-07-18
Why Charles Schwab Stock Slumped Again on Wednesday,2024-07-18
Nvidia and other chip stocks tumble on report the Biden administration is weighing tighter China trade restrictions,2024-07-18
Want Dividends? Check Out These 3 Stocks,2024-07-18
US housing market is turning more buyer-friendly,2024-07-18
"Global ETF Assets Cross $13T as Flows, Markets Rise: ETFGI",2024-07-18
Why Johnson & Johnson Stock Was a Winner on Wednesday,2024-07-18
Should You Buy Apple Stock Now or Wait for a Dip?,2024-07-18
VF Stock Soars as Company Sells Supreme Brand to Ray-Ban Owner EssilorLuxottica,2024-07-18
High-Flying Chipmakers See Worst Plunge Since 2020: Markets Wrap,2024-07-18
Stock market today: Indexes slide as Biden plan to tighten China chip crackdown weighs on tech,2024-07-18
Regional bank stocks rally thanks to Powell (and maybe Trump),2024-07-18
Netflix earnings preview: Investor expectations high as stock flirts with records,2024-07-18
Q1 Earnings Recap: WW (NASDAQ:WW) Tops Specialized Consumer Services Stocks,2024-07-18
Consumer Staples Stocks Q2 Earnings: WD-40 (NASDAQ:WDFC) Best of the Bunch,2024-07-18
Q1 Earnings Highlights: Vista Outdoor (NYSE:VSTO) Vs The Rest Of The Leisure Products Stocks,2024-07-18
Reflecting On Air Freight and Logistics Stocks’ Q1 Earnings: United Parcel Service (NYSE:UPS),2024-07-18
Reflecting On Specialty Retail Stocks’ Q1 Earnings: Sally Beauty (NYSE:SBH),2024-07-18
Q1 Earnings Highlights: RXO (NYSE:RXO) Vs The Rest Of The Ground Transportation Stocks,2024-07-18
A Look Back at Video Conferencing Stocks' Q1 Earnings: RingCentral (NYSE:RNG) Vs The Rest Of The Pack,2024-07-18
Equity Markets Fall as Earnings Season Gathers Steam,2024-07-19
Equity Markets Fall Intraday Ahead of Netflix Results,2024-07-19
China Stock Traders Move on From Plenum With Few Reasons to Buy,2024-07-19
ECB’s Villeroy Says Market Views on Rate Path Are Reasonable,2024-07-19
Stocks Drop as Outages Add to Tech-Sector Woes: Markets Wrap,2024-07-19
ECB’s Simkus Agrees With Market Bets for Two More Cuts in 2024,2024-07-19
How credit cards can help you beat inflation,2024-07-19
Wall Street’s ‘Great Rotation Trade’ Takes a Break: Markets Wrap,2024-07-19
"Healthcare stocks at an 'inflection point,' analyst says",2024-07-19
"Stock market news today: Dow falls 500 points, Nasdaq slides as tech rout continues",2024-07-19
'Golden path' at risk if Fed doesn’t cut rates: Goolsbee,2024-07-19
Blackstone’s Gray Expects ‘New Cycle’ for Real Estate Market,2024-07-19
Supply in Canada's property market surges as mortgage renewals loom,2024-07-19
Nvidia and Broadcom Completed 10-for-1 Stock Splits. History Says the Artificial Intelligence (AI) Stocks Will Do This Next,2024-07-19
75% of Warren Buffett's $416 Billion Portfolio Is Invested in 5 Unstoppable Stocks,2024-07-19
Ethereum Derivatives Market Flat Despite Imminent ETF Launch,2024-07-19
What’s Going on with Charles Schwab Stock? (NYSE:SCHW),2024-07-19
"Slash stamp duty for pensioners to boost housing market, Reeves urged",2024-07-19
New Found Love for Japan’s Small Caps Stocks to Be Tested,2024-07-19
Stock market today: Stocks tumble as the S&P 500 caps off its worst week in 3 months,2024-07-20
SunPower stock plummets 73% in a week to trade below a dollar as the residential solar company pauses operations,2024-07-20
Serve Robotics stock soars 241% after Nvidia takes $4 million stake in the company,2024-07-20
"Don't bet on the stock-market rotation as small-caps historically suffer when rates come down, Barclays says",2024-07-20
UBS just raised its S&P 500 price target for the 4th time this year. Here's how it says stocks can soar 17% by the end of the year.,2024-07-20
Why Investors Were Fired Up About Starbucks Stock Today,2024-07-20
Stock market today: Indexes trade mixed amid massive CrowdStrike IT outage,2024-07-20
Canada Goose Flies Higher as the Stock Picks Up a New Bull,2024-07-20
"Equities Fall as Markets Assess Tech Outage Impact, Corporate Earnings",2024-07-20
CrowdStrike Shorts Won Big After Stock's Outage-Fueled Plummet,2024-07-20
S&P 500 Gains and Losses Today: CrowdStrike Tumbles Amid Widespread Tech Outage,2024-07-20
Q1 Earnings Outperformers: Pegasystems (NASDAQ:PEGA) And The Rest Of The Automation Software Stocks,2024-07-20
Q1 Earnings Highs And Lows: Orion (NYSE:ORN) Vs The Rest Of The Construction and Maintenance Services Stocks,2024-07-20
Unpacking Q1 Earnings: Nova (NASDAQ:NVMI) In The Context Of Other Semiconductor Manufacturing Stocks,2024-07-20
Q1 Earnings Highlights: MACOM (NASDAQ:MTSI) Vs The Rest Of The Analog Semiconductors Stocks,2024-07-20
Q1 Earnings Highlights: Hub Group (NASDAQ:HUBG) Vs The Rest Of The Air Freight and Logistics Stocks,2024-07-20
A Look Back at Gas and Liquid Handling Stocks' Q1 Earnings: Helios (NYSE:HLIO) Vs The Rest Of The Pack,2024-07-20
Q1 Earnings Highlights: GoDaddy (NYSE:GDDY) Vs The Rest Of The E-commerce Software Stocks,2024-07-20
Stocks Slide Before High-Stakes Megacap Earnings: Markets Wrap,2024-07-20
"APY vs. interest rate: What’s the difference, and why does it matter?",2024-07-20
Downshifting US Inflation Will Help Reassure the Fed,2024-07-21
"A Few Years From Now, You'll Wish You'd Bought This Undervalued High-Yield Stock",2024-07-21
Should You Buy VinFast Auto Stock While It's Below $5?,2024-07-21
2 Growth Stocks That Could Skyrocket in the Back Half of 2024 and Beyond,2024-07-21
Toast Stock Is Up 45% This Year. Can the Rally Keep Going?,2024-07-21
Where Will ASML Holding Stock Be in 5 Years?,2024-07-21
Is Bank of America Stock a Buy Now After Earnings?,2024-07-21
1 EV Stock to Buy Hand Over Fist and 1 to Avoid,2024-07-21
"As Amazon Prime Day Hits Records, Is Now a Great Opportunity to Buy Amazon Stock?",2024-07-21
‘Black Swan’ investor warns the ‘greatest bubble in human history’ is about to pop and stocks could lose more than half their value,2024-07-21
'The S&P 500 is incredibly dangerous': Why Warren Buffett's favorite valuation indicator is flashing a warning for stocks,2024-07-21
"The housing market is close to a rare buying opportunity as prices are set to drop in pandemic boom towns, analyst says",2024-07-21
Big Tech Stock Slump Amps Up Pressure to Deliver on Earnings,2024-07-21
Watch These Nvidia Price Levels as Stock Continues Retreat From Record High,2024-07-22
Asia stocks skid as China trims rates; Biden bows out,2024-07-22
"MSFT, AMZN, or GOOGL: Which Cloud Computing Player is the Best AI Stock?",2024-07-22
"The housing market is close to a rare buying opportunity with prices set to drop in pandemic boom towns, analyst says",2024-07-22
Billionaire Warren Buffett Has $135 Billion Invested in Just 1 Artificial Intelligence (AI) Stock. Is It Time to Buy?,2024-07-22
"Up 145% So Far This Year, Here's What It Will Take for Nvidia Stock to Drop, and Why I Think It Could Happen Sooner Rather Than Later",2024-07-22
Here’s how Wall Street and business leaders are reacting to Biden’s exit from the presidential race; ‘Father time is undefeated’,2024-07-22
"Stock investors are staring down a bearish trifecta that could spark a 12% market drop by October, strategist says",2024-07-22
Market risk rises as Biden drops out of presidential race,2024-07-22
Health Advocates Target the U.S. Launch of Philip Morris' Heated Tobacco Products. Is the Stock in Trouble?,2024-07-22
Chinese Data Security Stocks Rally After Crowdstrike’s Botched Update,2024-07-22
Oil prices rise as investors look for signs US rate cuts to begin,2024-07-22
Stock market today: Asian shares fall after Wall St ends worst week; Biden withdraw from 2024 race,2024-07-22
Morning Bid: Wall Street in measured mood as Biden bows out,2024-07-22
"Dollar Slips as Biden Quits Race, China Bonds Gain: Markets Wrap",2024-07-22
Asian Stocks Set to Follow Wall Street’s Rebound: Markets Wrap,2024-07-23
Prediction: This Could Be the Best-Performing EV Stock Through 2030,2024-07-23
'Turnaround has begun': Wall Street is bullish on Tesla earnings as it looks toward Robotaxi reveal and full self-driving,2024-07-23
Why Chip Stocks Bounced Higher on Monday,2024-07-23
Why Netflix Stock Topped the Market Today,2024-07-23
Why Nike Stock Jumped Today,2024-07-23
Morning Bid: Stocks rebound with Biden out and election plays scrambled,2024-07-23
Stock market today: US stocks rise as traders try to come back after worst week since April,2024-07-23
Toy Maker Mattel's Stock Soars on Reported L Catterton Buyout Offer,2024-07-23
Dip Buyers Wade Back In to Drive Wall Street Gains: Markets Wrap,2024-07-23
"S&P 500 Gains and Losses Today: Tesla, Nvidia, Tech Stocks Bounce Back to Start Week",2024-07-23
"We Need Robotaxis, And We Need Them Now: Tesla's Stock Price Plummet Proves It",2024-07-23
Kakao Billionaire Faces Arrest in Market Manipulation Case,2024-07-23
"Crown Holdings (NYSE:CCK) Reports Sales Below Analyst Estimates In Q2 Earnings, But Stock Soars 5.9%",2024-07-23
"Stock market news today: Tech roars back as S&P 500, Nasdaq surge ahead of earnings",2024-07-23
"Flailing Stock Market to Get a Lifeline From Earnings, Survey Shows",2024-07-23
Q1 Earnings Highs And Lows: Yext (NYSE:YEXT) Vs The Rest Of The Sales And Marketing Software Stocks,2024-07-23
Equity Markets Rise Intraday as Investors Await This Week's Major Earnings,2024-07-23
"Exclusive-BOJ to weigh rate hike next week, detail plan to halve bond buying, sources say",2024-07-24
Nasdaq futures slide as first Big Tech results disappoint,2024-07-24
Stocks Slump as Tesla and LVMH Earnings Disappoint: Markets Wrap,2024-07-24
Warren Buffett's Favorite Stock-Split Stock -- and Why He Doesn't Plan on Ever Selling It,2024-07-24
Billionaires Are Deciding to Sell Shares of This Well-Known Stock,2024-07-24
Is It Too Late to Buy Cava Stock?,2024-07-24
2 Reasons to Buy Zoom Video Communications Stock (and 1 Big Reason to Sell),2024-07-24
3 Top Tech Stocks to Buy Right Now,2024-07-24
3 No-Brainer Stocks to Buy With $20 Right Now,2024-07-24
3 Things to Know About Altria Stock Before You Buy,2024-07-24
This High-Yielding Dividend Stock Sees AI Supercharging Its Growth Prospects,2024-07-24
The Stock Market Crashed After the Dot-Com Bubble. Will Artificial Intelligence (AI) Stocks Cause a Similar Market Crash?,2024-07-24
These Are the 3 Fastest-Growing Stock-Split Stocks on the Planet,2024-07-24
"Tesla stock slides after company reports mixed Q2 results, says 'affordable' EVs on track for 2025 debut",2024-07-24
"Stock market news today: US stocks slip as mixed results from Alphabet, Tesla kick off Big Tech earnings",2024-07-24
"Housing supply 'elevated' in one market, Pulte CEO says",2024-07-24
"Spotify stock jumps after reporting record profit, strong guidance amid turnaround plan",2024-07-24
"Biden is out, but it’s still the inflation election",2024-07-24
Yahoo Finance Chartbook: 32 charts tell the story of markets and the economy midway through 2024,2024-07-25
"Stocks in Asia Slip, Tracking US Tech-Led Declines: Markets Wrap",2024-07-25
Ford stock tumbles following profit miss; no improvement to full-year guidance,2024-07-25
"Orion (NYSE:ORN) Reports Sales Below Analyst Estimates In Q2 Earnings, Stock Drops",2024-07-25
"ServiceNow's (NYSE:NOW) Q2 Earnings Results: Revenue In Line With Expectations, Stock Soars",2024-07-25
"Tesla stock slides after mixed Q2 results, says 'affordable' EVs on track for 2025 debut",2024-07-25
"Lamb Weston (NYSE:LW) Reports Sales Below Analyst Estimates In Q2 Earnings, Stock Drops 15.4%",2024-07-25
"Bitcoin Holds Up as Tech Stocks Plunge, Ether Sinks a Day After ETF Launch",2024-07-25
"Tesla, Alphabet Sell-Offs Drag Nasdaq, S&P 500 Lower",2024-07-25
"Tesla, Alphabet Sell-Off Weighs on Nasdaq Intraday",2024-07-25
"4 bullish signals are pointing to more stock gains ahead, according to Bank of America",2024-07-25
Taiwan Semiconductor Stock (NYSE:TSM): Best Growth In Six Quarters Fuels Bull Case,2024-07-25
Knight-Swift seeing signs of market stabilization,2024-07-25
Covenant Logistics sees 4.7% rise in Q2 earnings amid ‘weak’ freight market,2024-07-25
Analysts reboot Seagate Technology stock price targets after earnings,2024-07-25
Analysts adjust Apple stock price target ahead of earnings,2024-07-25
Is Tesla Stock Going to $300? 1 Wall Street Analyst Thinks So.,2024-07-25
Funds Turn to Korea for AI Stock Exposure as TSMC Gets Crowded,2024-07-25
Why Lucid Stock Sank Today,2024-07-25
Why McDonald's Stock Flatlined on Wednesday,2024-07-25
"Ram, Jeep-maker Stellantis stock sinks on disappointing results, following those of Big 3 rivals GM, Ford",2024-07-26
Ford stock tumbles following profit miss; drags down auto sector,2024-07-26
Analysts adjust Walmart stock price target after management meeting,2024-07-26
SOUN vs. AI: Which AI Stock Is the Better Buy?,2024-07-26
"Why the market's smallest stocks will surge 15% in August, according to Fundstrat's Tom Lee",2024-07-26
Cathie Wood flip-flops on rollercoaster Tesla stock,2024-07-26
Why Weight Loss Drug Developer Stocks Tumbled on Thursday,2024-07-26
Nvidia Fell Again Today -- Time to Buy the Artificial Intelligence (AI) Leader's Stock?,2024-07-26
Why Southwest Stock Soared More Than 5% Higher Today,2024-07-26
Why SoundHound AI Stock Surged Today,2024-07-26
Stocks Caught in Tug of War Between Tech and Rest: Markets Wrap,2024-07-26
Stock market today: Stocks waffle after sell-off as traders mull tech weakness and GDP data,2024-07-26
Morning Bid: Stocks not out of the woods after trying to recover,2024-07-26
"Stocks Dip on Rotation Trade, Yen Resumes Rally: Markets Wrap",2024-07-26
Real Estate Market Is Broken for Everyone Except the Ultra Rich,2024-07-26
"Corporate Earnings, GDP Data Leave Equity Markets Mixed",2024-07-26
"Equities Rise Intraday as Markets Assess Earnings, GDP Report",2024-07-26
US Economy Grows More Than Forecast in Second Quarter; Inflation Cools,2024-07-26
How Trump's re-election and market dynamics could boost bitcoin,2024-07-26
"Ryder, reporting sluggish earnings growth, sees ‘trough’ in freight market",2024-07-27
"Charter's (NASDAQ:CHTR) Q2 Earnings Results: Revenue In Line With Expectations, Stock Jumps 11.1%",2024-07-27
"Carter's (NYSE:CRI) Reports Sales Below Analyst Estimates In Q2 Earnings, Stock Drops",2024-07-27
"Spooked U.S. stock market faces tech earnings minefield, Fed meeting",2024-07-27
Unpacking Q2 Earnings: Worthington (NYSE:WOR) In The Context Of Other Industrial Machinery Stocks,2024-07-27
Unpacking Q1 Earnings: Workiva (NYSE:WK) In The Context Of Other Finance and HR Software Stocks,2024-07-27
Unpacking Q1 Earnings: LiveRamp (NYSE:RAMP) In The Context Of Other Advertising Software Stocks,2024-07-27
Reflecting On Personal Care Stocks’ Q1 Earnings: Nu Skin (NYSE:NUS),2024-07-27
Why Sierra Bancorp Stock Zoomed 12% Higher This Week,2024-07-27
Stock market today: Indexes rebound as inflation data reinforces Fed rate-cut bets,2024-07-27
Crock-Pot Parent Newell's Stock Leaps Back Into the Green,2024-07-27
Where Will Archer Aviation Stock Be in 5 Years?,2024-07-27
S&P 500 Gains and Losses Today: 3M Stock Skyrockets After Beat-and-Raise Report,2024-07-27
Stocks Climb as Fed Bets Rekindle Broadening Trade: Markets Wrap,2024-07-27
Intel Stock (NASDAQ:INTC): Now Phenomenally Cheap with a 0.6x PEG Ratio,2024-07-27
Emerging-Market Assets Drop for Second Week as Traders Shun Risk,2024-07-27
Big Tech Trade Shudders Just as Stock Pickers Make a Comeback,2024-07-27
"Equity Markets Rise as Traders Parse Earnings, Macro Data",2024-07-27
Nasdaq says top shareholder Thoma Bravo to sell shares worth $2.8 billion,2024-07-27
Yellen: Emerging markets share concerns on China's excess factory capacity,2024-07-27
Fed Is About to Nod at a Rate Cut as Job Growth Moderates,2024-07-28
'Get on with it': Why the Fed's first rate cut wouldn't be that big of a deal,2024-07-28
Why the tech stock selloff isn't over yet: Wall Street strategists,2024-07-28
Big Tech Earnings Arrive With Nasdaq 100 on Brink of Correction,2024-07-28
Here's what top leaders are telling us about the state of the world and stocks,2024-07-28
"Big Tech earnings, a Fed meeting, and the July jobs report: What to know this week",2024-07-28
Why Wall Street is unfazed by Medicare drug pricing threat,2024-07-28
7 charts that make the case for a Fed rate cut in September,2024-07-28
Calm inflation reading keeps the door open at Fed for September rate cut,2024-07-28
Why stocks could be nearing a 10% correction,2024-07-28
Stock market news today: Dow jumps over 650 points as stock surge caps volatile week on Wall Street,2024-07-28
"DexCom Stock Plunges Following Guidance Cut; Results 'Disappointing,' Oppenheimer Says",2024-07-28
"Equity Markets Rise Intraday After Earnings, Macro Data",2024-07-28
July Consumer Sentiment Falls; Year-Ahead Inflation Expectations Edge Lower,2024-07-28
Premier Financial to Merge With WesBanco in All-Stock Deal,2024-07-28
Is Intuitive Surgical Stock a Buy?,2024-07-28
Missed Out on Nvidia's Run-Up? My Best AI Stock to Buy and Hold.,2024-07-28
3 Things to Know About American Express Before You Buy the Stock,2024-07-28
Prediction: 2 Artificial Intelligence (AI) Stocks That Could Be Worth More Than Apple 5 Years From Now,2024-07-29
Will Nvidia Stock Crash? 2 Reasons to Sell (and 1 to Buy),2024-07-29
"Love, Tagovailoa Surpass NFL Legends’ Pay as QB Market Inflates",2024-07-29
How This Week's Big Tech Earnings Could Affect the Broader Market,2024-07-29
Could This Undervalued Stock Make You a Millionaire One Day?,2024-07-29
Tesla and BYD Are Dominating the Global Electric Vehicle Market,2024-07-29
"Asian Stocks Eye Early Gains Into BOJ, Fed Week: Markets Wrap",2024-07-29
Traders Fret as 32-Hour Central Banking Spree Hangs Over Markets,2024-07-29
Is it a buyer's market or seller's market? How to tell the difference.,2024-07-29
Asian Shares Eye Declines Ahead of Rate Decisions: Markets Wrap,2024-07-30
Where Will Starbucks Stock Be in 5 Years?,2024-07-30
Fund Flows Reflect Tech-Stock Domination—Before Investors Rotated,2024-07-30
Why CommScope Stock Blasted 21% Higher on Monday,2024-07-30
Opinion: This Is the Most Overlooked Artificial Intelligence (AI) Stock to Buy Right Now,2024-07-30
"Stocks are approaching a 'watershed' moment as rate cuts unlock opportunity in unloved areas of the market, Wharton professor Jeremy Siegel says",2024-07-30
Why Iovance Biotherapeutics Stock Stumbled Today,2024-07-30
Why ON Semiconductor Stock Surged Monday,2024-07-30
Super Micro Computer Stock (NASDAQ:SMCI): Very Undervalued with a 0.62x PEG Ratio,2024-07-30
The Job Market Is Getting Tougher—Especially For Recent College Grads,2024-07-30
Will MongoDB Be a Trillion-Dollar Stock by 2050?,2024-07-30
"Costco Stock: Buy, Sell, or Hold?",2024-07-30
Microsoft to report fiscal Q4 earnings as Wall Street eyes AI revenue and spending,2024-07-30
"Sanmina (NASDAQ:SANM) Reports Sales Below Analyst Estimates In Q2 Earnings, Stock Drops",2024-07-30
Lamborghini bucks softness in luxury market with record first-half results,2024-07-30
European Stocks Dip as Weak Earnings Weigh Ahead of Fed Meeting,2024-07-30
How do banks set their savings account interest rates?,2024-07-30
"Equities Close Mixed as Markets Await This Week's Earnings, Fed Decision",2024-07-30
"Japanese Stocks, Bonds Fall Ahead of BOJ Decision: Markets Wrap",2024-07-31
This chart suggests the current bull market rally in stocks will extend into 2025,2024-07-31
"Landstar sees stabilizing trends, still awaiting TL market turn",2024-07-31
$10 billion fund manager cites three favorite stocks,2024-07-31
Werner CEO Leathers says freight market inflection point may be close,2024-07-31
Analysts adjust Palantir stock price target ahead of earnings,2024-07-31
"The market is flashing signs of a dangerous debt bubble with losses that could be 'contagious,' economist says",2024-07-31
Analysts update Southwest Airlines stock price target on revenue plan,2024-07-31
Nvidia Sank Again Today -- Time to Buy the Artificial Intelligence (AI) Growth Stock Hand Over Fist?,2024-07-31
AMD Stock Surges on Record Data Center Revenue,2024-07-31
AMD stock jumps on earnings beat driven by AI chip sales,2024-07-31
Microsoft stock drops over 6% after results fall short in latest AI disappointment,2024-07-31
"U.S. Strategic Bitcoin Reserve to Be Funded Partly by Revaluing Fed's Gold, Draft Bill Shows",2024-07-31
Job openings dip slightly in June amid signs of 'turbulence' in labor market,2024-07-31
"Stock market news today: Nasdaq sinks, Nvidia drops 7% ahead of Big Tech earnings",2024-07-31
Investors are rooting for companies this earnings season: Morning Brief,2024-07-31
"Stock market news today: S&P 500, Nasdaq inch higher to kick off huge week for markets",2024-07-31
Wall Street is still jittery on GLP-1s,2024-07-31
Mortgage rates stay put ahead of Fed policy announcement,2024-07-31
"Asian Stocks Rally on Fed Cut Hopes, Yen Climbs: Markets Wrap",2024-08-01
Here’s What to Watch in Asian Markets After Fed Rate Decision,2024-08-01
Fed On Course for September Rate Cut as Risks to Job Market Grow,2024-08-01
"TMUS, GOOGL, SPOT: Which “Strong Buy” Communications Stock Is the Best Bet?",2024-08-01
'A growth turnaround beginning': Here's what Wall Street expects from Apple's 3rd-quarter earnings,2024-08-01
Why chip stocks are on an absolute tear today,2024-08-01
Analysts reboot AMD stock price target after earnings,2024-08-01
"Morningstar unveils top-tier, bargain stocks to own",2024-08-01
July Turned the Stock Market Upside Down. Will It Stay That Way?,2024-08-01
Why DoubleVerify Holdings Stock Dipped by 2% Today,2024-08-01
Stocks Storm Back on Fed Day as Nvidia Surges 13%: Markets Wrap,2024-08-01
Why Microsoft Stock Wilted on Wednesday,2024-08-01
Veteran Wall Street trader reacts to SoFi second-quarter earnings,2024-08-01
Udemy's (NASDAQ:UDMY) Q2 Earnings Results: Revenue In Line With Expectations But Stock Drops 13.5%,2024-08-01
Equities Rise as Fed Chair Powell Says September Rate Cut 'Could be on The Table',2024-08-01
"Fed Keeps Interest Rate Unchanged, Says Inflation 'Somewhat Elevated'",2024-08-01
Equity Markets Higher Ahead of Fed Decision,2024-08-01
Can 3D printing impact affordable housing stock? HUD thinks so,2024-08-01
Montana’s housing market experiences a summer cooldown,2024-08-01
"European tech stocks fall to six-month low, join in global sell-off",2024-08-02
European Stocks Extend Drop Amid Tech Selloff Before Key US Data,2024-08-02
Stocks Sink as Tech Leads Drop in Run-Up to Jobs: Markets Wrap,2024-08-02
Stocks Sink Before Jobs as Tech Hit on Earnings: Markets Wrap,2024-08-02
"MasTec (NYSE:MTZ) Reports Sales Below Analyst Estimates In Q2 Earnings, But Stock Soars 5.1%",2024-08-02
"Xponential Fitness (NYSE:XPOF) Reports Sales Below Analyst Estimates In Q2 Earnings, Stock Drops 15.3%",2024-08-02
Atlassian's (NASDAQ:TEAM) Q2 Earnings Results: Revenue In Line With Expectations But Stock Drops 11.7%,2024-08-02
"With Its Repositioning Complete, This Nearly 6%-Yielding Dividend Stock Expects to Return to Growth Mode",2024-08-02
McDonald's Sees Some Consumer Push Back. Is It Time to Sell the Stock?,2024-08-02
Is Microsoft Stock a Buy?,2024-08-02
Ark's Cathie Wood is Buying This Top Artificial Intelligence (AI) Stock Hand Over Fist,2024-08-02
CrowdStrike Crashed More than 30% -- 2 Reasons to Buy the Stock and 1 Reason to Sell,2024-08-02
Is It Too Late to Buy Altria Stock?,2024-08-02
Is SentinelOne Stock a Buy After Rival CrowdStrike Caused a Global Tech Outage?,2024-08-02
It Might Finally Be Time to Buy This Game-Changing Stock,2024-08-02
Is RTX Stock a Buy?,2024-08-02
The Only Reason to Own Ford Stock Right Now,2024-08-02
"Equity Markets Decline as Traders Weigh Corporate Earnings, Macro Data",2024-08-02
Amazon.com Second-Quarter Revenue Misses Views; Stock Declines After Hours,2024-08-02
"Equity Markets Lower Ahead of Apple, Amazon Results",2024-08-02
1 Wall Street Analyst Thinks Archer Aviation Stock Is Heading to $6. Is It a Buy?,2024-08-03
Why Rambus Stock Nose-Dived This Week,2024-08-03
Why Archer Aviation Stock Plummeted This Week,2024-08-03
Why Japanese stocks just had their worst day in 4 years,2024-08-03
Why Zim Integrated Shipping Stock Cruised Nearly 12% Higher This Week,2024-08-03
Wall Street seems to love Apple's latest guidance on the new iPhone and Chinese demand,2024-08-03
Labor Market Sends Up a Red Flag as Unemployment Rate Rises,2024-08-03
CrowdStrike Stock (NASDAQ:CRWD): Recent Outage Won’t Derail Long-Term Growth,2024-08-03
What’s behind the stock market’s brutal 2-day crash?,2024-08-03
"Why investors should buy the ongoing dip in stocks, Fundstrat says",2024-08-03
Stock market today: US indexes extend plunge after surprise unemployment spike and jobs miss,2024-08-03
Apple stock finishes flat following Q3 earnings despite a decline in iPhone sales,2024-08-03
Intel stock plummets most in 40 years amid massive restructuring,2024-08-03
"Coinbase's 'Solid' Earnings May Get Derailed by Low Volume, Fed Headwinds, Analysts Say",2024-08-03
Q1 Earnings Outperformers: Shoe Carnival (NASDAQ:SCVL) And The Rest Of The Footwear Retailer Stocks,2024-08-03
Data Analytics Stocks Q1 Earnings: Samsara (NYSE:IOT) Best of the Bunch,2024-08-03
Q1 Earnings Outperformers: fuboTV (NYSE:FUBO) And The Rest Of The Media Stocks,2024-08-03
Fed's Barkin tells PBS program he won't prejudge what to do at next meeting,2024-08-03
Barkin Says Economy Healthy With Key Questions Around Job Market,2024-08-03
S&P 500 Has Its Worst Jobs Day Since October 2022: Markets Wrap,2024-08-03
Intel Suffers Worst Stock Decline in Decades After Grim Forecast,2024-08-04
Nasdaq Enters Correction Territory as Jobs Report Fuels Recession Fears,2024-08-04
"Equities Slump Intraday as Intel, Amazon Plunge, Markets Assess Jobs Data",2024-08-04
"July Nonfarm Payrolls Miss Views, Unemployment Rate Rises",2024-08-04
"US Stocks Decline Ahead of Friday's Open Amid Global Sell-Off; Asia, Europe Also Fall",2024-08-04
Analyst reboots Rivian Automotive stock price target on revised growth plans,2024-08-04
"ChargePoint Pivots for Profitability, But Is It a Stock to Buy?",2024-08-04
Can This Hot Semiconductor Stock Keep Outperforming Nvidia?,2024-08-04
Berkshire Hathaway Added 26 Million Shares of This Stock in the Past 3 Quarters: Here's Why It's a Smart Buy Today,2024-08-04
Big Changes Are Coming for Block. Should You Buy the Stock Before the Shake-Up?,2024-08-04
"1 Unstoppable Stock That Could Join Apple, Microsoft, Nvidia, Alphabet, Amazon, and Meta in the $1 Trillion Club",2024-08-04
"1 Magnificent S&P 500 Dividend Stock Up 1,150% Since 2011 to Buy and Hold Forever",2024-08-04
Better Stock-Split Buy: Broadcom vs. Chipotle,2024-08-04
2 Beaten-Down Artificial Intelligence (AI) Stocks to Buy Hand Over Fist,2024-08-04
Warren Buffet's Berkshire Hathaway sells half its Apple stock,2024-08-04
The Fed's long-awaited rate cuts will open up the job market — but it could take a while,2024-08-04
"Dollar Path Splits Goldman, Fidelity Over Emerging-Market Bonds",2024-08-05
"Japan’s Topix, Nikkei Stock Gauges Tumble 20% From July Peaks",2024-08-05
Oil hovers at 8-month lows as U.S. recession fears offset Mideast tensions,2024-08-05
Treasuries Surge as Traders Bet Big on a Fed Rescue Mode,2024-08-05
"Japanese Stocks Tumble, Leading Equities Selloff: Markets Wrap",2024-08-05
Analysts adjust Meta stock price target after earnings,2024-08-05
Veteran fund manager who correctly said stocks would fall updates outlook,2024-08-05
Asian Stocks Eye Losses as US Economy Fears Deepen: Markets Wrap,2024-08-05
"Stocks slugged by US recession risk, bonds bet on rapid rate cuts",2024-08-05
3 Reasons AT&T Stock Can Soar Higher This Year,2024-08-05
"Despite the stock crash, the AI-fueled bubble will soon regain momentum, economist says",2024-08-05
2 Artificial Intelligence Stocks I'm Buying On the Dip,2024-08-05
51 Annual Dividend Increases! Put This Stock on Your Wish List Now.,2024-08-05
Is Nvidia Stock a Buy Now?,2024-08-05
Soft Earnings Season Risks Deeper Losses for Australian Stocks,2024-08-06
"Offerpad (NYSE:OPAD) Reports Sales Below Analyst Estimates In Q2 Earnings, Stock Drops",2024-08-06
"Medifast (NYSE:MED) Reports Sales Below Analyst Estimates In Q2 Earnings, Stock Drops",2024-08-06
Japan’s Stocks Rally More Than 9% After Plunge Into Bear Market,2024-08-06
"Stocks Rebound From Global Slump, Treasuries Fall: Markets Wrap",2024-08-06
RBA Pushes Back Against Near-Term Rate Cut on Inflation Risk,2024-08-06
Dollar’s Slide Gives Asian Central Banks Space for Rate Cuts,2024-08-06
Australia's RBA rules out rate cuts in near-term,2024-08-06
The stock market plunged amid recession fears: Here's what it means for your 401(k),2024-08-06
BOJ Under Fire for Rate-Hike Timing After Market Meltdown,2024-08-06
Berkshire Hathaway Stock (NYSE:BRK.B): Don’t Panic Following Halving of Apple Stake,2024-08-06
Emerging-Market Stocks Rebound in Asia From $1.2 Trillion Slump,2024-08-06
Japanese stocks open higher as wider markets bounce from brutal sell-off,2024-08-06
UK's Domino's Pizza expects profit at lower end of market view,2024-08-06
US Stock Futures Bounce Back After Three-Day Global Selloff,2024-08-06
"China, Defensive Sectors Win Favor as Asian Stocks Stage Rebound",2024-08-06
Nvidia Stock (NASDAQ:NVDA): Options Traders Are Taking the Contrarian Bet,2024-08-06
"Solana Hits Lowest Price Since February, Memecoins Plummets Amid Market Turmoil",2024-08-06
"Sonova launches hearing aid with real-time AI, first in market",2024-08-06
Why Crypto Mining Stocks Tumbled Today,2024-08-06
"New Zealand Unemployment Rises Less Than Expected, Kiwi Gains",2024-08-07
Nomura’s Willcox Says BOJ’s Rate Hike Has Been Vindicated,2024-08-07
"BlackRock, Nasdaq seek rule change to list options on spot ethereum ETFs",2024-08-07
Asian Stocks to Resume Drop in Rollercoaster Trade: Markets Wrap,2024-08-07
Massive Losses Set Stage for Big Rebound in Japan’s Bank Stocks,2024-08-07
Palantir Shares Soared Today. Is It Time to Buy the Red-Hot Artificial Intelligence (AI) Stock?,2024-08-07
Is Scorpio Tankers Stock (NYSE:STNG) Undervalued after Another Earnings Beat?,2024-08-07
"The S&P 500 falling 5% has historically been a good buy-the-dip opportunity, Goldman says",2024-08-07
"Super Micro Computer Misses Earnings Estimates, Announces 10-for-1 Stock Split",2024-08-07
Why Intel Stock Slumped on Tuesday,2024-08-07
Why CrowdStrike Stock Finished Higher Today,2024-08-07
Cathie Wood buys $28 million of battered tech stock,2024-08-07
Bridgewater says sell-off in Japan's stocks is overdone,2024-08-07
Spot Ethereum ETFs Receive Inflows Despite Market Plunge,2024-08-07
Why Investors Were Excited About Walt Disney Stock Today,2024-08-07
JPMorgan says the carry trade that pummeled markets is only half done,2024-08-07
MoneyLion stock slides despite positive second-quarter earnings,2024-08-07
"Stem (NYSE:STEM) Reports Sales Below Analyst Estimates In Q2 Earnings, Stock Drops 25.8%",2024-08-07
"Global Business Travel (NYSE:GBTG) Reports Sales Below Analyst Estimates In Q2 Earnings, Stock Drops",2024-08-07
Olaplex's (NASDAQ:OLPX) Q2 Earnings Results: Revenue In Line With Expectations But Stock Drops 18.3%,2024-08-07
"Blink Charging (NASDAQ:BLNK) Reports Sales Below Analyst Estimates In Q2 Earnings, Stock Drops",2024-08-08
"Manitowoc (NYSE:MTW) Reports Sales Below Analyst Estimates In Q2 Earnings, Stock Drops 14.9%",2024-08-08
"Allient (NASDAQ:ALNT) Reports Sales Below Analyst Estimates In Q2 Earnings, Stock Drops",2024-08-08
"Monster (NASDAQ:MNST) Reports Sales Below Analyst Estimates In Q2 Earnings, Stock Drops",2024-08-08
"European Futures Slip Before US Data, Dollar Falls: Markets Wrap",2024-08-08
"Fed easing bets, carry trade unwind turn analysts bullish on Asian currencies: Reuters poll",2024-08-08
"Siemens quarterly profit beats market view on electrification, software",2024-08-08
Here's Why Dell Stock Dropped 20% Last Month,2024-08-08
Here's Why Eli Lilly Stock Dropped 12% Last Month,2024-08-08
Analysis-Slumping US tech stocks tempt some buyers to brave rocky market,2024-08-08
Kakao Founder Charged With Stock Manipulation in Landmark Case,2024-08-08
Stock market today: Indexes close lower as comeback rally loses momentum,2024-08-08
Japanese Stocks Fluctuate as Yen Pares Advance Against Dollar,2024-08-08
Microsoft Stock (NASDAQ:MSFT): Q4 Earnings Reinforce Its Long-Term Potential,2024-08-08
Author Morgan Housel on Stock Market History and Wild Minds,2024-08-08
Robinhood Markets (HOOD) Q2 2024 Earnings Call Transcript,2024-08-08
"Asia stocks wobble as tech drags, yen gains in volatile trade",2024-08-08
Asian shares are mixed after Wall Street decline led by falling tech stocks,2024-08-08
Stocks Swoon After Weak $42 Billion Treasury Sale: Markets Wrap,2024-08-08
"Robinhood results beat estimates on meme-stock, crypto-trading boom",2024-08-08
Stocks Rebound as Jobs Data Calms Market Jitters: Markets Wrap,2024-08-09
AI Stock Rout Has Investors in Asia Mapping Out Next Catalyst,2024-08-09
'Unbelievable demand' for weight-loss drugs sends Eli Lilly stock soaring 14% after earnings,2024-08-09
Nvidia stock analyst flags worrisome trend,2024-08-09
Stock Meltdown Turns EM Asia’s Spotlight on China and Malaysia,2024-08-09
Why TKO Group Holdings Stock Crushed the Market Today,2024-08-09
Opening price for a stock: What it is and how it’s set,2024-08-09
Wall Street Bonuses Could Be Set To Grow This Year as Deals Rebound,2024-08-09
Why SoundHound AI Stock Rocketed 20% Higher on Thursday,2024-08-09
Stock market today: Indexes climb as drop in jobless claims boosts investors' confidence,2024-08-09
Penny Stock Citius Pharmaceuticals Secures Its First FDA Approval For Skin Cancer Drug A Year After FDA Rejection,2024-08-09
Stock market soars after brighter jobless claims report,2024-08-09
Bloom Energy Stock Sank This Week Heading Into Its Latest Earnings Report; Then Bounced,2024-08-09
"PubMatic (NASDAQ:PUBM) Reports Sales Below Analyst Estimates In Q2 Earnings, Stock Drops 24%",2024-08-09
"BeautyHealth (NASDAQ:SKIN) Reports Sales Below Analyst Estimates In Q2 Earnings, Stock Drops 22.5%",2024-08-09
"News Corp earnings beat as Dow Jones, real estate listing units drive growth",2024-08-09
Volatility hobbles options market bets on earnings-fueled US stocks swings,2024-08-09
Tough Summer for US Stocks Overshadows Estimate-Beating Earnings,2024-08-09
"Eli Lilly stock jumps on GLP-1 sales, end of manufacturing shortage",2024-08-09
The Recession Fears Looming Over VC’s Booming July,2024-08-09
Stock market today: Stocks end higher as investors claw back most losses after big rout,2024-08-10
The stock-market whiplash this week shows why you shouldn't worry too much about your 401(k),2024-08-10
"Mizuho bumps up Nvidia stock forecast, says earnings this month will be the next big AI catalyst",2024-08-10
Nasdaq is proposing a crackdown on penny stocks to make it harder to escape delisting,2024-08-10
Analysts offer recession predictions after market scare,2024-08-10
"The stock market will signal a hard landing is coming for the economy if it falls below this key level, Bank of America says",2024-08-10
Why Nu Skin Enterprises Stock Flopped on Friday,2024-08-10
Why American Axle & Manufacturing Stock Rocketed Nearly 5% Higher Today,2024-08-10
Why Aspen Aerogels Stock Was Soaring This Week,2024-08-10
Why Backblaze Stock Skyrocketed Today,2024-08-10
Stock market today: US stocks edge lower after best day of the year as volatile week wraps up,2024-08-10
Nasdaq short interest down 2% in late July,2024-08-10
Q2 Earnings Outperformers: Vicor (NASDAQ:VICR) And The Rest Of The Electronic Components Stocks,2024-08-10
A Look Back at Apparel Retailer Stocks' Q1 Earnings: Gap (NYSE:GPS) Vs The Rest Of The Pack,2024-08-10
A Look Back at Vehicle Parts Distributors Stocks' Q2 Earnings: GATX (NYSE:GATX) Vs The Rest Of The Pack,2024-08-10
Q1 Earnings Review: Sports & Outdoor Equipment Retailer Stocks Led by Dick's (NYSE:DKS),2024-08-10
Reflecting On Discount Retailer Stocks’ Q1 Earnings: Burlington (NYSE:BURL),2024-08-10
Commercial Building Products Stocks Q2 Earnings Review: Apogee (NASDAQ:APOG) Shines,2024-08-10
Bitcoin bounces back after market jitters: Arthur Hayes forecasts $1 million,2024-08-10
What Drove a Wild Week in Crypto Markets,2024-08-10
Traders Bet on Wild Swings With CPI Print Set to Test the Market,2024-08-11
Wall Street strategists warn market volatility is not over yet,2024-08-11
Recession? Really? Come on...: Morning Brief,2024-08-11
Whipsaw week for stocks leaves markets 'on edge' ahead of busy economic data week,2024-08-11
Small US Inflation Pickup Won’t Derail a Fed Rate Cut in September,2024-08-11
"Down 57%, Is Disney a No-Brainer Stock to Buy Now on the Dip?",2024-08-11
"Shopify Stock: Buy, Hold or Sell?",2024-08-11
1 Top Growth Stock Down 58% to Buy Before It Is Too Late,2024-08-11
A Blood Test Could Detect Early Alzheimer's. That Could Make These 2 Stocks Red-Hot Buys.,2024-08-11
My 2 Favorite Stocks to Buy Right Now,2024-08-11
Prediction: These Could Be the Best-Performing Fintech Stocks Through 2030,2024-08-11
3 Beaten-Down Stocks Trading Below Book Value. Are They Deals or Value Traps?,2024-08-11
Analysts revise Trade Desk stock price target after earnings,2024-08-11
Should You Buy Alphabet Stock Following Its Antitrust Defeat? 3 Tech Watchers Weigh In.,2024-08-11
What To Expect in the Markets This Week,2024-08-11
Stocks Climb Ahead of Busy Week for Economic Data: Markets Wrap,2024-08-12
"Asian shares are mixed, with Tokyo closed, as more tests for markets loom",2024-08-12
Adani Stocks Drop as Hindenburg Row With India Regulator Worsens,2024-08-12
Morning Bid: Markets shift to holiday mood,2024-08-12
Macau Casino Stocks Slump on Renewed Money-Exchange Crackdown,2024-08-12
Traders Wary of Going Back to All-In on Stocks Weigh Up Options,2024-08-12
"Yen slips, markets brace for US inflation data",2024-08-12
China's bond market rattled as central bank squares off with bond bulls,2024-08-12
"Down 79%, This Growth Stock Could Double in the Housing Rebound",2024-08-12
Expedia stock price targets get reset by analysts after CEO sounds alarm,2024-08-12
Prediction: 1 Top Artificial Intelligence (AI) Semiconductor Stock That Could Be Worth $1 Trillion,2024-08-12
Carry-Trade Blowup Haunts Markets Rattled by Rapid-Fire Unwind,2024-08-12
Market Sell-Off: Is It Time to Buy the Dip on This Phenomenal Streaming Stock?,2024-08-12
Bitcoin Signals Potential Bottom as Market Indicators Turn Bullish,2024-08-12
Crypto Startups Raised More VC Money in Midst of Market Slowdown,2024-08-12
Asian Stocks Recoup Losses From Last Week’s Rout: Markets Wrap,2024-08-13
Oil prices ease as markets refocus on demand worries,2024-08-13
China Goes to New Extremes in Crackdown on Bond-Market Frenzy,2024-08-13
Dollar tenses for data verdict on rate cut risks,2024-08-13
Japan’s Producer Inflation Quickens for Sixth Straight Month,2024-08-13
Investors Love AppLovin After Strong Growth. Is It Too Late to Buy the Stock?,2024-08-13
Morgan Stanley just added these 3 safe stocks to their 'buy' list with the market expected to stay choppy,2024-08-13
"Abbott Laboratories Stock Could Soar to $143, According to a Wall Street Analyst. Is It a Buy Around $108?",2024-08-13
Dutch Bros Stock Plunges. Why the Stock Fell and Should Investors Buy the Dip?,2024-08-13
Plug Power's Problems Persist. Should Investors Throw in the Towel on the Stock?,2024-08-13
Prediction: 2 Stocks That Will Be Worth More Than Microsoft 10 Years From Now,2024-08-13
Is It Too Late to Buy Celsius Stock?,2024-08-13
"Citigroup's head of digital assets for markets unit departs, memo says",2024-08-13
"3 reasons why recession alarms are flashing a false positive, market vet says",2024-08-13
Why Walt Disney Stock Slipped on Monday,2024-08-13
Why Meta Platforms Stock (NASDAQ:META) Outperformed Big Tech This Earnings Season,2024-08-13
DJT stock falls after Donald Trump returns to X ahead of Elon Musk interview,2024-08-13
Home Depot expected to see another quarter of soft earnings as potential rate cut comes into view,2024-08-13
Q2 Earnings Recap: Paychex (NASDAQ:PAYX) Tops HR Software Stocks,2024-08-13
Reflecting On Personal Care Stocks’ Q2 Earnings: USANA (NYSE:USNA),2024-08-13
"Shunning home markets, South Korean retailers pile-up on US stocks",2024-08-14
Asian Stocks to Track US Rally in Countdown to CPI: Markets Wrap,2024-08-14
Japan’s Stocks May Rise for Third Day as Chip Shares Advance,2024-08-14
These are the 30 best-performing stocks of all time,2024-08-14
Apple Stock (NASDAQ:AAPL): 5 Bullish Signs and 1 Red Flag,2024-08-14
Analyst revises AbbieVie stock price target on drug sale estimates,2024-08-14
Why Rumble Stock Surged 5% Higher Today,2024-08-14
"E-Commerce Growth Lifted This Tech Giant's Earnings, and Its Stock Jumped 12%",2024-08-14
Nubank Gains Post-Market After Doubling Profit in Quarter,2024-08-14
A Cooling Housing Market Is Pushing Down Inflation. Here's Why That's Important,2024-08-14
"Morning Bid: Markets shake off volatility, but will it last?",2024-08-14
Chipotle stock falls more than 7% after CEO departs for Starbucks,2024-08-14
Stock market today: Indexes climb as producer inflation comes in cool,2024-08-14
Stocks Rally in Countdown to CPI as US Yields Sink: Markets Wrap,2024-08-14
Producer Prices Report Buoys Equities Ahead of Consumer Inflation Data,2024-08-14
China’s bond market is sending a signal policymakers can’t ignore,2024-08-14
Australia's CBA faces market dominance test as lower annual earnings loom,2024-08-14
Home Depot reports another quarter of soft earnings as potential rate cut comes into view,2024-08-14
Q2 Earnings Highlights: Tri Pointe Homes (NYSE:TPH) Vs The Rest Of The Home Builders Stocks,2024-08-14
Q2 Earnings Highlights: Sonos (NASDAQ:SONO) Vs The Rest Of The Toys and Electronics Stocks,2024-08-14
Asian shares trade higher after Wall Street rise and Japan GDP data show growth,2024-08-15
Equities Rally as Economic Data Boost Sentiment: Markets Wrap,2024-08-15
McDonald’s Stock (NYSE:MCD): Comparable Sales Turn Red — Now What?,2024-08-15
"The Fed will only cut rates once this year because the US economy is too strong, market vet says",2024-08-15
Iron Ore Hits Lowest Since 2022 as Steel Crisis Rattles Market,2024-08-15
Margin trading in Japanese stocks sharply shrinks after market rout,2024-08-15
"Asia stocks firm, dollar sags with US yields on Fed cut bets",2024-08-15
Watch These Ulta Price Levels After News of Buffett Stake Sends Stock Soaring,2024-08-15
"Bullish on Starbucks Stock (NASDAQ:SBUX): Star CEO, Growing Dividend, Solid Value",2024-08-15
Temasek Spent Billions on US Tech Stocks Before July Selloff,2024-08-15
Why Intel Stock Sank Again Today,2024-08-15
Analysts retool Home Depot stock price target following earnings,2024-08-15
"Sphere Entertainment’s (NYSE:SPHR) Q2 Earnings Results: Revenue In Line With Expectations, Stock Jumps 12.2%",2024-08-15
Q2 Earnings Outperformers: Mister Car Wash (NYSE:MCW) And The Rest Of The Specialized Consumer Services Stocks,2024-08-15
Q2 Earnings Outperformers: CBRE (NYSE:CBRE) And The Rest Of The Real Estate Services Stocks,2024-08-15
Q2 Earnings Recap: Casella Waste Systems (NASDAQ:CWST) Tops Waste Management Stocks,2024-08-15
Reflecting On Commercial Building Products Stocks’ Q2 Earnings: AZZ (NYSE:AZZ),2024-08-15
Oil prices rise on hopes of US rate cuts boosting fuel demand,2024-08-15
Stocks Rise as CPI ‘Checks The Box’ for Fed Cuts: Markets Wrap,2024-08-15
Stock market today: Dow soars 555 points as strong economic data calms recession worries,2024-08-16
Walmart stock surges to all-time highs as sales jump even as other companies see consumers turn cautious,2024-08-16
Watch These Walmart Price Levels After Stock Surges to Record High,2024-08-16
Japanese stocks head for best week in 4 years as fading growth fears lift markets,2024-08-16
"Stocks will embark on a run of gains unseen in 30 years after the Fed cuts rates, Wells Fargo strategy chief says",2024-08-16
Alibaba’s Long-Awaited China Stock Link May Provide Timely Boost,2024-08-16
Why Medical Properties Trust Stock Crushed the Market Today,2024-08-16
FICO Stock Slips After Filings Show Top Execs Sold Shares,2024-08-16
Stock market today: Indexes rise after retail sales boosts confidence on the consumer and the economy,2024-08-16
Wild and ‘Worrying’ Stock Rally Mints Billionaire in Brazil,2024-08-16
S&P 500 Gains and Losses Today: Ulta Beauty Surges as Berkshire Divulges Stake,2024-08-16
Asian Stocks Head for Best Week in Over a Year: Markets Wrap,2024-08-16
Japan stocks lift Asian market higher after US retail data boost Wall Street,2024-08-16
Carry Trade That Blew Up Markets Is Attracting Hedge Funds Again,2024-08-16
Foreigners Dumped Japan’s Stocks Then Piled In Like Never Before,2024-08-16
Q2 Earnings Highs And Lows: Resideo (NYSE:REZI) Vs The Rest Of The Building Materials Stocks,2024-08-16
Reflecting On Beverages and Alcohol Stocks’ Q2 Earnings: Keurig Dr Pepper (NASDAQ:KDP),2024-08-16
Unpacking Q2 Earnings: Fiverr (NYSE:FVRR) In The Context Of Other Gig Economy Stocks,2024-08-16
Reflecting On Defense Contractors Stocks’ Q2 Earnings: CACI (NYSE:CACI),2024-08-16
Q2 Earnings Highlights: AMETEK (NYSE:AME) Vs The Rest Of The Internet of Things Stocks,2024-08-16
Meta Platforms (NASDAQ:META): The Best Magnificent Seven Stock?,2024-08-17
Why Cargo Therapeutics Stock Rocketed Nearly 20% Higher This Week,2024-08-17
Why Pfizer Stock Slumped on Friday,2024-08-17
These Stocks in Nvidia's Portfolio Took a Hit in the Second Quarter,2024-08-17
"Anthony Scaramucci Says Kamala Harris' Poll Numbers Are Driving Market Higher, Predicts 'Rough 81 Days' Ahead For Trump",2024-08-17
Why JD.com Stock Blasted Nearly 9% Higher on Friday,2024-08-17
Stock market today: Indexes edge lower as traders hit pause on data-fueled rally,2024-08-17
Is Hims & Hers Health the Best Growth Stock for You?,2024-08-17
This Top Growth Stock Has Just Announced a 10-for-1 Stock Split: Here's Why You Should Be Buying It Hand Over Fist Right Now,2024-08-17
S&P 500 Gains and Losses Today: Amcor Slides After Packaging Firm's Sales Miss,2024-08-17
Uber Stock Is Up a Phenomenal 121% in 2 Years: But Is Now the Time to Buy?,2024-08-17
Q2 Earnings Highs And Lows: TransDigm (NYSE:TDG) Vs The Rest Of The Aerospace Stocks,2024-08-17
A Look Back at Professional Tools and Equipment Stocks’ Q2 Earnings: Middleby (NASDAQ:MIDD) Vs The Rest Of The Pack,2024-08-17
Reflecting On Discount Retailer Stocks’ Q1 Earnings: Ross Stores (NASDAQ:ROST),2024-08-17
Unpacking Q3 Earnings: Children's Place (NASDAQ:PLCE) In The Context Of Other Apparel Retailer Stocks,2024-08-17
Q2 Earnings Outperformers: Genco (NYSE:GNK) And The Rest Of The Marine Transportation Stocks,2024-08-17
Q2 Earnings Highlights: FTAI Aviation (NASDAQ:FTAI) Vs The Rest Of The Vehicle Parts Distributors Stocks,2024-08-17
Q2 Earnings Review: Electronic Components Stocks Led by Bel Fuse (NASDAQ:BELFA),2024-08-17
Asia’s Utility Stocks Have Never Had It So Good in Two Decades,2024-08-17
Tech Rally Propels Emerging Stocks to Best Week in Four Months,2024-08-17
Fed Chair Powell steps into the spotlight at Jackson Hole,2024-08-18
The Relentless Rise of PIK Hints at Trouble to Come for Private Markets,2024-08-18
Refrigerated truckload market grows more vulnerable as fall harvest nears,2024-08-18
"1 Stock I Wouldn't Touch With a 10-Foot Pole, Even After the Market Sell-Off Dropped Its Price",2024-08-18
Is Mastercard Stock a Buy?,2024-08-18
"3 Growth Stocks Wall Street Might Be Sleeping On, but I'm Not",2024-08-18
Meet the Newest Artificial Intelligence (AI) Stock in Nvidia's Portfolio (Hint: It's Not SoundHound AI),2024-08-18
"Wall Street sees gold nearing $3,000 after soaring more than 20% this year",2024-08-18
"The rise of legal sports gambling is coming at the expense of stock investing, new study shows",2024-08-18
Shake Shack Has Outgrown Chipotle Over the Last 5 Years. This 1 Chart Shows Why Chipotle Is Still Crushing Shake Shack in the Stock Market,2024-08-18
The stock market's dream scenario has been revived,2024-08-18
This 1 Number May Ensure TSMC's Market Dominance,2024-08-18
Why Porsche NA CEO Timo Resch is betting on ‘choice’ to survive the turbulent EV market,2024-08-18
Stock Winners and Losers in Indonesia’s $230 Billion Budget Plan,2024-08-19
4 charts show why Wall Street's most bullish strategist expects the stock market to triple by 2030,2024-08-19
A Once-in-a-Decade Opportunity: 1 Magnificent Dividend Stock Down 40% to Buy and Hold Forever,2024-08-19
UK Property Buyers Return to Market After BOE Interest Rate Cut,2024-08-19
Stock Market Sell-Off: The Best Artificial Intelligence (AI) Growth Stocks to Buy Right Now,2024-08-19
Prediction: These 2 Stocks Will Be Larger Than Nvidia by 2030,2024-08-19
1 Incredibly Cheap Fintech Stock to Buy Now,2024-08-19
Where Will Ford Stock Be in 10 Years?,2024-08-19
"The brutal rout in stocks this month was a 'dress rehearsal' for what's to come, JPMorgan says",2024-08-19
"Aussie earnings season 'positive surprise' so far, but tide could turn, Macquarie says",2024-08-19
Shares in Asia Advance With Jackson Hole in Focus: Markets Wrap,2024-08-19
"Asia shares, gold underpinned by rate cut hopes",2024-08-19
Equity Markets Rise Intraday as Consumer Sentiment Grows,2024-08-19
Q2 Earnings Highlights: United Rentals (NYSE:URI) Vs The Rest Of The Specialty Equipment Distributors Stocks,2024-08-20
A Look Back at Ground Transportation Stocks’ Q2 Earnings: Ryder (NYSE:R) Vs The Rest Of The Pack,2024-08-20
Q1 Earnings Highlights: Hibbett (NASDAQ:HIBB) Vs The Rest Of The Sports & Outdoor Equipment Retailer Stocks,2024-08-20
Reflecting On Online Marketplace Stocks’ Q2 Earnings: Coinbase (NASDAQ:COIN),2024-08-20
Q2 Earnings Outperformers: Boyd Gaming (NYSE:BYD) And The Rest Of The Casino Operator Stocks,2024-08-20
Unpacking Q4 Earnings: Brown-Forman (NYSE:BF.B) In The Context Of Other Beverages and Alcohol Stocks,2024-08-20
A Look Back at Apparel Retailer Stocks’ Q1 Earnings: American Eagle (NYSE:AEO) Vs The Rest Of The Pack,2024-08-20
"Stocks will hit fresh highs in the next 4 weeks — but investors should be careful around this key date, Goldman's trading desk says",2024-08-20
Asian Stocks Echo Wall Street’s Rise on Fed Bets: Markets Wrap,2024-08-20
PepsiCo Stock (NASDAQ:PEP) at 2021 Prices: Is It Undervalued Now?,2024-08-20
Watch These AMD Price Levels as Stock Jumps After AI-Related Acquisition,2024-08-20
How 4 possible presidential election results could impact stocks,2024-08-20
Is Unity Software Stock Going to $24? 1 Wall Street Analyst Thinks So.,2024-08-20
Stock investors in China lose access to key data as exchanges stop reporting sentiment indicator,2024-08-20
Nutrien Stock (NYSE:NTR): “Dirt” Cheap Following 60% Collapse,2024-08-20
The top 10 holdings of the Mormon church's $55 billion stock portfolio include a new AI stock,2024-08-20
Why Intel Stock Gained Today,2024-08-20
Here's How Nvidia Stock Extended Its Recovery Rally on Monday,2024-08-20
Anti-Dumping Probe Could Boost Indian Steelmakers’ Stocks,2024-08-20
Asia shares hit one-month high as investors bet on a dovish Fed,2024-08-20
A Look Back at Broadcasting Stocks’ Q2 Earnings: FOX (NASDAQ:FOXA) Vs The Rest Of The Pack,2024-08-21
Unpacking Q1 Earnings: Sportsman's Warehouse (NASDAQ:SPWH) In The Context Of Other Sports & Outdoor Equipment Retailer Stocks,2024-08-21
A Look Back at Design Software Stocks’ Q2 Earnings: Unity (NYSE:U) Vs The Rest Of The Pack,2024-08-21
A Look Back at Modern Fast Food Stocks’ Q2 Earnings: Sweetgreen (NYSE:SG) Vs The Rest Of The Pack,2024-08-21
Chipotle Stock Drops Following CEO Change. Should Investors Buy Cava Stock Instead?,2024-08-21
Warren Buffett's Berkshire Hathaway Sells Its Snowflake Stock. Don't Follow.,2024-08-21
Sticky Money Stays in Japan While Short-Term Players Dump Stocks,2024-08-21
How Trump vs. Harris is playing out on Wall Street,2024-08-21
Two rate calls on deck as markets consolidate,2024-08-21
Stocks Halt Big Rally Driven by ‘Momentum Guys’: Markets Wrap,2024-08-21
Stock market today: Indexes trade mixed after the S&P 500 hits longest winning streak of the year,2024-08-21
"5 reasons why stocks are still at risk of another sharp sell-off, Deutsche Bank says",2024-08-21
S&P 500 Gains and Losses Today: Palo Alto Networks Surges After Earnings Beat,2024-08-21
These Two Stocks Plunged After Eli Lilly Drug Study Showed Diabetes Promise,2024-08-21
Are money market accounts safe?,2024-08-21
"Oil prices down on swelling US crude stocks, easing Middle East tensions",2024-08-21
Asian Stocks Fall as US Rally Takes a Breather: Markets Wrap,2024-08-21
World’s Top Gambling Stock Spurred by Philippine Online Frenzy,2024-08-21
How the Federal Reserve rate decision affects mortgage rates,2024-08-21
Equity Markets Close Lower Ahead of FOMC Meeting Minutes,2024-08-21
Bank of Korea Holds Rate Steady as Market Eyes October Pivot,2024-08-22
"Shares buoyed, dollar battered as Fed readies rate cuts",2024-08-22
Asian Equities Climb Ahead of Central Bank Events: Markets Wrap,2024-08-22
Analysts reboot Grand Theft Auto maker's stock price target,2024-08-22
A $5 billion scandal is rocking Germany's carbon credit market,2024-08-22
PayPal’s stock soars to 52-week closing high as senior analyst praises new partnership with Adyen,2024-08-22
Trump Media stock is trading near record lows as Kamala Harris reshuffles election odds,2024-08-22
Analyst resets Nvidia stock price target before earnings,2024-08-22
"Investors need to be cautious on stocks because the economy is flashing a warning not seen in nearly a century, billionaire investor Mark Mobius says",2024-08-22
Australian Stocks May Extend Longest Winning Streak Since 2015,2024-08-22
American Express stock analyst flags concerning shift in consumer behavior,2024-08-22
Major Wall Street firm picks stocks to buy when Fed cuts rates,2024-08-22
Oil prices slow sell-off as expectations of Fed rate cut grow,2024-08-22
Stocks Up as September Fed Cut Seen as ‘Done Deal’: Markets Wrap,2024-08-22
How younger consumers are reshaping the luxury market,2024-08-22
"Target, Macy's, JD.com: Top retail stocks making moves today",2024-08-22
"Stock market today: S&P 500, Nasdaq resume climb as Fed minutes signal 'likely' September rate cut",2024-08-22
BlackRock's Rick Rieder: The Fed should slash rates by 50 basis points,2024-08-22
Homebuilders have had the upper hand in the housing market. Lower rates may change that.,2024-08-22
Trading in Asian markets is mixed and muted ahead of a key Fed Chair speech,2024-08-23
"Yen Rises on Hawkish BOJ, Powell’s Speech in Focus: Markets Wrap",2024-08-23
"Singapore July core inflation 2.5% y/y, lowest in more than two years",2024-08-23
"With Fed pivot in hand, Powell may opt for broad-brush approach at Jackson Hole",2024-08-23
"Cava reports juicy earnings as steak launch, sales growth pushes stock to all-time high",2024-08-23
Nvidia stock slips ahead of earnings release as Wall Street reiterates bullish outlook,2024-08-23
"Williams-Sonoma (NYSE:WSM) Reports Sales Below Analyst Estimates In Q2 Earnings, Stock Drops 11.3%",2024-08-23
Q2 Earnings Highlights: News Corp (NASDAQ:NWSA) Vs The Rest Of The Media Stocks,2024-08-23
Q2 Earnings Highs And Lows: Installed Building Products (NYSE:IBP) Vs The Rest Of The Home Builders Stocks,2024-08-23
Analysts revise Zoom stock price target after earnings,2024-08-23
Stock market today: Stocks end lower as markets brace for Powell's Jackson Hole speech,2024-08-23
A small mining firm just saw its stock surge 91% after it discovered the world's 2nd-largest diamond,2024-08-23
Watch These Workday Price Levels As Stock Soars on Strong Earnings,2024-08-23
"A bullish signal in the stock market is pointing to double-digit gains for the S&P 500 next year, research firm says",2024-08-23
Yen firms as BOJ's Ueda flags readiness to hike; markets brace for Powell,2024-08-23
India’s ‘Sweet Spot’ Lures Bond Funds Amid Global Market Turmoil,2024-08-23
"Indonesia, Malaysia Are Outliers as Foreigners Sell Asian Stocks",2024-08-23
‘It’s Just Atrocious’: Jobs Data Snafu Stirs Fury on Wall Street,2024-08-23
Here's how Jerome Powell could surprise markets with his Jackson Hole speech,2024-08-23
Why EHang Holdings Stock Crushed the Market Today,2024-08-23
Stock market today: Dow rises 462 points as stocks rally after Powell says rate cuts are coming,2024-08-24
"US stocks are overvalued because of unrealistic expectations for AI-powered economic growth, Vanguard says",2024-08-24
"Gold is outperforming tech stocks this year, and investors should keep buying, BofA says",2024-08-24
Americans just got the biggest confirmation yet of an interest-rate cut next month — but the job market hangs in the balance,2024-08-24
US stocks test record highs as Powell says 'the time has come for policy to adjust',2024-08-24
Mexico stocks higher at close of trade; S&P/BMV IPC up 0.33%,2024-08-24
Colombia stocks lower at close of trade; COLCAP down 0.30%,2024-08-24
Russia stocks lower at close of trade; MOEX Russia down 2.32%,2024-08-24
Why Opera Stock Surged Again Today,2024-08-24
1 Growth Stock Down 12% to Buy Right Now,2024-08-24
Is IonQ Stock a Buy Now?,2024-08-24
Q2 Earnings Outperformers: Trinity (NYSE:TRN) And The Rest Of The Heavy Transportation Equipment Stocks,2024-08-24
Q2 Earnings Highlights: PTC (NASDAQ:PTC) Vs The Rest Of The Design Software Stocks,2024-08-24
Reflecting On Commercial Building Products Stocks’ Q2 Earnings: Insteel (NYSE:IIIN),2024-08-24
Reflecting On General Industrial Machinery Stocks’ Q2 Earnings: Dover (NYSE:DOV),2024-08-24
Q2 Earnings Highs And Lows: Berry Global Group (NYSE:BERY) Vs The Rest Of The Industrial Packaging Stocks,2024-08-24
A Look Back at Video Conferencing Stocks’ Q2 Earnings: 8x8 (NASDAQ:EGHT) Vs The Rest Of The Pack,2024-08-24
"China regulates bond market based on market principles, state media says",2024-08-24
IMF's Gourinchas says right for US to cut rates though inflation risk not gone,2024-08-24
Fed’s Preferred Price Gauge Is Set to Reinforce Rate Cuts,2024-08-25
4 Takeaways From the Fed’s Annual Jackson Hole Conference,2024-08-25
Nvidia's Jensen Huang and new inflation data may rock the markets,2024-08-25
Analysts reset Uber stock forecast after General Motors deal,2024-08-25
Prediction: Energy Transfer Stock Will Nearly Double in 5 Years,2024-08-25
"A Few Years From Now, You'll Wish You'd Bought This Undervalued Stock",2024-08-25
"If You Like Eli Lilly, Then You'll Love This Little-Known Specialty Manufacturing Stock",2024-08-25
3 Reasons to Buy Enbridge Stock Like There's No Tomorrow,2024-08-25
1 Magnificent Dividend Stock Down 40% to Buy and Hold Forever,2024-08-25
Berkshire Hathaway Now Owns 27 Million Shares of This Stock. Should You Follow Warren Buffett's Lead?,2024-08-25
Billionaire Bill Gates Has 83% of His $48 Billion Portfolio in Just 4 Stocks,2024-08-25
Warren Buffett Just Dumped Apple. 3 Stocks He Should Buy Instead.,2024-08-25
Prediction: The Stock Market Will Go Up No Matter Who Wins the 2024 Election,2024-08-25
Target Is Finally Turning the Corner. Time To Buy the Stock?,2024-08-26
3 Unstoppable Dividend Stocks to Buy Right Now,2024-08-26
Is It Finally Time to Buy Target Stock?,2024-08-26
A booming stock market isn't stopping bears from sounding the alarm on a potential crash. Here's what they're worried about.,2024-08-26
Here's How a Democratic Victory Could Affect the Cryptocurrency Market,2024-08-26
2 Tech Stocks You Can Buy and Hold for the Next Decade,2024-08-26
Where Will Celsius Stock Be in 3 Years?,2024-08-26
"If You'd Invested $10,000 in Costco Stock 15 Years Ago, Here's How Much You'd Have Today",2024-08-26
The Ultimate Growth Stock to Buy With $500 Right Now,2024-08-26
"Oil climbs on Mideast escalation fears, US rate cut expectations",2024-08-26
Asian Stocks Eye Fed Bounce After Powell Speech: Markets Wrap,2024-08-26
"Nvidia, Arm, or Broadcom: The Best AI Semiconductor Stock to Buy Now, According to Wall Street",2024-08-27
"PYPL, SOFI, or SQ: Which Fintech Stock Scores Wall Street’s “Strong Buy” Rating?",2024-08-27
Australia stocks lower at close of trade; S&P/ASX 200 down 0.16%,2024-08-27
Foreigners Set for Biggest Indonesian Stock Purchases Since 2022,2024-08-27
New AIPI ETF Combines AI Stocks with a Jaw-dropping Yield,2024-08-27
Asian stocks end mixed after Big Tech pulls S&P 500 and Nasdaq lower,2024-08-27
PDD’s $55 billion stock crash sends warning on Chinese economy,2024-08-27
Stock market today: Dow hits record high while tech shares stumble ahead of Nvidia earnings,2024-08-27
"The Fed has opened the door for 'a brand new bull market' in stocks, Wall Street strategist Jim Paulsen says",2024-08-27
Asian stocks slip as geopolitical fears sap confidence,2024-08-27
Analysts reset Ulta stock price targets after Warren Buffett buy,2024-08-27
Nasdaq 100 Falls 1% as Nvidia Hit Before Earnings: Markets Wrap,2024-08-27
Napco’s (NASDAQ:NSSC) Q2 Earnings Results: Revenue In Line With Expectations But Stock Drops 14.6%,2024-08-27
Q2 Earnings Outperformers: Karat Packaging (NASDAQ:KRT) And The Rest Of The Specialty Equipment Distributors Stocks,2024-08-27
Reflecting On Aerospace and Defense Stocks’ Q2 Earnings: Byrna (NASDAQ:BYRN),2024-08-27
Q2 Earnings Highs And Lows: Gray Television (NYSE:GTN) Vs The Rest Of The Broadcasting Stocks,2024-08-27
Q1 Earnings Outperformers: Chuy's (NASDAQ:CHUY) And The Rest Of The Sit-Down Dining Stocks,2024-08-27
Finance and HR Software Stocks Q2 Earnings Review: BlackLine (NASDAQ:BL) Shines,2024-08-27
"AI Tokens Lead Crypto Market Ahead of Nvidia Earnings, Bitcoin Under $64K",2024-08-27
A $1.4 Million IPO Overbought 400 Times Shows India Stock Frenzy,2024-08-27
PVH’s (NYSE:PVH) Q2 Earnings Results: Revenue In Line With Expectations But Stock Drops,2024-08-28
"Box’s (NYSE:BOX) Q2 Earnings Results: Revenue In Line With Expectations, Stock Soars",2024-08-28
Stock market today: Dow ekes out another record as investors await Nvidia earnings,2024-08-28
A Look Back at Defense Contractors Stocks’ Q2 Earnings: Parsons (NYSE:PSN) Vs The Rest Of The Pack,2024-08-28
A Look Back at Media Stocks’ Q2 Earnings: Endeavor (NYSE:EDR) Vs The Rest Of The Pack,2024-08-28
A Look Back at Sit-Down Dining Stocks’ Q2 Earnings: The Cheesecake Factory (NASDAQ:CAKE) Vs The Rest Of The Pack,2024-08-28
The rise of AI means the latest rally in utility stocks isn't the warning for investors it once was,2024-08-28
Short-seller blasts Super Micro stock in latest report,2024-08-28
'An underpriced risk': Wall Street is upbeat but cautious on Nvidia earnings amid chip delays and soaring AI hype,2024-08-28
Goldman Sachs and Vanguard layout latest stock forecasts,2024-08-28
Prediction: Nvidia Will Beat Wall Street's Earnings Estimate by 10% or More on Wednesday,2024-08-28
"The stock market is poised for record highs this week as $85 billion floods equities, Goldman Sachs says",2024-08-28
"Nordstrom’s Q2 Top-line Gains Lift Stock Price, Forecast Raised Slightly",2024-08-28
Why Viking Therapeutics Stock Got Thrashed on Tuesday,2024-08-28
Mexico stocks lower at close of trade; S&P/BMV IPC down 1.31%,2024-08-28
Apple stock analysts chime in after C-suite shakeup,2024-08-28
Colombia stocks lower at close of trade; COLCAP down 0.20%,2024-08-28
Currencies hold tight ranges as market awaits more U.S. rate cues,2024-08-28
Argentina’s Milei Lowers Key Import Tariff To Cool Inflation,2024-08-28
Asian Stocks Cautious as Markets Await Nvidia: Markets Wrap,2024-08-28
Asian shares track Wall Street futures lower as Nvidia disappoints,2024-08-29
Asian Chip Stocks Decline as Nvidia’s Outlook Damps AI Frenzy,2024-08-29
Asian Stocks Set to Slide as Nvidia Disappoints: Markets Wrap,2024-08-29
"The quick rebound after this month's brutal stock-market rout is a cause for concern, Goldman says",2024-08-29
Why Is Nvidia Stock Down After Reporting Parabolic Growth?,2024-08-29
NEA quietly reenters the secondaries market,2024-08-29
US Stock Futures Drop as Nvidia Forecast Dims AI Rally’s Outlook,2024-08-29
Analysts revise Dell stock price target ahead of earnings,2024-08-29
Analysts reboot SentinelOne stock price targets after earnings,2024-08-29
Why Electric Vehicle (EV) Stocks Skidded Into Losses on Wednesday,2024-08-29
Prediction: This Under-the-Radar Tech Stock Will Outperform Nvidia and Apple by 2030,2024-08-29
Mexico stocks lower at close of trade; S&P/BMV IPC down 0.07%,2024-08-29
Nvidia's forecast dampens AI enthusiasm in other tech stocks,2024-08-29
"Nvidia stock slips after earnings, forecasts top estimates amid 'incredible' demand for its next-gen chip",2024-08-29
"Stock market today: Nasdaq, S&P 500 lead stocks lower ahead of Nvidia earnings, which disappoint",2024-08-29
Nvidia’s Earnings Will Test the S&P 500’s $4 Trillion Recovery,2024-08-29
Equity Markets Close Lower Ahead of GDP Report,2024-08-29
Equity Markets Down Ahead of Nvidia Results,2024-08-29
"Homeowners with ultra-low mortgage rates ‘saved’ $600B, offset Fed hikes",2024-08-29
Dollar set to snap 5-week losing streak as Fed cut bets pared,2024-08-30
Oil steady as players take stock of Middle East supply concerns,2024-08-30
Asian Stocks Rebound After Upbeat US Economic Data: Markets Wrap,2024-08-30
"Tokyo Inflation Tops Expectations, Supporting Case for BOJ Hikes",2024-08-30
Hedge Funds Clash With Wind Power Firms in Taiwan Swap Markets,2024-08-30
Wall Street says Nvidia's post-earnings dip is an 'invitation' to buy,2024-08-30
Why Taiwan Semiconductor Stock Had a Thursday to Forget,2024-08-30
Why Cooper Companies Stock Triumphed on Thursday,2024-08-30
Major analyst delivers crushing blow after Super Micro stock price crashes,2024-08-30
Mexico stocks higher at close of trade; S&P/BMV IPC up 1.33%,2024-08-30
"Apple will eclipse Nvidia as the top AI stock in 2025, Citi says",2024-08-30
Nvidia's stock can't keep up with otherworldly expectations,2024-08-30
Russia stocks higher at close of trade; MOEX Russia up 0.31%,2024-08-30
Colombia stocks lower at close of trade; COLCAP down 0.57%,2024-08-30
Why AST SpaceMobile Stock Popped by 5% on Thursday,2024-08-30
"Ulta (NASDAQ:ULTA) Reports Sales Below Analyst Estimates In Q2 Earnings, Stock Drops",2024-08-30
"Dow Hits Closing Record as Markets Analyze Macro Data, Earnings",2024-08-30
Dollar General stock tanks 32% after outlook cut spurred by 'cash-strapped' customer,2024-08-30
"Hunt for Fed-Pivot Winners Sparks a Rush to Indonesia, Malaysia",2024-08-31
"Buffett Dumps BofA Stock Again, and Soon He May Trade in Secret",2024-08-31
"Nvidia will grow to a $10 trillion company and the Blackwell chip will be like 'fireworks' for the stock, analyst says",2024-08-31
"The Fed will go bigger with rate cuts than markets think, Citi economist says",2024-08-31
Mexico stocks lower at close of trade; S&P/BMV IPC down 2.17%,2024-08-31
Colombia stocks higher at close of trade; COLCAP up 2.02%,2024-08-31
Russia stocks lower at close of trade; MOEX Russia down 2.15%,2024-08-31
U.S. stock rally broadens as investors await Fed,2024-08-31
Why 3D Systems Stock Withered This Week,2024-08-31
Stock market today: US stocks rise on solid earnings and in-line inflation reading,2024-08-31
Brazil stocks lower at close of trade; Bovespa down 0.40%,2024-08-31
Is Palantir Stock a Buy Before Sept. 20?,2024-08-31
Why CrowdStrike Stock Moved Higher Today,2024-08-31
Modern Fast Food Stocks Q2 Earnings: Wingstop (NASDAQ:WING) Best of the Bunch,2024-08-31
Q2 Earnings Highs And Lows: Sinclair (NASDAQ:SBGI) Vs The Rest Of The Broadcasting Stocks,2024-08-31
Reflecting On Automobile Manufacturers Stocks’ Q2 Earnings: Rivian (NASDAQ:RIVN),2024-08-31
Traditional Fast Food Stocks Q2 Earnings: El Pollo Loco (NASDAQ:LOCO) Best of the Bunch,2024-08-31
Q2 Earnings Highs And Lows: W.W. Grainger (NYSE:GWW) Vs The Rest Of The Maintenance and Repair Distributors Stocks,2024-08-31
Q2 Earnings Outperformers: Genuine Parts (NYSE:GPC) And The Rest Of The Auto Parts Retailer Stocks,2024-08-31
A Look Back at Finance and HR Software Stocks’ Q2 Earnings: Global Business Travel (NYSE:GBTG) Vs The Rest Of The Pack,2024-08-31
US Jobs Data Will Help the Fed Gauge the Extent of Its Moderation,2024-09-01
Why investors turn to ETFs during times of market stress,2024-09-01
Q2 Earnings Highlights: Funko (NASDAQ:FNKO) Vs The Rest Of The Toys and Electronics Stocks,2024-09-01
Reflecting On Personal Care Stocks’ Q2 Earnings: e.l.f. (NYSE:ELF),2024-09-01
Best-performing energy stocks: September 2024,2024-09-01
Best-performing tech stocks in September 2024,2024-09-01
Trump's NFT collection gets $2 million despite slow market,2024-09-01
What the surge in empty container moves says about the freight market,2024-09-01
Veteran analyst explains why General Motors stock is a bargain-bin buy,2024-09-01
Not every analyst is bearish on Super Micro Computer stock,2024-09-01
The Recent Tech Sell-Off Made This Artificial Intelligence (AI) Stock an Even Better Buy,2024-09-01
"Forget Devon Energy, These Unstoppable High-Yield Stocks Are Better Buys",2024-09-01
Asian Stocks Decline as China’s Economy Falters: Markets Wrap,2024-09-02
Should You Buy Dutch Bros Stock While It's Below $40?,2024-09-02
Investors are headed into the worst time of year for stocks. Here's why September is brutal for the market.,2024-09-02
Bill Ackman Says X Ban Will Make Brazil an ‘Uninvestable Market’,2024-09-02
"67% Of Investors Say Trump Is Better For Stocks Than Biden, But Market Predictions Are All Over The Map",2024-09-02
Is the stock market open or closed on Labor Day? See full 2024 holiday schedule,2024-09-02
Is Visa Stock a Buy?,2024-09-02
3 Reasons Nike Stock Can Be a Great Long-Term Buy,2024-09-02
Saudi Arabia stocks higher at close of trade; Tadawul All Share up 0.36%,2024-09-02
Should You Buy the 3 Highest-Paying Dividend Stocks in the Dow Jones?,2024-09-02
This Risk Weighs on Investors' Minds as Nvidia Continues to See Explosive Growth. Is the Stock Still a Buy?,2024-09-03
"3 Reasons Why Warren Buffett Should Buy Chipotle Stock Hand Over Fist, and 1 Reason Why He Might Regret It",2024-09-03
Analyst unveils bold 'Apple-esque' Tesla stock forecast,2024-09-03
Analysts update their CrowdStrike stock price after earnings,2024-09-03
1 Monster Stock Up 175% in 2024: Should You Buy or Is It Too Late?,2024-09-03
3 Monster Biotech Stocks to Buy Before 2025,2024-09-03
"Up 82% This Year, Should Investors Still Buy This Red-Hot Growth Stock?",2024-09-03
Can AI Reinvigorate Salesforce's Growth and Stock Price?,2024-09-03
Emerging Market Stocks Drop as Data Stokes China Economy Jitters,2024-09-03
How do you feel about the economy? It depends on whether you own stocks,2024-09-03
Adnoc Prepares Bond Market Debut After Over Two Year Wait,2024-09-03
Bitcoin miners adapt to volatile markets with flexible cost strategies,2024-09-03
"Dow Stretches Record Closing Run; S&P 500, Nasdaq Rise",2024-09-03
Equities Mixed Intraday as Traders Parse Fed's Preferred Inflation Gauge,2024-09-03
"Majority of S&P 500 Companies Deliver Quarterly Earnings Beat, UBS Says",2024-09-03
July Consumer Spending Grows in Line With Views as Annual Core Inflation Holds Steady,2024-09-03
Q2 Earnings Outperformers: Shopify (NYSE:SHOP) And The Rest Of The E-commerce Software Stocks,2024-09-03
2 Unstoppable Vanguard ETFs to Buy With $950 During the S&P 500 Bull Market,2024-09-04
The Best Warren Buffett Stocks to Buy With $700 Right Now,2024-09-04
Stock Split Watch: Is MongoDB Next?,2024-09-04
"After a Guidance Cut, Is the Worst Over for Lululemon Stock?",2024-09-04
3 Reasons to Buy Coca-Cola Stock Like There's No Tomorrow,2024-09-04
"Generative AI Sales Could Soar 2,040%: My Pick for the Best AI Stock to Buy Now (Hint: Not Nvidia)",2024-09-04
Is McDonald's a Must-Own Dividend Stock?,2024-09-04
Is It Too Late to Buy 3M Stock?,2024-09-04
1 Growth Stock Down 75% to Buy Right Now,2024-09-04
Wall Street’s T+1 switch is proving tougher than anticipated,2024-09-04
Gold continues fall as traders take stock after market slump,2024-09-04
German trade group sounds alarm as exporters stare down recession,2024-09-04
Unpacking Q2 Earnings: Mueller Water Products (NYSE:MWA) In The Context Of Other Water Infrastructure Stocks,2024-09-04
What is the national average money market account rate?,2024-09-04
Global Stocks Tumble as Flight From Risk Persists: Markets Wrap,2024-09-04
Chipmakers Drag Asian Stocks Lower on Renewed AI Valuation Worry,2024-09-04
"Weak August Jobs Data Could Trigger 50-Basis-Point Fed Rate Cut, Goldman Says",2024-09-04
Equity Markets Sliding Intraday After Manufacturing Data,2024-09-04
"S&P 500 Companies Log 'Better-Than-Expected' Earnings Season, Oppenheimer Says",2024-09-04
Why Starbucks Stock Rose 21% Last Month,2024-09-05
GE Vernova Stock Rises as Analysts Deliver Bullish Call Amid Surge in Power Demand,2024-09-05
Better Artificial Intelligence Stock: Nvidia vs. Intel,2024-09-05
Why Tesla Stock Accelerated on Wednesday,2024-09-05
Frontier Communications Stock Jumps 38% After Report of Possible Verizon Deal,2024-09-05
Why Astera Labs Stock Jumped Today,2024-09-05
1 Growth Stock Down 94% to Buy Right Now,2024-09-05
Why Logitech Stock Slipped by Almost 3% Today,2024-09-05
"Want $1,000 in Dividend Income? Here's How Much You Have to Invest in Nike Stock.",2024-09-05
Nvidia has seen $437 billion of market cap erased since earnings last week,2024-09-05
Better AI Stock: Nvidia vs. Super Micro Computer,2024-09-05
Japan inflation-adjusted wages rise for two straight months in July,2024-09-05
"Treasuries, Yen Rally After Weak US Jobs Report: Markets Wrap",2024-09-05
Japanese Stocks Set to Slide as Yen Strength Weighs on Exporters,2024-09-05
The Federal Reserve should refresh its mandate: Former presidential candidate Vivek Ramaswamy,2024-09-05
JPMorgan Abandons Recommendation to Buy China Stocks Ahead of US Election,2024-09-05
Treasuries Soar as Jobs Fuel Bets on Jumbo Fed Cut: Markets Wrap,2024-09-05
"Concrete Pumping (NASDAQ:BBCP) Reports Sales Below Analyst Estimates In Q2 Earnings, Stock Drops 12.9%",2024-09-05
"REV Group (NYSE:REVG) Reports Sales Below Analyst Estimates In Q2 Earnings, Stock Drops 12.9%",2024-09-05
Q2 Earnings Highlights: Parker-Hannifin (NYSE:PH) Vs The Rest Of The Gas and Liquid Handling Stocks,2024-09-05
Chinese Mega Merger Sends Brokerage Meme Stock Up by Limit,2024-09-06
Stock market today: Stocks end mixed ahead of pivotal August jobs report,2024-09-06
Hong Kong Scraps All Stock Trading as Typhoon Nears Hainan,2024-09-06
Factbox-How Wall Street firms see US jobless rate shaping Fed rate cut,2024-09-06
"Nvidia's 15% stock slide has created a compelling buying opportunity, BofA says",2024-09-06
Applied Digital stock soars 76% after Nvidia participates in $160 million funding for the data center firm,2024-09-06
"The US labor market is 'healthy,' Treasury Secretary Janet Yellen says, even as data shows conditions softening",2024-09-06
China’s Answer to LinkedIn Slides in Sign of Labor Market Misery,2024-09-06
"Markets on tenterhooks ahead of key US jobs data, yen jumps",2024-09-06
"Apple stock has 25% upside amid 4 potential catalysts from next week's iPhone 16 reveal, Goldman Sachs says",2024-09-06
Watch These Broadcom Price Levels as Stock Tumbles on Light Revenue Outlook,2024-09-06
"Smith & Wesson (NASDAQ:SWBI) Reports Sales Below Analyst Estimates In Q2 Earnings, Stock Drops",2024-09-06
"S&P 500 Earnings Hinge on Trump, Harris Tax Plans, Goldman Says",2024-09-06
Unpacking Q2 Earnings: PagerDuty (NYSE:PD) In The Context Of Other Software Development Stocks,2024-09-06
Q2 Earnings Highlights: PlayStudios (NASDAQ:MYPS) Vs The Rest Of The Gaming Solutions Stocks,2024-09-06
Auto Parts Retailer Stocks Q2 Earnings: Monro (NASDAQ:MNRO) Best of the Bunch,2024-09-06
China’s Earnings Setback Sows Fresh Doubts About Stock Rebound,2024-09-06
Dollar Is Under Pressure Before Key US Jobs Data: Markets Wrap,2024-09-06
Bitcoin Taking Cue From Stocks Heading Into Pivotal US Jobs Data,2024-09-06
Oil steadies ahead of key US jobs report,2024-09-06
1 Growth Stock Down 16% That's Just Begging to Be Bought Right Now,2024-09-07
Is It Too Late to Buy Apple Stock?,2024-09-07
"Up 12% in 2024, You May Want to Buy This Semiconductor Stock Before It Goes on a Bull Run",2024-09-07
Why Nikola Stock Crashed in August,2024-09-07
Why Trump Media Stock Sank to a New All-Time Low This Week,2024-09-07
"Meet the Artificial Intelligence (AI) Stock That Could Become the Next Palantir, or Even Better",2024-09-07
3 Things to Know About Nike Stock Before You Buy,2024-09-07
What Does This High-Yield Stock Look Like After Its Dividend Cut?,2024-09-07
Don't Rely on These Analyst Price Targets: More Downgrades Could Be Coming for These 3 Struggling Stocks,2024-09-07
Is AT&T Stock a Buy Now?,2024-09-07
Where Will Nvidia Stock Be in 10 Years?,2024-09-07
Unpacking Q2 Earnings: XPO (NYSE:XPO) In The Context Of Other Ground Transportation Stocks,2024-09-07
Q2 Earnings Highlights: Snap-on (NYSE:SNA) Vs The Rest Of The Professional Tools and Equipment Stocks,2024-09-07
Q2 Earnings Highs And Lows: O'Reilly (NASDAQ:ORLY) Vs The Rest Of The Auto Parts Retailer Stocks,2024-09-07
Q2 Earnings Highs And Lows: Hormel Foods (NYSE:HRL) Vs The Rest Of The Shelf-Stable Food Stocks,2024-09-07
Q2 Earnings Review: Personal Care Stocks Led by The Honest Company (NASDAQ:HNST),2024-09-07
Q2 Earnings Highs And Lows: Corning (NYSE:GLW) Vs The Rest Of The Electronic Components Stocks,2024-09-07
Reflecting On Defense Contractors Stocks’ Q2 Earnings: AeroVironment (NASDAQ:AVAV),2024-09-07
Fed Must Decide If Quarter-Point Cut Will Be Enough for Workers,2024-09-07
China says its huge market is opportunity not threat to US,2024-09-07
Prediction: Nvidia Will Replace Intel in the Dow Jones Index,2024-09-08
1 Unfavorable Trend That Explains the 47% Decrease in Tesla Stock,2024-09-08
2 AI Stocks That Could Help Make You a Fortune,2024-09-08
Why Amazon Stock May Be a Good Buy Today,2024-09-08
Better Cybersecurity Stock: Fortinet vs. Zscaler,2024-09-08
"Another Artificial Intelligence (AI) Stock Just Hiked Its Dividend, This Time by a Whopping 17%",2024-09-08
2 Warren Buffett Stocks to Buy Hand Over Fist in September,2024-09-08
"Billionaires Are Selling Nvidia Stock and Buying an Index Fund That Could Soar 43%, According to a Wall Street Analyst",2024-09-08
2 No-Brainer Stocks to Buy and Hold for the Next Decade,2024-09-08
2 Top Steel Stocks to Buy in September,2024-09-08
3 Top High-Yield Financial Stocks to Buy in September,2024-09-08
Here are the most attractive housing markets for younger military veterans,2024-09-08
New Zealand Housing Construction Slump Highlights Recession Risk,2024-09-08
Mortgage rates remain steady as Fed rate cut looms,2024-09-08
Average long-term US mortgage rates holds at 6.35% this week ahead of expected Fed rate cut,2024-09-08
US Mortgage Rates Continue to Ease on Expectations of Fed Move,2024-09-08
Equity Markets Slump After Weak Jobs Report,2024-09-08
Weak Jobs Report Drags Equities Down Intraday,2024-09-08
"Fed Likely Ready to Start Cutting Rates, Governor Waller, NY Fed President Williams Say",2024-09-08
"August Nonfarm Payrolls Miss Estimates, Unemployment Rate Edges Down",2024-09-08
Unpacking Q2 Earnings: Coca-Cola (NYSE:KO) In The Context Of Other Beverages and Alcohol Stocks,2024-09-09
A Look Back at Productivity Software Stocks’ Q2 Earnings: DocuSign (NASDAQ:DOCU) Vs The Rest Of The Pack,2024-09-09
Unpacking Q2 Earnings: Conagra (NYSE:CAG) In The Context Of Other Shelf-Stable Food Stocks,2024-09-09
"The Ultimate Growth Stock to Buy With $1,000 Right Now",2024-09-09
"Palantir's Profitability Profile to Be Strengthened by Upcoming S&P 500 Addition, Wedbush Says",2024-09-09
3 Red-Hot Growth Stocks to Buy in 2024 and Beyond,2024-09-09
Packaging demand slows in European tube market,2024-09-09
1 Ultra-High-Yield Dividend Stock You'll Want to Have on Your Radar as Rate Cuts Loom,2024-09-10
Rate Cuts Are Coming: 1 No-Brainer Cathie Wood Fintech Stock to Buy Hand Over Fist Right Now for Just $7,2024-09-10
My 3 Favorite Stocks to Buy Right Now,2024-09-10
Is Celsius Stock The Next Coca-Cola?,2024-09-10
Palantir soars 13% toward record highs as the stock is set to be added to the S&P 500,2024-09-10
1 Warren Buffett Stock That Could Go Parabolic in 2024 and Beyond,2024-09-10
Could Nvidia Stock Double in the Next Year?,2024-09-10
Is ChargePoint Stock Headed to $1 After Revenue Warning Sinks Shares?,2024-09-10
1 Growth Stock Down 66% to Buy Right Now,2024-09-10
"Down 69%, Is This Cathie Wood Stock a Bargain for Just $3?",2024-09-10
Best Stock to Buy Right Now: Coca-Cola vs. PepsiCo,2024-09-10
Asian Stocks Fluctuate as Traders Await US CPI: Markets Wrap,2024-09-10
Here's the 'magical' moment Goldman Sachs sees for tech stocks,2024-09-10
Yen Rally Prompts An Unwind Of Hedges In Japanese Stocks But Investors Wary Of Earnings Hit,2024-09-10
"Calavo’s (NASDAQ:CVGW) Q2 Earnings Results: Revenue In Line With Expectations, Stock Soars",2024-09-10
Leisure Products Stocks Q2 Earnings: YETI (NYSE:YETI) Best of the Bunch,2024-09-10
Q2 Earnings Highlights: Teradata (NYSE:TDC) Vs The Rest Of The Data Infrastructure Stocks,2024-09-10
Hims & Hers Health Stock Is Crashing: Should You Buy the Dip?,2024-09-11
3 Speculative Tech Stocks That Could Go Parabolic,2024-09-11
Forget Mounjaro: 1 Reason Investors Should Love Eli Lilly Stock Even More (Hint: I'm Not Talking About Zepbound),2024-09-11
Buy These 4 High-Yield Dividend Stocks Today and Sleep Soundly for a Decade,2024-09-11
Historic Market Performance During Triple Witching Weeks,2024-09-11
This Popular Stock Has Been Quietly Ramping Up Its Artificial Intelligence Capabilities. Is Now the Time to Buy?,2024-09-11
Does nascent nootropic drinks market have legs?,2024-09-11
Mortgage rates tumble amid bond market rally tied to Fed rate-cut bets,2024-09-11
Where Will Visa Stock Be in 3 Years?,2024-09-11
Trump Media Stock Slumps After Presidential Debate,2024-09-11
Prediction: Nvidia Stock May Tumble in the Remainder of 2024,2024-09-11
European Stocks Trim Gains on US Inflation Pickup; Inditex Rises,2024-09-11
Fed seen cutting policy rate by 25 bps next week,2024-09-11
Meme stock GameStop slumps as revenue drop fans turnaround doubts,2024-09-11
Stock Futures Fall and US Yields Rise After CPI: Markets Wrap,2024-09-11
Inflation: Consumer price increases hit lowest annual inflation rate since early 2021,2024-09-11
Q2 Earnings Outperformers: Emerson Electric (NYSE:EMR) And The Rest Of The Internet of Things Stocks,2024-09-11
A Look Back at Video Conferencing Stocks’ Q2 Earnings: Five9 (NASDAQ:FIVN) Vs The Rest Of The Pack,2024-09-11
Q2 Earnings Review: Online Retail Stocks Led by Carvana (NYSE:CVNA),2024-09-11
Reflecting On Casino Operator Stocks’ Q2 Earnings: Bally's (NYSE:BALY),2024-09-11
Dollar firm as inflation data douse bets for big Fed rate cut,2024-09-12
Japan’s Producer Inflation Slows for First Time in Eight Months,2024-09-12
Asian Stocks Rise as Traders Look to Fed Rate Cut: Markets Wrap,2024-09-12
"Q2 Earnings Highs And Lows: Marriott Vacations (NYSE:VAC) Vs The Rest Of The Hotels, Resorts and Cruise Lines Stocks",2024-09-12
Q2 Earnings Outperformers: Quanex (NYSE:NX) And The Rest Of The Home Construction Materials Stocks,2024-09-12
Q2 Earnings Highlights: Micron Technology (NASDAQ:MU) Vs The Rest Of The Semiconductors Stocks,2024-09-12
Analyst updates AMD stock forecast ahead of AI conference,2024-09-12
Posh Real Estate Deals Boom in High-Flying Junk Muni Market,2024-09-12
Global Funds Rush Into Southeast Asia Stocks as Fed Pivot Play,2024-09-12
"MultiPlan in Debt Talks With Some Holders as Bonds, Stock Slump",2024-09-12
Veteran fund manager who correctly forecast stock drop updates outlook,2024-09-12
Solar Stocks Soared Wednesday Amid Post-Debate Optimism,2024-09-12
"This corner of the stock market is set to outperform once the Fed starts cutting interest rates, Goldman Sachs says",2024-09-12
Stock market today: Stocks fall as annual inflation slows but monthly CPI notches surprise increase,2024-09-12
"Nvidia CEO Says Chipmaker Is Seeing ‘Incredible’ Demand, Sending Stock Higher Wednesday",2024-09-12
Campbell's CEO cooks up recipe for growth with stock price lagging the market,2024-09-12
China Holidays Test Consumer Stocks Reeling From Spending Gloom,2024-09-13
Asian Stocks Set to Gain as Yen Holds to Rally: Markets Wrap,2024-09-13
"RH’s (NYSE:RH) Q2 Earnings Results: Revenue In Line With Expectations, Stock Jumps 18%",2024-09-13
Q2 Earnings Outperformers: Western Digital (NASDAQ:WDC) And The Rest Of The Semiconductors Stocks,2024-09-13
Q2 Earnings Outperformers: Verra Mobility (NASDAQ:VRRM) And The Rest Of The Electrical Systems Stocks,2024-09-13
Reflecting On E-commerce Software Stocks’ Q2 Earnings: VeriSign (NASDAQ:VRSN),2024-09-13
Q2 Earnings Highlights: Universal Logistics (NASDAQ:ULH) Vs The Rest Of The Ground Transportation Stocks,2024-09-13
Reflecting On HR Software Stocks’ Q2 Earnings: Paycom (NYSE:PAYC),2024-09-13
Reflecting On Professional Tools and Equipment Stocks’ Q2 Earnings: Kennametal (NYSE:KMT),2024-09-13
Hong Kong’s Battered Property Market Lures Chinese State Buyers,2024-09-13
Why GE Vernova Stock Jumped to a Record High on Thursday,2024-09-13
Why Wall Street Probably Doesn't Want a Big Interest Rate Cut Next Week,2024-09-13
Adobe Stock Dives on Disappointing Outlook,2024-09-13
Stock market today: Indexes rise as investors assess producer inflation and jobless claims data,2024-09-13
Oracle’s stock is surging—but another classic Silicon Valley firm is flailing,2024-09-13
"US judge allows election betting, dealing blow to markets regulator",2024-09-13
"Truckload carriers: ‘Normal seasonality,’ no market inflection yet",2024-09-13
Equity Markets Rise as Traders Weigh Macro Data,2024-09-13
Stocks Up as This Week’s Rally Tops $1.3 Trillion: Markets Wrap,2024-09-13
Warner Bros. Discovery Stock Jumps After Renewed Distribution Deal With Charter,2024-09-13
Small Markets Steal Limelight as Global Equities Rally Broadens,2024-09-14
"Size, speed of rate moves in focus as Fed poised to start cuts",2024-09-14
RH stock surges as customer demand accelerates,2024-09-14
Q2 Earnings Highlights: TreeHouse Foods (NYSE:THS) Vs The Rest Of The Shelf-Stable Food Stocks,2024-09-14
Reflecting On Online Marketplace Stocks’ Q2 Earnings: Shutterstock (NYSE:SSTK),2024-09-14
Unpacking Q2 Earnings: Republic Services (NYSE:RSG) In The Context Of Other Waste Management Stocks,2024-09-14
Unpacking Q2 Earnings: ServiceNow (NYSE:NOW) In The Context Of Other Automation Software Stocks,2024-09-14
Q1 Earnings Highs And Lows: Terran Orbital (NYSE:LLAP) Vs The Rest Of The Defense Contractors Stocks,2024-09-14
Vehicle Retailer Stocks Q2 Earnings Review: Lithia (NYSE:LAD) Shines,2024-09-14
Consumer Sentiment Rises as Year-Ahead Inflation Outlook Falls to Multi-Year Low,2024-09-14
Equities Rise Intraday With Next Week's Fed Decision in Focus,2024-09-14
How SEC mobile phones can signal an imminent stock price drop,2024-09-14
"Stocks Rise Pre-Bell as Investors Digest Latest Inflation Data; Asia Churns, Europe Up",2024-09-14
"Delaware bankruptcy court says Yellow owes pensions, stock drops 90%",2024-09-14
Jensen Huang is $60 billion richer this year thanks to Nvidia's soaring stock — and just rejoined the $100 billion club,2024-09-14
Trump Media stock jumps after former president says he won't sell his shares,2024-09-14
Stock market today: S&P 500 goes for 5-day win streak as markets look ahead to next week's Fed meeting,2024-09-14
"SPY, QQQ: Track Top ETFs, Trends With Markets Monitor",2024-09-14
Wall Street Can't Make Up Its Mind About How Big the Fed's Rate Cut Will Be,2024-09-14
"Palantir is totally misunderstood on Wall Street, and shares will soar, BofA says",2024-09-15
The stock market risks keeping Wall Street's biggest bulls up at night,2024-09-15
Markets push for big Fed rate cut after inflation reports,2024-09-15
Top Berkshire Hathaway Exec makes major stock decision,2024-09-15
10 housing markets where buyers have the most power—and 10 where they have the least,2024-09-15
Warren Buffett once said waiting for a market crash to buy stocks is like a mortician waiting for an epidemic — here’s why,2024-09-15
Europe’s Stock Leaders Are Fading in Bad Sign for Future Returns,2024-09-15
Stock market today: S&P 500 notches 5-day streak of gains ahead of next week's Fed meeting,2024-09-15
"Nvidia stock can climb for the next 12 months, S&P Global analyst says",2024-09-15
Why the stock market's AI trade came back to life this week,2024-09-15
"Bitcoin surges on Fed rate cut expectations, BlackRock urges caution",2024-09-15
Oil prices inch up on Fed rate cut outlook,2024-09-16
Asia Stages Cautious Open After Bleak Chinese Data: Markets Wrap,2024-09-16
Rupiah’s Rally to Get Boost From Global Flows as Fed Cuts Loom,2024-09-16
Asia stocks on tenterhooks as Fed faces crunch time,2024-09-16
Currencies listless as markets waffle over Fed rate cut,2024-09-16
"Stock futures, dollar steady after FBI says it is investigating another assassination attempt on Trump",2024-09-16
Morning Bid: China gloom vs Wall St vroom,2024-09-16
Fed rate cut: Experts warn big moves would be a mistake,2024-09-16
Inflation is cooling. So why is orange juice so expensive right now?,2024-09-16
Trump Media stock jumps after Trump says he's 'not selling' shares,2024-09-16
Equities Rise Ahead of Next Week's Fed Decision; Nasdaq Logs 6% Weekly Gain,2024-09-16
"Resist the temptation of AI and bet on safe defensive stocks, Wall Street analysts say",2024-09-16
Gary Cohn Says Fed Rate Cuts Already Priced Into Mortgage Market,2024-09-16
Expert Says Warren Buffett's Top Executive Ajit Jain Sold Berkshire Hathaway Stake Because 'The Stock Was Fully Pricing The Business',2024-09-16
How to maximize your interest earnings following a Fed rate cut,2024-09-17
Q2 Earnings Highlights: Yelp (NYSE:YELP) Vs The Rest Of The Social Networking Stocks,2024-09-17
Q2 Earnings Highlights: Grand Canyon Education (NASDAQ:LOPE) Vs The Rest Of The Education Services Stocks,2024-09-17
Reflecting On Semiconductor Manufacturing Stocks’ Q2 Earnings: IPG Photonics (NASDAQ:IPGP),2024-09-17
Air Freight and Logistics Stocks Q2 Earnings: GXO Logistics (NYSE:GXO) Firing on All Cylinders,2024-09-17
Q2 Earnings Review: Online Marketplace Stocks Led by EverQuote (NASDAQ:EVER),2024-09-17
Q2 Earnings Outperformers: Cadre (NYSE:CDRE) And The Rest Of The Aerospace and Defense Stocks,2024-09-17
Stocks Rise With Retail Data in Focus Before Fed: Markets Wrap,2024-09-17
"Futures inch up ahead of economic data, Fed's rate-cut decision",2024-09-17
"Morning Bid: New highs, rotation as Fed meets with retail healthcheck",2024-09-17
"Bhutan, Tiny Country With $3B GDP, Holds Over $780M in Bitcoin",2024-09-17
"Bitcoin Dips Below $58,000 as Crypto Market Braces for Fed Rate Cut Decision",2024-09-17
Crypto Critic Senator Warren Calls for 75 Basis Point Interest Rate Cut,2024-09-17
Bitcoin Holds Above $58K as Odds of Big Fed Rate Cuts Jump to 67%,2024-09-17
In data: French online market headed for a resurgence in 2024,2024-09-17
Stock Market Today: Stocks higher with Fed rate cut on the horizon,2024-09-17
Explainer-How would Japan's ruling party race affect BOJ rate hike timing?,2024-09-18
Stock market today: Asia shares rise moderately ahead of closely watched Federal Reserve meeting,2024-09-18
Japanese Shares Gain on Yen as Traders Debate Fed: Markets Wrap,2024-09-18
"Oil prices steady, with investors focusing on Fed decision",2024-09-18
Bitcoin Jumps Most in More Than a Month Amid Fed Rate Cut Optimism,2024-09-18
Bank of Canada’s Rogers Says ‘Still Work to Do’ on Inflation,2024-09-18
Dollar catches footing ahead of Fed,2024-09-18
"Analysts revisits Dell, Super Micro stock price targets on AI capabilities",2024-09-18
Analysts reset Home Depot stock price target ahead of Fed rate cut,2024-09-18
Goldman Sachs issues stocks forecast for next year,2024-09-18
Intel's stock price surged 6% today (here is why),2024-09-18
"TSLA, AMD, or PLTR: Which Growth Stock Is the Best Pick?",2024-09-18
Investors are pouring into this defensive corner of the stock market amid fears of an economic slowdown,2024-09-18
Which Tech Stock Is Better: Apple or Microsoft?,2024-09-18
Stock market today: Indexes rise on upbeat retail sale data ahead of Fed meeting,2024-09-18
Weight-loss drug competition heats up with growing pill market,2024-09-18
"S&P 500 Gains and Losses Today: New Home Battery, Software Lift Enphase Stock",2024-09-18
Reflecting On Design Software Stocks’ Q2 Earnings: Procore (NYSE:PCOR),2024-09-18
Q2 Earnings Outperformers: Northrop Grumman (NYSE:NOC) And The Rest Of The Defense Contractors Stocks,2024-09-18
Q2 Earnings Review: Processors and Graphics Chips Stocks Led by Nvidia (NASDAQ:NVDA),2024-09-18
Stocks and dollar gain as Fed charts 'soft landing' path,2024-09-19
Oil Drops as Signs of Weak US Demand Offset Fed’s Deep Rate Cut,2024-09-19
Japanese Stocks Rise as Yen Weakens While Investors Await BOJ,2024-09-19
US Equity Futures Rise as Fed Cut Boosts Sentiment: Markets Wrap,2024-09-19
Australia’s Hiring Strength Persists as Unemployment Steady,2024-09-19
Oil prices fall as US rate cut fails to boost market sentiment,2024-09-19
Unpacking Q2 Earnings: Simpson (NYSE:SSD) In The Context Of Other Home Construction Materials Stocks,2024-09-19
A Look Back at Defense Contractors Stocks’ Q2 Earnings: Lockheed Martin (NYSE:LMT) Vs The Rest Of The Pack,2024-09-19
Reflecting On Data Storage Stocks’ Q2 Earnings: Snowflake (NYSE:SNOW),2024-09-19
Gaming Solutions Stocks Q2 Earnings: Rush Street Interactive (NYSE:RSI) Firing on All Cylinders,2024-09-19
A Look Back at Infrastructure Distributors Stocks’ Q2 Earnings: Core & Main (NYSE:CNM) Vs The Rest Of The Pack,2024-09-19
The SEC wants to make trading stocks cheaper for the average investor,2024-09-19
"Gen Z's love of discount stores could send these 3 retail stocks soaring as much as 18%, Bank of America says",2024-09-19
"V, MA, or AXP: Which Credit Card Stock Will Outperform?",2024-09-19
Deutsche Bank Says Buy These 2 High-Yield Dividend Stocks — Including One With 13.5% Yield,2024-09-19
Veteran analyst thinks this stock could be the next meme-stock short squeeze,2024-09-19
Experts cite stocks to buy after Fed rate cut,2024-09-19
"IPO Preparedness and Market Prospects: ICR Capital Partner Steve Parish, Live from NYSE",2024-09-19
"Expert Says The Future Of DeFi Will Be Shaped By Fintechs Like Revolut And Robinhood, Not Wall Street Giants Like BlackRock",2024-09-19
"European Futures Drop, BOJ’s Ueda Views in Focus: Markets Wrap",2024-09-20
BOJ Holds for Now While Mulling Timing of Next Rate Hike,2024-09-20
The Beauty Jobs Market Is In Flux,2024-09-20
Analysis-Investors shun European car stocks despite rock bottom valuations,2024-09-20
"Analysis-Rate cuts are here, but US stocks may have already priced them in",2024-09-20
"Asian stocks follow Wall Street's rate-cut rally higher, as BOJ stands pat",2024-09-20
Stock market today: Indexes close at record highs and tech soars after Fed rate cut,2024-09-20
Truth Social's biggest investors can now dump their stock — and trigger a fire sale,2024-09-20
"Investors should be hesitant to dive into stocks after the rate cut, with election uncertainty looming, Fundstrat's Tom Lee says",2024-09-20
China unexpectedly leaves lending rates steady; markets expect cuts soon,2024-09-20
Trump Media stock drops as lockup expiration set to give the former president clearance to sell shares,2024-09-20
Meituan’s 63% Stock Surge Faces Risks in China Consumer Malaise,2024-09-20
The Fed is following its 1995 playbook — and that's great news for stocks and the economy,2024-09-20
Can the Federal Reserve’s surprise rate cut fuel a surge in crypto prices?,2024-09-20
"Dow, S&P 500 Close at Record Highs",2024-09-20
Equities Rally Intraday as Markets Weigh Fed Policy Move,2024-09-20
Oil prices set to end week higher after US rate cut,2024-09-20
"Summers Sees Fed Rate Projections Upended, Higher Mortgage Rates",2024-09-20
Why did mortgage rates go up after the Fed rate cut?,2024-09-20
"Investor focus turns to data, election, earnings after Fed cut",2024-09-21
"FedEx stock plummets after earnings miss, lower outlook flashes warning on economy",2024-09-21
Q2 Earnings Highs And Lows: Teladoc (NYSE:TDOC) Vs The Rest Of The Online Marketplace Stocks,2024-09-21
Unpacking Q2 Earnings: Sealed Air (NYSE:SEE) In The Context Of Other Industrial Packaging Stocks,2024-09-21
A Look Back at Casino Operator Stocks’ Q2 Earnings: Red Rock Resorts (NASDAQ:RRR) Vs The Rest Of The Pack,2024-09-21
Q2 Earnings Recap: Proto Labs (NYSE:PRLB) Tops Custom Parts Manufacturing Stocks,2024-09-21
A Look Back at Vertical Software Stocks’ Q2 Earnings: Bentley (NASDAQ:BSY) Vs The Rest Of The Pack,2024-09-21
"FedEx (NYSE:FDX) Reports Sales Below Analyst Estimates In Q3 Earnings, Stock Drops",2024-09-21
A Look Back at Perishable Food Stocks’ Q2 Earnings: Tyson Foods (NYSE:TSN) Vs The Rest Of The Pack,2024-09-21
Reflecting On Processors and Graphics Chips Stocks’ Q2 Earnings: Qorvo (NASDAQ:QRVO),2024-09-21
"Bitcoin Still Has More Upside Potential Than Any Tech Stock, and That Includes Nvidia",2024-09-21
Bitcoin's volatility intensifies as Fed slashes interest rates ahead of 2024 election,2024-09-21
SEC Approves Nasdaq to List Options on iShares Bitcoin Trust ETF,2024-09-21
Coinbase shares jump almost 7% as investors return to crypto after Fed cut,2024-09-21
Stock market today: US stocks end mixed but finish the week near record highs after the Fed's first rate cut in 4 years,2024-09-21
"There's a 12% correction looming for the stock market by the end of the year, Stifel says",2024-09-21
Global Money Is Chasing Indian Stocks Again as Bull Run Extends,2024-09-21
Why a top analyst just raised his year-end S&P 500 price target to the highest on Wall Street,2024-09-21
"MCD, SBUX, or CMG: Which Fast-Food Stock is the Best Investment Opportunity?",2024-09-21
"An under-the-radar corner of the stock market has the green light for a 'powerful' catch-up rally, Goldman Sachs portfolio manager says",2024-09-21
The Wall Street economist who nailed the Fed’s ‘joyous’ rate cut sees the same thing again,2024-09-22
"Boomers are subsidizing Gen Z and millennial spending habits, ‘Oracle of Wall Street’ says",2024-09-22
Boeing stock at 52-week lows as plane maker furloughs workers to preserve cash,2024-09-22
"Unlocking America’s Clean Hydrogen Potential: Navigating Policy, Challenges, and Market Opportunities",2024-09-22
Electric vehicles are suddenly the best deal in the used-car market as sellers confront plummeting prices,2024-09-22
Cathie Wood divests $23 million of surging tech stocks,2024-09-22
"Trump Media stock's new low, the Fed's rate cut, and the Dow's new record: Markets news roundup",2024-09-22
Australian Treasurer Expects to See Progress in Inflation Fight,2024-09-22
Fed Is About to Get Validation for Its Jumbo Rate Cut,2024-09-22
Valuation Angst Is Being Stoked by Fed’s Big Cut: Credit Weekly,2024-09-22
Silicon Valley Investors Rejoice at Fed’s Interest Rate Cut,2024-09-22
"Zoom to Cut Back on Stock-Based Compensation, Joining Salesforce, Workday",2024-09-22
German Yield Curve Normalizes Amid Bets on Faster ECB Rate Cuts,2024-09-23
Stocks Fluctuate Before Fed Speakers; Euro Falls: Markets Wrap,2024-09-23
"Weis Markets to acquire two Sunnyway supermarkets in Pennsylvania, US",2024-09-23
Global stocks are mixed after Wall Str ends a record-setting week,2024-09-23
"Stocks, Wall St futures firm as more easing imminent",2024-09-23
Analysts retool Carnival stock price targets ahead of earnings,2024-09-23
JD Vance says he's worried about a 'death spiral' in the US bond market. Here's what he's talking about.,2024-09-23
Why Wall Street is on board with bigger rate cuts in Q4,2024-09-23
Ibotta's CEO explains why startups shouldn’t try to time the IPO market,2024-09-23
"Fed speak, tech earnings and PCE inflation will test Wall Street this week",2024-09-23
Stock market today: Dow ends at a record high as markets see rising odds of another big rate cut,2024-09-24
China’s Economic Stimulus Plan Lifts Asian Stocks: Markets Wrap,2024-09-24
One stock being targeted by a value-investing legend in a market he says has gotten too top-heavy,2024-09-24
"China Mulls Stock Stability Fund, Unlocks $113 Billion From PBOC",2024-09-24
Stock market today: Asian shares gain as China eases rates to aid property industry,2024-09-24
"The job market is about to rebound as widespread spending boosts the economy, Apollo chief economist says",2024-09-24
Leading Candidates to Be Japan’s Prime Minister Avoid Stocks,2024-09-24
Asia stocks hit 2-1/2-year high on China's stimulus measures,2024-09-24
Vietnam Party Chief Expects Nation to Get US Market Economy Tag,2024-09-24
"Here are the most important days for the stock market between now and the November election, according to BofA",2024-09-24
Analyst adjusts Boeing stock price target on strike impact,2024-09-24
"Bank Indonesia to cut twice in Q4 as Fed easing shores up FX confidence, Reuters poll shows",2024-09-24
Reconstruction set to begin on Copenhagen’s fire-damaged Old Stock Exchange landmark,2024-09-24
GM stock drops on Bernstein downgrade. The problem: 'Earnings headwinds' and cost concerns.,2024-09-24
Renewable Energy Stocks Q2 Earnings: Sunrun (NASDAQ:RUN) Firing on All Cylinders,2024-09-24
Q2 Earnings Highlights: RE/MAX (NYSE:RMAX) Vs The Rest Of The Real Estate Services Stocks,2024-09-24
Q2 Earnings Outperformers: Okta (NASDAQ:OKTA) And The Rest Of The Cybersecurity Stocks,2024-09-24
Mango Markets Mulls CFTC Settlement Over Crypto Trading Violations,2024-09-24
Q2 Earnings Highlights: Smith & Wesson (NASDAQ:SWBI) Vs The Rest Of The Leisure Products Stocks,2024-09-25
A Look Back at Construction and Maintenance Services Stocks’ Q2 Earnings: Orion (NYSE:ORN) Vs The Rest Of The Pack,2024-09-25
Unpacking Q2 Earnings: Marqeta (NASDAQ:MQ) In The Context Of Other Finance and HR Software Stocks,2024-09-25
A Look Back at Advertising Software Stocks’ Q2 Earnings: The Trade Desk (NASDAQ:TTD) Vs The Rest Of The Pack,2024-09-25
Unpacking Q2 Earnings: Kura Sushi (NASDAQ:KRUS) In The Context Of Other Sit-Down Dining Stocks,2024-09-25
Q2 Earnings Highs And Lows: Huntington Ingalls (NYSE:HII) Vs The Rest Of The Defense Contractors Stocks,2024-09-25
Q2 Earnings Highlights: Braze (NASDAQ:BRZE) Vs The Rest Of The Sales And Marketing Software Stocks,2024-09-25
Analysts revamp stock price targets for Microsoft’s AI-power supplier,2024-09-25
Analysts adjust Corona beer parent company stock price target on sales,2024-09-25
Costco (COST) vs. Target (TGT): Which is the Better Stock Going Forward?,2024-09-25
"The stock market rally risks sparking an unsustainable 'melt-up' as the economy overheats, market vet Ed Yardeni says",2024-09-25
Morgan Stanley outlines the best-case scenario for stocks in the 4th quarter,2024-09-25
Pacer ETF Bets on Nasdaq 100 Dividend Yield,2024-09-25
Stock market today: Indexes add to records as traders parse more economic data and Fed comments,2024-09-25
Here's How Much Nvidia Stock CEO Jensen Huang Has Sold Lately,2024-09-25
Wayfair Sells $800 Million of Bonds in High-Yield Market Debut,2024-09-25
Visa stock plunges 5% as feds sue over alleged debit card monopoly,2024-09-25
China Stocks Rally Tested After Stimulus-Led Gains: Markets Wrap,2024-09-25
"Stock market today: Dow, S&P 500 drop as rally loses steam ahead of fresh economic data",2024-09-26
Stock market today: Asian markets surge higher after Wall Street takes a breather,2024-09-26
BlackRock’s Jewell Says Stocks Can Cope With Earnings Downgrades,2024-09-26
"Asian stocks defy Wall St selloff, charged by dogged China optimism",2024-09-26
Five Reasons to Stay Bullish on Nvidia Stock (NVDA) After Recent Corrections,2024-09-26
China’s Stocks Intervention Faces Long Odds Once Euphoria Fades,2024-09-26
Benard Arnault added $6 billion to his net worth in a day after China's stimulus sparked a rally in luxury stocks,2024-09-26
Biggest Futures Trade on Record Notched in SOFR Market,2024-09-26
"Man Group Defies China Skeptics, Expects Stock Rally to Sustain",2024-09-26
CEG vs. VST: Which Clean Energy Stock Is Better?,2024-09-26
"'We could be in for an everything rally': Stocks are mirroring the early days of one of history's biggest bull markets, hedge fund manager says",2024-09-26
Analysis-Stellantis CEO follows Chinese route to avoid EV tariff 'trap',2024-09-26
Analysis-Wall Street strikes back against New York's sovereign debt bill,2024-09-26
"Asian Stocks Rally Extends on Tech, China Stimulus: Markets Wrap",2024-09-26
China gives markets another reason to cheer,2024-09-26
Micron stock jumps as Q1 revenue forecast tops analyst estimates,2024-09-26
Reflecting On Home Construction Materials Stocks’ Q2 Earnings: Trex (NYSE:TREX),2024-09-26
Q2 Earnings Recap: Powell (NASDAQ:POWL) Tops Electrical Systems Stocks,2024-09-26
Q2 Earnings Outperformers: Latham (NASDAQ:SWIM) And The Rest Of The Leisure Products Stocks,2024-09-26
Reflecting On Gig Economy Stocks’ Q2 Earnings: Lyft (NASDAQ:LYFT),2024-09-26
China stocks set for best week since 2008; Japan leadership contest in focus,2024-09-27
"Asian Stocks Extend Rally on China, US Sentiment: Markets Wrap",2024-09-27
China Stocks Climb as Fiscal Stimulus Bets Woo More Buyers,2024-09-27
Micron stock soars as Q1 revenue forecast tops analyst estimates,2024-09-27
A Look Back at Footwear Retailer Stocks’ Q2 Earnings: Shoe Carnival (NASDAQ:SCVL) Vs The Rest Of The Pack,2024-09-27
Social Networking Stocks Q2 Earnings: Nextdoor (NYSE:KIND) Best of the Bunch,2024-09-27
Q2 Earnings Highs And Lows: Jamf (NASDAQ:JAMF) Vs The Rest Of The Automation Software Stocks,2024-09-27
Q2 Earnings Highs And Lows: Hain Celestial (NASDAQ:HAIN) Vs The Rest Of The Shelf-Stable Food Stocks,2024-09-27
A Look Back at Home Construction Materials Stocks’ Q2 Earnings: Griffon (NYSE:GFF) Vs The Rest Of The Pack,2024-09-27
Q2 Earnings Outperformers: Deckers (NYSE:DECK) And The Rest Of The Footwear Stocks,2024-09-27
"Costco earnings: Revenue misses, stock slips",2024-09-27
Analyst update Alphabet stock price target after AI event,2024-09-27
Goldman Sees Earnings Revisions Lifting Japanese Stocks Further,2024-09-27
"Analyst sail into new stock price targets for Royal Caribbean, Norwegian",2024-09-27
Hedge fund billionaire David Tepper says he's loading up on Chinese stocks after the nation's stimulus bazooka,2024-09-27
"Stock market today: Indexes rally on China stimulus, promising labor-market data",2024-09-27
Morning Bid: Roaring Chinese stocks set for best week in a decade,2024-09-27
Estée Lauder Stock Climbs After China Unveils Economic Stimulus,2024-09-27
"Why Nvidia stock could soar over 500% by the end of the decade, former consulting exec says",2024-09-28
"A super-rare bullish signal with a perfect track record just flashed in the stock market, suggesting another year of record highs",2024-09-28
The Intel Deal Rumors Keep Piling Up. This One Didn't Move the Stock Much Today,2024-09-28
Stock market today: US indexes gain after soft inflation report supports more rate cuts,2024-09-28
S&P 500 Gains and Losses Today: Casino Stocks Jump as China Stimulus Lifts Outlook,2024-09-28
U.S. stock market ends week higher despite the chill; Asia rallies on stimulus,2024-09-28
"Emerging Stocks Cap Best Week Since 2020 on China Vows, Fed Cuts",2024-09-28
Dow Closes at All-Time High; S&P 500 Falls,2024-09-28
Stocks Rally for the Week on Fed Rate-Cut Optimism: Markets Wrap,2024-09-28
Jobs data to test US stock market's soft-landing hopes,2024-09-28
Wall Street's Risk Binge Expands to Even Unloved Assets After Global Policy Easing,2024-09-28
Reflecting On Shelf-Stable Food Stocks’ Q2 Earnings: Utz (NYSE:UTZ),2024-09-28
Q2 Earnings Highs And Lows: Semtech (NASDAQ:SMTC) Vs The Rest Of The Semiconductor Manufacturing Stocks,2024-09-28
Q2 Earnings Highlights: Qualcomm (NASDAQ:QCOM) Vs The Rest Of The Processors and Graphics Chips Stocks,2024-09-28
Unpacking Q2 Earnings: Winnebago (NYSE:WGO) In The Context Of Other Automobile Manufacturers Stocks,2024-09-28
Reflecting On Home Furniture Retailer Stocks’ Q2 Earnings: RH (NYSE:RH),2024-09-28
Q2 Earnings Outperformers: Cloudflare (NYSE:NET) And The Rest Of The Software Development Stocks,2024-09-28
Q2 Earnings Highs And Lows: First Watch (NASDAQ:FWRG) Vs The Rest Of The Sit-Down Dining Stocks,2024-09-28
Reflecting On Perishable Food Stocks’ Q2 Earnings: Flowers Foods (NYSE:FLO),2024-09-28
"Savings account interest rates today, September 28, 2024 (best account provides 5.11% APY)",2024-09-29
How a Recent Announcement From One of Wall Street's Biggest Names Could be a Complete Game Changer for Bitcoin,2024-09-29
Mango Markets Is Latest Crypto Project to Settle SEC Charges,2024-09-29
September Consumer Sentiment Rises as Year-Ahead Inflation Expectations Ease,2024-09-29
Equity Markets Mixed Intraday After Macro Data,2024-09-29
August Consumer Spending Moderates as Annual Core Inflation Meets Estimates,2024-09-29
Freight market green shoots fade heading into October,2024-09-29
Dow Jones Industrial Average (NYSE:DIA) Closes at Record High on Tame Inflation Data,2024-09-29
"Nvidia Stock (NVDA) Is Still a Long-Term Winner, No Matter the Noise",2024-09-29
Veteran analyst makes surprising decision on Rocket Lab stock after surge,2024-09-29
"Chinese Stocks Soar Most Since 2015, Heading for Bull Market",2024-09-30
Japanese Stocks Tumble as Ishiba’s Win Wrongfoots Easing Bets,2024-09-30
Japanese Stocks Plummet on Rate Hike Worries: Markets Wrap,2024-09-30
Singapore’s Moribund IPO Market Looks to REITs for a Lifeline,2024-09-30
Top Performing Fund in Malaysia Switches to Consumer Stocks,2024-09-30
Veteran fund manager revamps Facebook parent stock price target after conference,2024-09-30
Trump Media stock is down 70% since going public. One expert says its $3 billion valuation is still 'unjustifiable.',2024-09-30
Stocks Are In and Bonds Are Out: Top Trades for the Rest of the Year,2024-09-30
"Fed's rate cut could catapult mid-cap stocks over the S&P 500 as the top trade, strategists say",2024-09-30
"The Mavericks of Metals Are Back, Rocking a $15 Trillion Market",2024-09-30
Nvidia's CEO Jensen Huang Once Said 'Zero-Billion-Dollar Markets' Are His Favorite. Here's What That Means And How It Could Help You,2024-09-30
Wall Street forms super teams to fight for $1.7 trillion private credit market,2024-09-30
"1 Stock to Buy, 1 Stock to Sell This Week: Tesla, Levi Strauss",2024-09-30
Analysts revamp stock price targets on top Warren Buffett stock (hint: It's not Apple),2024-10-01
Malaysian Bourse Eyes Value-Boosting Plans to Lure Stock Traders,2024-10-01
Stock market today: US indexes drop as investors prepare for wave of jobs data this week,2024-10-01
4 housing markets where giant builder KB Home is cutting home prices,2024-10-01
Capri Stock Jumps as FTC Hearing Sparks Some Optimism on Tapestry Deal,2024-10-01
China's bond market seems skeptical that recent stimulus will be enough,2024-10-01
China's $114 billion stimulus package immediately boosted its stock market. But can it last?,2024-10-01
"Dow, S&P 500 Close at Record Highs as Markets Weigh Fed Chair Comments",2024-10-01
FedEx Stock Gains as Possible Port Strike Could Bolster Air Freight,2024-10-01
Markets hit fresh records after Powell’s rate cut remarks,2024-10-01
China’s Stock-Market Revival Fails to Register With Fed-Obsessed US Traders,2024-10-01
Unpacking Q2 Earnings: WideOpenWest (NYSE:WOW) In The Context Of Other Cable and Satellite Stocks,2024-10-01
Q2 Earnings Highlights: Offerpad (NYSE:OPAD) Vs The Rest Of The Real Estate Services Stocks,2024-10-01
A Look Back at Leisure Products Stocks’ Q2 Earnings: Harley-Davidson (NYSE:HOG) Vs The Rest Of The Pack,2024-10-01
Reflecting On Industrial Distributors Stocks’ Q2 Earnings: GMS (NYSE:GMS),2024-10-01
Q2 Earnings Outperformers: Desktop Metal (NYSE:DM) And The Rest Of The Custom Parts Manufacturing Stocks,2024-10-01
Reflecting On Software Development Stocks’ Q2 Earnings: JFrog (NASDAQ:FROG),2024-10-01
Q2 Earnings Highlights: Concrete Pumping (NASDAQ:BBCP) Vs The Rest Of The Construction and Maintenance Services Stocks,2024-10-01
Unpacking Q2 Earnings: Arlo (NYSE:ARLO) In The Context Of Other Internet of Things Stocks,2024-10-01
Q2 Earnings Highs And Lows: Alarm.com (NASDAQ:ALRM) Vs The Rest Of The Vertical Software Stocks,2024-10-01
"Investing in China's stock market is like 'picking up dimes in front of bulldozers' given the nation's long-running stagnation, 'Big Short' investor Kyle Bass says",2024-10-02
India overtakes China in MSCI index as demand for Indian stocks surges,2024-10-02
China Back to Dominating Emerging Markets as MSCI Weight Soars,2024-10-02
Peak XV trims fund size and fees as Indian market overheats,2024-10-02
China Rally Spurs $7 Billion Loss for Shorts of US-Listed Stocks,2024-10-02
Blockchain uncorks efficiency in the luxury wine market,2024-10-02
"Buy US-listed casino and copper stocks to capitalize on China stimulus, research firm says",2024-10-02
The biggest stock market winners and losers of the US port strike,2024-10-02
Experts weigh in on durability of China's sizzling stock rally,2024-10-02
Nike Stock Swoons as Apparel Giant Withdraws Full-Year Outlook Ahead of CEO Change,2024-10-02
New bitcoin options market to open untapped liquidity and leverage,2024-10-02
"Bitcoin drops to $60,000 as escalating Middle East tensions rattle the crypto market",2024-10-02
"Tether's USDT Has Uses Beyond Crypto Markets, Trading: CEO Paolo Ardoino",2024-10-02
Chinese Stocks in Hong Kong Jump With Developers Leading Gains,2024-10-02
"Oil Gains on Mideast Tensions, HK Stocks Advance: Markets Wrap",2024-10-02
Options Scenario That’s Led to Hong Kong Stock Gains Is Back,2024-10-02
"Asia stocks slide, oil extends gains on Middle East risks",2024-10-02
Morning Bid: Markets bunker down as Iran-Israel tensions spark,2024-10-02
Nike stock tumbles as company withdraws guidance amid CEO change,2024-10-02
Yen Carry Trade Back in Spotlight as Ishiba U-Turn Jolts Markets,2024-10-03
"Chinese Stocks Snap 13-Day Rally, Yen Weakens: Markets Wrap",2024-10-03
Morning Bid: PMIs to pave the way for rate cuts,2024-10-03
China Property Stocks Slump as Caution Grows After Record Rally,2024-10-03
Stock market today: Asian shares are mixed and the yen slips against the dollar,2024-10-03
Stock market today: US stocks edge up amid Middle East turmoil as traders turn to incoming data,2024-10-03
The strategy a $69 billion hedge fund uses to make sure it never loses money in the stock market,2024-10-03
OpenAI will let employees sell some stock after its monster fundraising round,2024-10-03
"Stocks face a 10% drop with key economic data mired in recession territory, investment chief says",2024-10-03
S&P 500 Update: Can Friday’s NFP Report Crash the Market?,2024-10-03
"These 2 sectors of the stock market are poised to benefit most if Trump wins in November, RBC says",2024-10-03
"Japanese stocks rally, yen falters as BOJ rate hike bets fade",2024-10-03
"China Stocks Yet to Match Earlier Pivot Rallies, Researcher Says",2024-10-03
Warren Buffett Sells $338 Million of BofA Stock as Spree Slows,2024-10-03
China’s Sudden Stock Rally Sucks Money From Rest of Asia,2024-10-03
Q2 Earnings Highs And Lows: Q2 Holdings (NYSE:QTWO) Vs The Rest Of The Vertical Software Stocks,2024-10-03
Q2 Earnings Highlights: Lovesac (NASDAQ:LOVE) Vs The Rest Of The Home Furnishings Stocks,2024-10-03
Q2 Earnings Outperformers: Donaldson (NYSE:DCI) And The Rest Of The Gas and Liquid Handling Stocks,2024-10-03
Reflecting On Household Products Stocks’ Q2 Earnings: Central Garden & Pet (NASDAQ:CENT),2024-10-03
Nike stock slides as company withdraws guidance amid CEO change,2024-10-03
"Thailand credit and charge card payments market to grow by 7.1% in 2024, forecasts GlobalData",2024-10-04
Stock market today: Asian shares are mixed after Middle East tensions weigh on Wall St,2024-10-04
Hong Kong Dollar in Rare Spotlight as Stock Rally Boosts Demand,2024-10-04
Berkshire Sounds Out Market for Yen Bonds as Yields Slide,2024-10-04
Chinese Stocks in Hong Kong Resume Rally as Travel Data in Focus,2024-10-04
Shipping stocks slide after US port strike ends,2024-10-04
"3 bullish catalysts could keep the bull rally alive and boost stocks 13% in the coming year, research firm says",2024-10-04
"Taiwan Stocks Rise, Dollar Falls as Market Resumes Post Storm",2024-10-04
Investing giants want to offer retail traders access to a booming sector of financial markets,2024-10-04
Veteran analyst roasts Boeing's stock after miscues,2024-10-04
More Stocks Trade Below Book Value in Japan Despite Reforms,2024-10-04
European Stocks Futures Gain Before US Jobs Data: Markets Wrap,2024-10-04
Inside Macron's pitch meeting with Wall Street as budget woes mount,2024-10-04
Asia Currencies Set for Worst Week in Year as Fed Cut Bets Pared,2024-10-04
Vehicle Parts Distributors Stocks Q2 Earnings: Rush Enterprises (NASDAQ:RUSHA) Best of the Bunch,2024-10-04
Q2 Earnings Outperformers: Remitly (NASDAQ:RELY) And The Rest Of The Online Marketplace Stocks,2024-10-04
Q2 Earnings Highs And Lows: MasTec (NYSE:MTZ) Vs The Rest Of The Engineering and Design Services Stocks,2024-10-04
Q2 Earnings Recap: Clean Harbors (NYSE:CLH) Tops Waste Management Stocks,2024-10-04
Morning Bid: Oil's shadow over world markets darkens,2024-10-04
US dividend ETFs bask in investor attention after jumbo Fed rate cut,2024-10-05
Ed Yardeni Sees Fed Pausing Rate Cuts for 2024 After Jobs Report,2024-10-05
"Powell’s Outsized Influence Signals Smaller Fed Cut, Nomura Says",2024-10-05
Stocks Close Near Session Highs; Yields Climb: Markets Wrap,2024-10-05
Medicare shake-up sends Humana stock down 23% in a week for its worst drop since 2009,2024-10-05
Warren Buffett has sold about $10 billion of Bank of America stock — after slashing his Apple stake by nearly 60%,2024-10-05
Stock market today: US stocks jump after blowout September jobs report,2024-10-05
S&P 500 Gains and Losses Today: Uncertain Mortgage Outlook Pressures Homebuilders,2024-10-05
"Dow Hits Closing Record, Yields Jump After Strong Jobs Report",2024-10-05
Jobs report stokes Wall Street rally that erases the week’s earlier losses,2024-10-05
CervoMed Ends $20 Million Stock Sales Agreement with BTIG,2024-10-05
TPG Taps JPMorgan Veteran Sohn to Lead Equity Capital Markets,2024-10-05
"Rivian cuts production forecast, citing supply chain issue; its stock dips",2024-10-05
"Stock market today: Dow leaps to record, stocks recoup weekly losses after jobs report blowout",2024-10-05
"U.S. Election Betting: Regulated Presidential Markets Are Live, and Tiny Compared to Polymarket's",2024-10-05
Investors look to earnings to support record-high stock prices,2024-10-05
Unpacking Q2 Earnings: Tenable (NASDAQ:TENB) In The Context Of Other Cybersecurity Stocks,2024-10-05
Reflecting On Specialty Equipment Distributors Stocks’ Q2 Earnings: Richardson Electronics (NASDAQ:RELL),2024-10-05
Q2 Earnings Outperformers: MDU Resources (NYSE:MDU) And The Rest Of The Construction and Engineering Stocks,2024-10-05
A Look Back at Aerospace and Defense Stocks’ Q2 Earnings: Axon (NASDAQ:AXON) Vs The Rest Of The Pack,2024-10-05
"Elon Musk, AI and start of earnings season will jolt markets",2024-10-06
Veteran fund manager delivers startling S&P 500 warning,2024-10-06
'Inflation is not dead': Consumer prices are still in focus for investors despite the Fed's labor-market pivot,2024-10-06
"As forex markets await political shocks, one tipping point could lead to a 'catastrophic trade' that unwinds markets",2024-10-06
Wall Street is starting to have buyer’s remorse on the Fed’s jumbo rate cut,2024-10-06
Goldman Sachs strategist lays out surprising view on stocks,2024-10-06
Nvidia CEO's bombshell raises the bar for the stock,2024-10-06
Cathie Wood pares two rocking technology stocks,2024-10-06
Netflix stock is on a tear. But its big challenge is making sure people keep watching.,2024-10-06
15 cars losing the most value on the used market right now,2024-10-06
Housing market update: More than 4 million homeowners could refinance their mortgages,2024-10-06
Q2 Earnings Highs And Lows: Intuit (NASDAQ:INTU) Vs The Rest Of The Finance and HR Software Stocks,2024-10-06
Saudi Stocks Face Rising Risks as Regional Conflict Deepens,2024-10-06
US Inflation Is Set to Reassure a Labor Market-Focused Fed,2024-10-06
China Stock Skepticism Gets Louder Amid World-Beating Run,2024-10-07
Asian Stocks Eye Early Gains After US Jobs Report: Markets Wrap,2024-10-07
ECB will probably cut rates in Oct on risk of too low inflation: Villeroy,2024-10-07
Veteran investment strategist puts 3 top stocks in focus,2024-10-07
"FTSE’s Index Revamp Has Korean, Indian Bond Markets on Watch",2024-10-07
Morning Bid: Markets mull potential US ‘no landing',2024-10-07
'I am getting increasingly queasy': JPMorgan's strategy chief on why investors should dial back risk amid market distortions,2024-10-07
A GE spinoff's stock is surging as it positions itself as the 'supermarket' for AI energy demand,2024-10-07
S&P’s $8 Trillion Rally Will Be Tested by Tricky Earnings Season,2024-10-07
"1 Stock to Buy, 1 Stock to Sell This Week: AMD, Delta Air Lines",2024-10-07
"Nvidia's AI summit, Tesla's robotaxi, Amazon Prime Day, inflation: What to watch in the markets this week",2024-10-07
The 3 biggest themes investors are watching for as earnings season kicks off,2024-10-07
Inflation update and the start of Q3 earnings: What to know this week,2024-10-07
"Stock market today: Chinese shares soar, then fade as Beijing outlines details of stimulus",2024-10-08
"Chinese Stock Rally Loses Steam, Asian Peers Fall: Markets Wrap",2024-10-08
China’s Stock Rally Fizzles as Traders Reassess Stimulus Bets,2024-10-08
Earnings season kicks off after a blowout jobs report upended investors' hopes of another interest-rate cut,2024-10-08
Earnings Outlook Spurs Hope Japan Stocks Will Hold 2024 Gains,2024-10-08
Q2 Earnings Highlights: Wayfair (NYSE:W) Vs The Rest Of The Online Retail Stocks,2024-10-08
Q2 Earnings Outperformers: Reynolds (NASDAQ:REYN) And The Rest Of The Household Products Stocks,2024-10-08
A Look Back at Analog Semiconductors Stocks’ Q2 Earnings: ON Semiconductor (NASDAQ:ON) Vs The Rest Of The Pack,2024-10-08
Unpacking Q2 Earnings: Topgolf Callaway (NYSE:MODG) In The Context Of Other Leisure Facilities Stocks,2024-10-08
Unpacking Q1 Earnings: Everi (NYSE:EVRI) In The Context Of Other Gaming Solutions Stocks,2024-10-08
Reflecting On Water Infrastructure Stocks’ Q2 Earnings: Energy Recovery (NASDAQ:ERII),2024-10-08
Q2 Earnings Outperformers: Box (NYSE:BOX) And The Rest Of The Productivity Software Stocks,2024-10-08
"Chip stocks surge after Super Micro Computer says it's shipping 100,000 GPUs a quarter",2024-10-08
"Brace for stock-market volatility this week if inflation comes in hot after the September jobs report, BofA says",2024-10-08
"California home made from wine barrels, 'rustic charm' hits market: See inside",2024-10-08
China stock markets roar back from holidays; Hong Kong slides,2024-10-08
Goldman Sachs bumps its S&P 500 price target for the 3rd time this year as it sees higher corporate profits ahead,2024-10-08
China reopens with a bang but fails to lift Asia stocks,2024-10-08
Analyst reboots Reddit stock price target ahead of earnings,2024-10-08
China chip stocks are soaring as excitement grows for another round of stimulus from Beijing,2024-10-08
"The bar for earnings is low, and stocks should rise as long companies are feeling upbeat about lower rates, BofA says",2024-10-09
"Chinese Stocks Drop Amid Stimulus Skepticism, Weak Holiday Data",2024-10-09
"China stocks fall sharply, set to snap winning streak",2024-10-09
South Korea Joins Major FTSE Russell Index After Bond Market Reforms,2024-10-09
Seven & i stock surges after report of Couche-Tard raising buyout bid by 20%,2024-10-09
Analyst reset Meta stock price target ahead of Q3 earnings,2024-10-09
Fed Vice Chair Jefferson: rate cut aimed at keeping US job market strong,2024-10-09
Warren Buffett's Berkshire dumps bank stock before earnings,2024-10-09
Analyst updates Tesla stock price target ahead of key robotaxi event,2024-10-09
VC Investors Are Excited About Prediction Markets (Again),2024-10-09
DJT stock is on a winning streak. But is Trump Media a risky investment?,2024-10-09
Why this earnings season will drive a 'muted market reaction',2024-10-09
Q2 Earnings Outperformers: Valmont (NYSE:VMI) And The Rest Of The Building Materials Stocks,2024-10-09
"Apparel, Accessories and Luxury Goods Stocks Q2 Earnings Review: VF Corp (NYSE:VFC) Shines",2024-10-09
Q2 Earnings Outperformers: Terex (NYSE:TEX) And The Rest Of The Construction Machinery Stocks,2024-10-09
"Hotels, Resorts and Cruise Lines Stocks Q2 Earnings Review: Norwegian Cruise Line (NYSE:NCLH) Shines",2024-10-09
Q2 Earnings Highs And Lows: GoDaddy (NYSE:GDDY) Vs The Rest Of The E-commerce Software Stocks,2024-10-09
Q2 Earnings Highlights: Dycom (NYSE:DY) Vs The Rest Of The Engineering and Design Services Stocks,2024-10-09
Q2 Earnings Highlights: Agilysys (NASDAQ:AGYS) Vs The Rest Of The Vertical Software Stocks,2024-10-09
Wall Street Races to Launch Latest Cohort of Crypto-Spot ETFs,2024-10-09
Dollar hovers near two-month peak as Fed easing bets ebb before inflation data,2024-10-10
Asian Equities Climb as US Record High Lifts Mood: Markets Wrap,2024-10-10
Gold Holds Drop Before Inflation Data as Traders Weigh Rate Path,2024-10-10
Billionaire 'Bond King' Bill Gross recommends 4 defensive investments for a bull market he sees losing steam,2024-10-10
Veteran fund manager debunks Goldman Sachs' stocks outlook,2024-10-10
UBS ‘quantimental’ framework identifies a surprise U.S. company as its highest ranking stock,2024-10-10
Stock market today: US stocks trade mixed with Fed minutes and rate outlook in focus,2024-10-10
Utility Stocks Come Down From AI-Driven Highs,2024-10-10
"Morning Bid: Reality check for China stocks, dollar rips higher",2024-10-10
Developing-World Stocks Suffer Biggest Two-Day Loss Since August,2024-10-10
South Korea’s Bond Inclusion Win Sets the Market Up for a Lift,2024-10-10
"LLY, NVS, or ISRG: Which Healthcare Stock Scores Wall Street’s “Strong Buy” Rating?",2024-10-10
"Stock market today: Dow, S&P 500 jump to fresh records as key CPI report looms",2024-10-10
Equities rise after Fed minutes; inflation data and earnings in focus,2024-10-10
Reflecting On Environmental and Facilities Services Stocks’ Q1 Earnings: Veralto (NYSE:VLTO),2024-10-10
Unpacking Q2 Earnings: Saia (NASDAQ:SAIA) In The Context Of Other Ground Transportation Stocks,2024-10-10
Q2 Earnings Outperformers: Rollins (NYSE:ROL) And The Rest Of The Environmental and Facilities Services Stocks,2024-10-10
The big question hanging over banks as earnings season starts,2024-10-10
Reflecting On Sales And Marketing Software Stocks’ Q2 Earnings: Sprinklr (NYSE:CXM),2024-10-10
"Tesla stock sinks, Bitcoin's creator, and the next Nvidia: Markets news roundup",2024-10-13
"Dow, S&P 500 Close at Record Highs After Big Bank Earnings",2024-10-13
Bank Earnings Help Lift Equity Markets Higher Intraday,2024-10-13
Consumer Sentiment Drops as Year-Ahead Inflation Outlook Moves Higher,2024-10-13
ECB Is Set to Deepen Global Easing With Rate Cut It Didn’t Expect,2024-10-13
"China's deflationary pressures build in Sept, consumer inflation cools",2024-10-13
Stock market today: Dow and S&P 500 notch record highs as earnings season kicks off,2024-10-13
Health of US consumer in focus as earnings season heats up,2024-10-13
The market braces for a tricky earnings season: Morning Brief,2024-10-13
"S&P 500, Dow hit records, boosted by bank earnings surprise",2024-10-13
A Look Back at Aerospace Stocks’ Q2 Earnings: Rocket Lab (NASDAQ:RKLB) Vs The Rest Of The Pack,2024-10-13
Q2 Earnings Highlights: Methode Electronics (NYSE:MEI) Vs The Rest Of The Electrical Systems Stocks,2024-10-13
Q2 Earnings Highs And Lows: Enphase (NASDAQ:ENPH) Vs The Rest Of The Renewable Energy Stocks,2024-10-13
Trump Media stock soars after sudden reversal in election odds,2024-10-13
The stock market's bull rally is 2 years old. Here's what tends to happen next.,2024-10-13
Costco Stock (COST) Offers No Meaningful Appeal at the Current Price,2024-10-13
Cathie Wood buys $15 million of soaring mega-cap tech stocks,2024-10-13
"Bentonville, AR is growing rapidly, which has fueled a hot real estate market",2024-10-13
"ETF Investors Shrug Off Market Uncertainties, Bullish on Mag 7, Schwab Survey Finds",2024-10-13
15 cars gaining the most value on the used market right now,2024-10-13
"Tech Stocks Rally While Oil, Energy Shares Drop: Markets Wrap",2024-10-15
Chinese Stocks Drop as Investors Debate Rally’s Sustainability,2024-10-15
Hyundai Motor India IPO Prospects Dim in Gray Market Trading,2024-10-15
Stock market today: Asian shares are mostly higher after Wall St powers to more records,2024-10-15
Stock market today: S&P 500 hits another record close as rally presses on amid earnings,2024-10-15
"Collapse risks loom as markets are the most fragile they've been in 20 years, 'Black Swan' author Nassim Taleb says",2024-10-15
"The stock market is overvalued, but that's no reason to turn bearish, analyst says",2024-10-15
"Why small stocks are 'ripe' for gains ahead of the November election, according to Cantor Fitzgerald",2024-10-15
"Financial stocks are still being woefully underappreciated by investors, Morgan Stanley says",2024-10-15
"As Nvidia stock surges, CEO Jensen Huang has a lot on his mind",2024-10-15
Warren Buffett's Berkshire buys top entertainment stock,2024-10-15
Nvidia stock tests record highs as Wall Street defends chipmaker's valuation amid 'AI arms race',2024-10-15
Caterpillar Stock Slips as Analysts Worry About 'Bloated' Inventories,2024-10-15
Stock market today: Indexes trade mixed as investors await wave of earnings results,2024-10-15
Stocks Rise as Earnings Set to Kick Into High Gear: Markets Wrap,2024-10-15
CEOs and Analysts Are at Odds About S&P 500’s Earnings Outlook,2024-10-15
Unpacking Q2 Earnings: Vulcan Materials (NYSE:VMC) In The Context Of Other Building Materials Stocks,2024-10-15
Vertical Software Stocks Q2 Earnings: Olo (NYSE:OLO) Best of the Bunch,2024-10-15
Reflecting On Traditional Fast Food Stocks’ Q2 Earnings: Yum! Brands (NYSE:YUM),2024-10-15
Q2 Earnings Review: Construction and Maintenance Services Stocks Led by Great Lakes Dredge & Dock (NASDAQ:GLDD),2024-10-15
Debt Swaps Created by Credit Suisse Find Favor on Wall Street,2024-10-17
Stock market today: Asian shares turn lower after strong earnings boost stocks on Wall St,2024-10-17
"Morning Bid: ECB to cut, markets want clues on next move",2024-10-17
Stock market today: Dow jumps 337 points to fresh record as US stocks rise on solid earnings,2024-10-17
Tokyo Stock Exchange CEO says talks between firms and investors key to governance,2024-10-17
Luxury stocks slide as LVMH disappoints and Wall Street eyes few signs of stronger China demand despite stimulus,2024-10-17
The Trump trade is back on as betting markets swing in favor of a win for the former president,2024-10-17
"Asia stocks stall on China housing plan, 'Trump trade' lifts dollar",2024-10-17
"The stock market is in a 'mania' that will push it higher before a potential 26% drop in 2025, Stifel says",2024-10-17
Major Wall Street firm lays out extreme possibility for S&P 500 in 2025,2024-10-17
"The stock market has flashed a sell signal not seen since February 2021, Bank of America says",2024-10-17
Hyundai’s Indian Stock Listing to Proceed as IPO Fully Sold,2024-10-17
Chinese stocks slide into correction as stimulus hopes wane,2024-10-17
European stocks waver before ECB as miners slump: Markets Wrap,2024-10-17
Nvidia is set to dominate another Big Tech earnings season,2024-10-17
Netflix earnings preview: Investors eye potential price hikes as stock trades near all-time highs,2024-10-17
ASML reports accidental earnings disclosure to Dutch market regulator,2024-10-17
Investment banking surge at Morgan Stanley solidifies Wall Street revival,2024-10-17
Nvidia Will Dominate Big Tech’s Earnings Season Again,2024-10-17
General Industrial Machinery Stocks Q1 Earnings: Luxfer (NYSE:LXFR) Best of the Bunch,2024-10-17
Short Report: MicroStrategy shorts reduce exposure as stock rallies,2024-10-20
"1 Stock to Buy, 1 Stock to Sell This Week: GE Aerospace, UPS",2024-10-20
"Stanley Druckenmiller offers bold view on stocks, election",2024-10-20
Bank of America Predicts up to ~390% Surge for These 2 ‘Strong Buy’ Stocks,2024-10-20
"How investors are betting on the election, from utility stocks to DJT",2024-10-20
"Amazon, Tesla and more earnings, AI conferences, and economic data: What to watch in the markets this week",2024-10-20
Stocks Go from Oversold to Overbought – What a Year!,2024-10-20
"Tesla, Amazon — even Boeing — will move markets this week",2024-10-20
Flux Power Faces Nasdaq Compliance Challenges,2024-10-20
MultiMetaVerse receives noncompliance notification from Nasdaq,2024-10-20
Nvidia stock is in beast mode again!,2024-10-20
Fears of ‘False Start’ for Fed Leave Emerging Markets in Limbo,2024-10-20
Stock market today: US stocks close at records and notch 6-week win streak amid solid earnings,2024-10-20
Stock market today: Indexes trade near record highs after a string of solid earnings reports,2024-10-20
"Netflix stock secures fresh record after earnings, subscriber growth top estimates",2024-10-20
Stock market today: Asian markets are mostly higher after another winning close on Wall Street,2024-10-21
"Asian Shares Trade in Range, Gold Rises to Record: Markets Wrap",2024-10-21
Waaree Energies’ IPO Taps Into a 357% Rally in Renewable Stocks in India,2024-10-21
Veteran fund manager resets Nvidia stock price target after supplier update,2024-10-21
RBA’s Hauser Is Encouraged by Rate Market’s Response to Data,2024-10-21
"S&P 500 Set to Grind Higher Toward 6,000 Milestone: Survey",2024-10-21
Veteran fund manager delivers blunt words on stock market,2024-10-21
Analysts revamp Netflix stock price targets after Q3 earnings surprise,2024-10-21
China's attempts to save its flailing housing market haven't boosted confidence among top Wall Street analysts,2024-10-21
Should you buy Nvidia stock now? It may be a once-in-a-generation opportunity,2024-10-21
"S&P 500, Dow Close at Record Highs as Netflix Soars",2024-10-21
"September Existing Home Sales Drop as Hurricane Helene Impacts Florida Market, Redfin Says",2024-10-21
Equity Markets Rise Intraday Amid Netflix Rally,2024-10-21
Private Credit Set to Jump on Higher Interest Rates in Australia,2024-10-22
Asian Shares Decline as Bonds Extend Selloff: Markets Wrap,2024-10-22
Tokyo Metro’s Listing to Test Appetite for Japanese Stocks,2024-10-22
Gold Steady Near Record High as Traders Digest Fed Rate Views,2024-10-22
"Bitcoin surges past $69,000, then retreats amid market volatility",2024-10-22
Cambodian solar firms no longer cooperating with US tariff probe,2024-10-22
"Helene, Milton Could Trim $80 Billion From GDP, But Overall Impact Likely to be Nominal, Wells Fargo Investment Says",2024-10-22
Equities Mostly Fall Intraday as Markets Await This Week's Major Earnings,2024-10-22
"Policymakers Should 'Gradually' Cut Rates Amid Macro Risks, Dallas Fed's Logan Says",2024-10-22
Atlantic Union Bankshares Buying Sandy Spring Bancorp in $1.6 Billion All-Stock Deal,2024-10-22
"The economic 'no landing' could drive the S&P 500 to a 13% gain in 2025, UBS says",2024-10-22
Nvidia stock closed at a record high as Wall Street sees strong AI demand,2024-10-22
"The S&P 500's golden decade of returns is over, Goldman says",2024-10-22
Stock market today: Indexes edge lower as investors take a breather after record-setting week,2024-10-22
"Dow, S&P 500 Retreat From Record Highs Ahead of Major Earnings",2024-10-22
Nvidia Stock Climbs to Fresh High as Analysts Grow More Bullish,2024-10-22
Wall Street’s rally cools as investors brace for big earnings week,2024-10-22
Netflix stock closes at all-time high as investors praise earnings. But valuation concerns remain.,2024-10-22
"Stock market today: US futures rise as Treasury yields ease, but weekly losses loom",2024-10-25
Reflecting On Education Services Stocks’ Q2 Earnings: Lincoln Educational (NASDAQ:LINC),2024-10-25
Q2 Earnings Highs And Lows: Herbalife (NYSE:HLF) Vs The Rest Of The Personal Care Stocks,2024-10-25
A Look Back at Data Analytics Stocks’ Q2 Earnings: Health Catalyst (NASDAQ:HCAT) Vs The Rest Of The Pack,2024-10-25
Q2 Earnings Highs And Lows: Elastic (NYSE:ESTC) Vs The Rest Of The Data and Analytics Software Stocks,2024-10-25
Reflecting On Processors and Graphics Chips Stocks’ Q2 Earnings: Broadcom (NASDAQ:AVGO),2024-10-25
Elon Musk added over $30 billion to his net worth in a day on Tesla's post-earnings stock surge,2024-10-25
"Tesla stock surges 18% after stellar earnings, one of its biggest gains in years",2024-10-25
Carrier Global Boosts Stock Buyback Program by $3 Billion,2024-10-25
ASML stock price drop shows how vital it is for the future of technology,2024-10-25
US Stock Futures Trim Weekly Drop; Treasuries Gain: Markets Wrap,2024-10-25
Futures gain as Treasury yields fall; Tesla slips,2024-10-25
Stock Market Today: Stocks higher to close out rocky week on Wall Street,2024-10-25
"Spirit Airlines Stock Jumps on Job Cuts, Plane Sales",2024-10-25
"Time to Hit Buy on These 2 Software Stocks, Says Daniel Ives",2024-10-25
Apple iPhone 16 sales in China put it back at No 2 in local smartphone market for Q3,2024-10-25
Thailand vehicle market plunges 37% in September,2024-10-25
"GM gets Wall Street love, Tesla gets a win, and the best and worst car deals: Autos news roundup",2024-10-25
"Stocks rally faces gauntlet of tech earnings, jobs data, election",2024-10-26
Saia’s (NASDAQ:SAIA) Q3 Earnings Results: Revenue In Line With Expectations But Stock Drops,2024-10-26
Bond Trading Frenzy Risks Giving Market Makers a False Sense of Security,2024-10-26
BA vs. LMT: Which Aerospace Stock Is Flying Higher?,2024-10-26
Why Now Is the Time to Be Cautious on Qualcomm Stock (NASDAQ:QCOM),2024-10-26
Cathie Wood sold $22.3 million of surging tech stock,2024-10-26
T-Mobile downgraded to Market Perform on recent rally at Raymond James,2024-10-26
Stimulus Matters More Than US Election for Chinese Stocks,2024-10-26
Nasdaq price target raised to $87 from $84 at Barclays,2024-10-26
Align Tech Announces $275 Million Stock Buyback Plan,2024-10-26
"‘Load Up,’ Says J.P. Morgan About These 3 Nuclear Power Stocks",2024-10-26
Should Investors Buy IBM Stock for its Quantum Potential?,2024-10-26
"Goldman says the party's over, Tesla stock soars, and Microsoft's Bitcoin bet: Markets news roundup",2024-10-26
"Corporate Earnings, Macro Data Leave Equity Markets Mixed",2024-10-26
NY Fed says banks obscuring commercial real estate risks by extending loan terms,2024-10-26
Saudi Arabia Taps BlackRock to Build Mortgage-Backed Securities Market,2024-10-26
This week in Bidenomics: The inflation Rorschach test,2024-10-26
"GDP, Storm-Impacted Jobs Numbers to Set Table Ahead of Fed Policy Meeting",2024-10-27
Stocks are bracing for a monster week,2024-10-27
"Yen Falls, Japan’s Stocks Rise as Traders Weigh Election Impact",2024-10-28
"Oil Slumps, Yen Drops on Japanese Vote Result: Markets Wrap",2024-10-28
Wall Street and Tech Royalty Fly to Saudi Amid Mideast War,2024-10-28
Korea Zinc Buyback Delivers Stock But No Clear Winner,2024-10-28
Global Funds Look to India as Financial Market Jitters Rise,2024-10-28
Stock market today: Asian shares rise and the yen dips after Japan's ruling party loses majority,2024-10-28
Strategists Say Election Clouds Outlook for Japanese Markets,2024-10-28
Should you buy Tesla stock now? The EV maker is ‘charging up for the next wave of growth’,2024-10-28
Polls and prediction markets are signaling a Republican sweep in the election,2024-10-28
Sam Altman-backed energy stock surges amid AI-driven 'nuclear power renaissance',2024-10-28
One chart shows how AI will drive another decade of US stock market dominance,2024-10-28
A 10-Day Test Is Coming for Bond Market Battered by Selloff,2024-10-28
Why This Green Bitcoin Miner Could Be the Next Big AI Infrastructure Stock,2024-10-28
Magnificent 7 shake-up: Why Wall Street is reassessing Tesla's position and looking toward Netflix,2024-10-28
Ford's stock drops 6% in after-hours trading after releasing third-quarter earnings,2024-10-29
"These 2 ‘Strong Buy’ Penny Stocks Could Rally Over 500%, Say Analysts",2024-10-29
"Stocks Rise With Earnings, US Election in Focus: Markets Wrap",2024-10-29
"HSBC's Elhedery dismisses spin-off talk as 3rd-quarter results beat forecast, stock soars",2024-10-29
Oneview and Baxter extend partnership to Canadian market,2024-10-29
Dogecoin Surges Above $24B Market Cap Following Trump Rally Reference,2024-10-29
Robinhood Opens Trading for Presidential Elections as Markets Continue To Shine,2024-10-29
"Hedge Fund Vantage Point Buys Dollar, Japan Stocks in Trump Bet",2024-10-29
"US interest rate options price in Republican sweep, jump in volatility",2024-10-29
Equity Markets Rise Intraday; Oil Slumps,2024-10-29
1 ETF and 1 Cryptocurrency to Buy If Donald Trump Wins the Presidential Election and 2 Stocks to Buy if Kamala Harris Wins,2024-10-29
"Mortgage market should improve to $2.3 trillion(!) in 2025, MBA says",2024-10-29
Billionaire Paul Tudor Jones Just Sold all of His Palantir Shares and Is Piling Into This AI Stock Split Stock With a Massive Catalyst on the Horizon,2024-10-29
Prediction: The Most-Anticipated Stock Split of the Fourth Quarter Will Be Announced This Week,2024-10-29
Palantir Stock vs. Alphabet Stock: Wall Street Says Buy One and Sell the Other,2024-10-29
A weather-distorted October jobs report recalls a key truth about economic data: Morning Brief,2024-10-29
"Asian Stocks Fall as Caution Abounds, Japan Gains: Markets Wrap",2024-10-30
"Morning Bid: From GDP data to tech earnings, a lot to chew on",2024-10-30
Investors pull £300m from stocks in race to beat inheritance tax raid,2024-10-30
"In the Market: How Harris, Trump promises could feed market's addiction to the Fed",2024-10-30
‘Trump Wins Big’ Meme Stock Surges in China Ahead of US Election,2024-10-30
Japan's Nikkei rises over 1% after Big Tech stocks push Nasdaq to record high,2024-10-30
Truth Social has eclipsed the latest valuation of Elon Musk's X after Trump Media stock surges,2024-10-30
Stock market today: Nasdaq closes at a record ahead of key tech earnings,2024-10-30
"3 retail stocks could see earnings plunge if Trump implements his proposed tariffs, UBS says",2024-10-30
Korea Zinc shares dive on plan to issue $1.8 billion of new stock after buyback,2024-10-30
Wall Street is bullish on Meta earnings as analysts eye an AI boost for the tech titan,2024-10-30
"The Fed is likely to disappoint markets with just one more rate cut this year amid global inflation, BlackRock CEO says",2024-10-30
Werner CEO stands out for optimistic trucking market outlook,2024-10-30
"A hint in 3rd-quarter earnings calls suggests S&P 500 corporate profits are about to boom, Bank of America says",2024-10-30
Chipotle stock drops after Q3 sales miss Wall Street estimates,2024-10-30
Stock market today: Indexes dip ahead of mega-cap tech earnings,2024-10-30
Alphabet stock soars as earnings crush estimates on strong cloud growth,2024-10-30
Eli Lilly Q3 earnings expected to beat Wall Street expectations,2024-10-30
Ford stock falls despite Q3 sales beat as the automaker guides to lower end of 2024 profit forecast,2024-10-30
"Asian Equities Decline, Tech Weighs on US Futures: Markets Wrap",2024-10-31
"Titan International (NYSE:TWI) Reports Sales Below Analyst Estimates In Q3 Earnings, Stock Drops",2024-10-31
Hub Group’s total revenue down 3.7% on weak Q3 market,2024-10-31
Chipmakers are having a terrible day in the stock market,2024-10-31
"'Leave New York and come to Toronto': Canadian stocks are set to outperform the S&P 500, top economist says",2024-10-31
Meta earnings recap: Stock dips after company delivers a revenue beat and miss on user growth,2024-10-31
"Nvidia stock is undervalued because AI companies need to spend another $9 trillion to achieve superintelligence, Softbank CEO says",2024-10-31
"Roku stock tumbles after Q4 guidance disappoints, company says it will stop reporting key user figure",2024-10-31
Stock market today: Indexes slip as traders digest GDP and inflation data ahead of more big earnings,2024-10-31
S&P 500 Gains and Losses Today: Supermicro Stock Dives as Accounting Firm Resigns,2024-10-31
Coinbase stock drops 4% in after-hours trading as it misses profit and revenue expectations,2024-10-31
Betting on the election is the hottest new trend. But can prediction markets keep the momentum going?,2024-10-31
MicroStrategy stock falls 5% after hours amid $42 billion Bitcoin-buying plan,2024-10-31
"Equity Markets Fall After Corporate Earnings, Macro Data",2024-10-31
US Economy Grows Less Than Forecast in Third Quarter; Inflation Moderates,2024-10-31
"Election anxiety is stalling the housing market, agents and mortgage lenders say",2024-10-31
"October jobs report will influence Fed policy, mortgage rates path",2024-10-31
"Meta posts Q3 earnings beat, but stock falls on heavy spending plans",2024-10-31
"Stock market today: Indexes drop as tech shares slide before Apple, Amazon earnings",2024-11-01
"Stocks Mixed as Apple Down, Amazon Up on Earnings: Markets Wrap",2024-11-01
"MasTec (NYSE:MTZ) Reports Sales Below Analyst Estimates In Q3 Earnings, But Stock Soars 8.2%",2024-11-01
"Stock market today: Microsoft, Meta drag tech stocks lower on concerns over AI spending",2024-11-01
Best-performing energy stocks: November 2024,2024-11-01
Best-performing tech stocks in November 2024,2024-11-01
6 best money market funds in November 2024,2024-11-01
"Carvana stock was nearly wiped out in 2022. It's rallied more than 7,000% since.",2024-11-01
Watch These Amazon Price Levels as Stock Jumps After Cloud Growth Drives Earnings Beat,2024-11-01
"Asia markets start momentous month on cautious side, US payrolls awaited",2024-11-01
Analysts reset Meta stock price target after earnings,2024-11-01
"Currency market muted as investors eye US jobs report, election",2024-11-01
Wall Street is eager to see some sign that AI is driving iPhone demand in Apple's latest earnings report,2024-11-01
"Amazon reports $158B in Q3 revenue, beats Wall Street expectations",2024-11-01
"Japan's rising minimum wage likely to push up inflation, BOJ says",2024-11-01
Stock market today: Japan leads losses in Asia after sharp decline on Wall St driven by Big Tech,2024-11-01
Tech Weighs on Asian Stocks as China Outperforms: Markets Wrap,2024-11-01
Michael Saylor Conjures Stock Market Magic With Giant Plan to Buy More Bitcoin,2024-11-01
"Uber stock tumbles on gross bookings miss; company still 'well positioned,' analyst says",2024-11-01
Nvidia Set to Replace Intel in the Dow Jones Industrial Average,2024-11-02
Trump says he would charge Stellantis 100% tariff if it moves jobs to Mexico,2024-11-02
Stock market today: Indexes jump as Amazon lifts tech and jobs data boosts rate-cut views,2024-11-02
"3 reasons investors should rotate into smaller stocks, according to Citi",2024-11-02
"Amazon stock jumps most in 9 months as cost cuts, cloud spark earnings beat",2024-11-02
Nvidia To Take Intel’s Place in the Dow Jones Industrial Average,2024-11-02
"US stocks rally as big jobs-report miss fuels rate-cut hopes, Amazon soars",2024-11-02
Nvidia to take Intel's spot on Dow Jones Industrial Average,2024-11-02
S&P 500 Gains and Losses Today: Waters Stock Surges as Sales Improve,2024-11-02
Waters Stock Leads S&P 500 Gains Friday as Earnings Top Estimates,2024-11-02
Equity Markets Rise Amid Amazon Rally; Yields Jump,2024-11-02
Wall Street Event Risk Piles High in Markets Braced for Bad News,2024-11-02
Amazon stock pops after Q3 earnings beat,2024-11-02
Intel stock jumps on positive outlook despite Q3 losses,2024-11-02
A Look Back at Sales Software Stocks’ Q2 Earnings: ZoomInfo (NASDAQ:ZI) Vs The Rest Of The Pack,2024-11-02
Unpacking Q3 Earnings: Herbalife (NYSE:HLF) In The Context Of Other Consumer Staples Stocks,2024-11-02
Q2 Earnings Recap: Gap (NYSE:GAP) Tops Apparel Retailer Stocks,2024-11-02
Q2 Earnings Highlights: Dillard's (NYSE:DDS) Vs The Rest Of The Department Store Stocks,2024-11-02
"Amazon earnings recap: Stock up after hours as company reports revenue, EPS beats",2024-11-02
"Affirm launches in the UK, as 'buy now, pay later' market faces regulatory overhaul",2024-11-04
Prediction markets suddenly shift away from Trump as campaign enters final stretch,2024-11-04
"Morning Bid: Navigating US election, Fed, bond market tumult",2024-11-04
The incumbent party has historically won if stocks rally into an election. Here's why this time could be different.,2024-11-04
China Insight: Chinese Apparel Stocks Surge as Global Markets Tap Into Asset Revaluation Opportunities,2024-11-04
Election Anxiety Grips Emerging Markets as Investors Slash Risk,2024-11-04
Millionaire In 10 Years? These Real Estate Markets Might Take You There,2024-11-04
"Wall Street’s Eyes Are On the Election, Its Money Not So Much",2024-11-04
"1 Stock to Buy, 1 Stock to Sell This Week: Arista Networks, CVS Health",2024-11-04
"A TV as big as a bed? With the holidays approaching, stores stock more supersize sets",2024-11-04
Stock market today: Asian shares are mostly higher as China begins major economic meeting,2024-11-04
Markets brace for US election showdown in event-packed week,2024-11-04
Dollar Weakens as US Polls Signal No Clear Leader: Markets Wrap,2024-11-04
China's Next Stimulus Package Is Unlikely to Put Market Fully at Ease,2024-11-04
UK Bond Market Unease Revives With Yields Reaching One-Year High,2024-11-05
"Stock market today: Dow, S&P 500, Nasdaq rise as Wall Street braces for election results",2024-11-05
Big Tech Lifts US Stocks With Election Underway: Market Wrap,2024-11-05
Palantir stock soars as Department of Defense spending powers earnings beat,2024-11-05
First Mover Americas: Crypto Market Little Changed as U.S. Votes,2024-11-05
Oil hedging activity hits record in October as traders eye market risks,2024-11-05
Morning Bid: World markets firm as America decides,2024-11-05
Timken’s (NYSE:TKR) Q3 Earnings Results: Revenue In Line With Expectations But Stock Drops,2024-11-05
Election Day Holds Market Uncertainty as US Investors Eye Key Swing State Results,2024-11-05
"Stocks Rise Pre-Bell as Traders Brace for US Presidential Elections; Asia, Europe Strong",2024-11-05
Equity Markets Close Lower Ahead of Presidential Election,2024-11-05
"Early Voters Prioritized Economy, Inflation Over Housing Affordability in Presidential Pick, Redfin Says",2024-11-05
"Fed to Proceed With Consecutive Rate Cuts At Least Through December, Goldman Says",2024-11-05
"Nvidia Replacing Intel on Dow Seen as 'Somewhat Ironic,' Wedbush Says",2024-11-05
What's Going On With Blink Charging Stock Tuesday?,2024-11-05
Traders Lift 'DJT' Stock to Start Election Day,2024-11-05
"Defense stocks would do better under Kamala Harris than Donald Trump, analysts say",2024-11-05
Trump Media stock surges 13% as polls open on Election Day,2024-11-05
"Analysis-Wall Street girds for Trump 2.0: Tariffs, tax cuts and volatility",2024-11-06
Bets on 'Trump 2.0' winners and losers whip up markets,2024-11-06
Markets more confident Fed balance sheet drawdown has room to run,2024-11-06
Tight credit conditions add to case for Fed interest-rate cut,2024-11-06
The one word that's popping up everywhere this earnings season: Morning Brief,2024-11-06
"Bitcoin Touches Record, Crypto-Tied Stocks Surge With Trump Set to Win White House",2024-11-06
Will mortgage rates settle after the election ends and the Fed meets?,2024-11-06
"In a sluggish market, Rocket Mortgage courts brokers with pricing incentive",2024-11-06
DJT stock surges in premarket trading as Trump clinches election win,2024-11-06
Ferrari stock slides as China deliveries hit roadblock,2024-11-06
"Super Micro stock slides over 10% on weaker-than-expected outlook, uncertainty over annual filing",2024-11-06
The Trump trade vs. the Harris trade: The areas of the market that could move big depending on who wins,2024-11-06
Equities Rally as Markets Await Election Results,2024-11-06
Bank of America Turns Bullish on These 2 Lesser-Known Stocks,2024-11-06
"Stock market today: Dow, S&P 500, Nasdaq futures soar as Trump triumphs",2024-11-06
"BMW, Porsche Lead German Auto Stock Rout on Trump Tariff Fears",2024-11-06
'Prediction markets' set to pay out $450M to election bettors,2024-11-07
The market's smallest stocks are rocketing higher with Trump's protectionist policies seen favoring domestic operators,2024-11-07
"Lyft Stock Speeds Up on Narrower-Than-Expected Loss, Raised Outlook",2024-11-07
"Evercore ISI sees S&P 500 at 6,600 by mid-2025",2024-11-07
Arm Stock Slips Despite Strong Earnings as Its Outlook Disappoints,2024-11-07
S&P 500 Sees Best Post-Election Day in Its History: Markets Wrap,2024-11-07
Equity Markets Close at Record Highs After Trump Wins Election,2024-11-07
Bank stocks soar after Donald Trump's election victory,2024-11-07
Trump’s Resurgence Sinks Emerging Markets as Dollar Soars,2024-11-07
Qualcomm Tops Fourth-Quarter Views Amid Record Auto Revenue; Stock Gains After Hours,2024-11-07
‘America First’ Sweeps Wall Street With Echoes of 2016 Playbook,2024-11-07
Japan Leads Gain in Asian Stocks After Trump’s Win: Markets Wrap,2024-11-07
"Firm dollar keeps peers on back foot ahead of BOE, Fed decisions",2024-11-07
Mortgage-backed securities: How they impact the housing market and interest rates,2024-11-07
"Gilead 3rd-quarter results beat Wall Street estimates, raises outlook",2024-11-07
Equity Markets Rally Intraday as Trump Wins Election,2024-11-07
Tesla Stock Soars as EV Maker Seen as Potential Beneficiary of Trump Victory,2024-11-07
"Trump's White House Return Has Investors Watching Tech, Tariffs as Markets Rally",2024-11-07
CNH Industrial Faces Revenue Decline Amid Market Challenges,2024-11-09
Is Dell Technologies (NYSE:DELL) a Buyable Growth Stock?,2024-11-09
Seeking at Least 9% Dividend Yield? Analysts Suggest 2 Dividend Stocks to Buy,2024-11-09
Stocks soared on news of Trump's election. Bonds sank. Here's why.,2024-11-09
Taking stock of bonds: Does the 60/40 rule still have a role in retirement savings?,2024-11-09
Stock market today: Indexes end the week at records as investors cheer Trump's victory,2024-11-09
Traders betting against clean-energy stocks have made $1.3 billion since Trump's election win,2024-11-09
"Trump's presidency could help small-cap stocks soar in the coming years, Fundstrat's Tom Lee says",2024-11-09
Tesla hits a $1 trillion market cap after the stock rallies 27% following Trump's election win,2024-11-09
"Rivian stock drops as full-year loss projection widens, but 'modest gross profit' still expected in Q4",2024-11-09
"sIcahn Enterprises (NASDAQ:IEP) Reports Sales Below Analyst Estimates In Q3 Earnings, Stock Drops",2024-11-09
"Advanced Drainage (NYSE:WMS) Reports Sales Below Analyst Estimates In Q3 Earnings, Stock Drops",2024-11-09
A Look Back at Water Infrastructure Stocks’ Q3 Earnings: Energy Recovery (NASDAQ:ERII) Vs The Rest Of The Pack,2024-11-09
Commercial Building Products Stocks Q3 Earnings: Apogee (NASDAQ:APOG) Best of the Bunch,2024-11-09
"Bitcoin To $200,000, Ethereum To $10,000 And Crypto Market Cap To 4X By End Of 2025, Says Standard Chartered",2024-11-09
US Inflation Progress Gets Harder in Last Mile Down,2024-11-10
BOJ hopes to keep 2% inflation target while monitoring climate shock risks,2024-11-10
"‘Roaring 20s’ on Wall Street could extend into the 2030s after likely Republican sweep, market veteran says",2024-11-10
Betting markets nailed Trump's decisive win — and it's a good reminder they can be more accurate than polls,2024-11-10
Is Li Auto Stock’s (LI) Selloff Justified as Trump Vows to Raise Tariffs?,2024-11-10
Is the stock market open on Veterans Day? Will the post office deliver mail?,2024-11-10
What’s next for nuclear stocks after regulatory pushback?,2024-11-10
Why the stock market failed to see that Trump would win the presidential election,2024-11-10
Is NextEra Energy (NYSE:NEE) Stock a Dividend Aristocrat Buy?,2024-11-10
Cathie Wood sold $12.8 million of soaring fintech stock,2024-11-10
"Wall Street Turns to 2016, While Stock Market Has to Live in ‘24",2024-11-10
Bond Market on Risky Path as Traders Regroup From Wild Week,2024-11-11
TipRanks’ ‘Perfect 10’ Picks: 2 Top-Scoring Stocks for the Rest of 2024,2024-11-11
The housing market’s affordability crisis gave Trump a big boost at the polls,2024-11-11
Wall Street Math Wizards Are Decoding Private-Market Returns,2024-11-11
"META, UBER, or AMZN: Which “Strong Buy” Tech Stock Could Offer the Highest Upside?",2024-11-11
"Trump’s presidency carries plenty of market risk, experts warn",2024-11-11
Policymakers don't want to tank the stock market,2024-11-11
"With Trump Win Boosting Stocks, Investors Hunt for Next Winners",2024-11-11
Asian stocks slide as China stimulus disappoints; bitcoin extends record rally,2024-11-11
"Chinese Stocks Slide on Disappointing Fiscal Plan, Weak Data",2024-11-11
Asian Stocks Fall as China Support Disappoints: Markets Wrap,2024-11-11
"Trump's win boosts forecast for 'Roaring 20s' to send the S&P 500 up 66% by the end of the decade, market veteran says",2024-11-12
JPMorgan says to watch this market threshold for when the Trump bump in stocks may end,2024-11-12
"Stock market today: Asian shares mostly decline, shrugging off Wall Street's overnight rally",2024-11-12
"Trump could dial back some proposed policies to avoid upsetting a roaring stock market, Wharton professor Jeremy Siegel says",2024-11-12
Analyst adjusts Palo Alto Networks stock price target ahead of earnings,2024-11-12
"Trump's proposed trade war raises the chances of a US recession to 75%, Wall Street strategist says",2024-11-12
"Trump trade powers Dow 44,000, S&P 6,000 as stocks keep humming",2024-11-12
"Trump's tax cuts could boost S&P 500 earnings by 20% over the next 2 years, Goldman Sachs says",2024-11-12
"Minority Government in Japan Can Help Retail Stocks, Utilities",2024-11-12
Trump Presidency Puts Markets on Bullish Path,2024-11-12
Asian Shares Drop as Traders Weigh Trump Agenda: Markets Wrap,2024-11-12
Treasury Yields Inch Higher With Focus on Trump Presidency,2024-11-12
"Asian stocks retreat, bitcoin soars to record on Trump euphoria",2024-11-12
"Bitcoin Nears $90,000 as Crypto Market Exceeds Pandemic-Era Peak",2024-11-12
Fate of US Stocks Hinges on Earnings as Election Risk Clears,2024-11-12
Unpacking Q2 Earnings: Five Below (NASDAQ:FIVE) In The Context Of Other Discount Retailer Stocks,2024-11-12
Q3 Earnings Highlights: Medifast (NYSE:MED) Vs The Rest Of The Personal Care Stocks,2024-11-12
Reflecting On Gig Economy Stocks’ Q3 Earnings: Upwork (NASDAQ:UPWK),2024-11-13
Reflecting On Home Builders Stocks’ Q3 Earnings: Tri Pointe Homes (NYSE:TPH),2024-11-13
A Look Back at Electronic Components Stocks’ Q3 Earnings: Knowles (NYSE:KN) Vs The Rest Of The Pack,2024-11-13
Q3 Earnings Outperformers: KBR (NYSE:KBR) And The Rest Of The Defense Contractors Stocks,2024-11-13
Unpacking Q3 Earnings: Armstrong World (NYSE:AWI) In The Context Of Other Building Materials Stocks,2024-11-13
Unpacking Q3 Earnings: First Watch (NASDAQ:FWRG) In The Context Of Other Sit-Down Dining Stocks,2024-11-13
Q3 Earnings Recap: ANSYS (NASDAQ:ANSS) Tops Design Software Stocks,2024-11-13
How is Target Stock Performing Before Earnings?,2024-11-13
"Mexico Won’t Tap Market to Fix Pemex Debt, Simplifies Tax Regime",2024-11-13
Small-cap stocks face delicate balance between Trump boost and inflation risks,2024-11-13
Instacart Stock Hit on Soft Q4 Outlook,2024-11-13
Markets See 80% Chance of December Fed Cut After Inflation Data,2024-11-13
Rivian Stock Soars on Upsized Volkswagen Joint Venture,2024-11-13
Here’s What’s Behind Asics and Puma’s Rise on Stock X,2024-11-13
Emerging Currencies Erase Gains as Market Focuses on Trump Picks,2024-11-13
"Warren Buffett Breaks 6-Year Streak Of Berkshire Hathaway Stock Buybacks, Say 'It's Too Expensive'",2024-11-13
US transcatheter tricuspid valve repair market grows by over 50% since launch in Q2 2024,2024-11-13
"Canada’s Public Market Has a Pension Problem, Desjardins Says",2024-11-13
Rivian stock surges as company expands joint venture with Volkswagen,2024-11-13
Bond Traders Reload Bets on Fed Cuts After CPI: Markets Wrap,2024-11-13
"Bitcoin Briefly Tops $93,000 on Trump Agenda, Fed Policy Outlook",2024-11-14
"Asian Stocks Fall as China, Strong Dollar Weigh: Markets Wrap",2024-11-14
Kansai Electric Shares Lead Drop in Sector on Planned Stock Sale,2024-11-14
Saudi Wealth Fund Ramps Up Stock Sales to Support Spending Plans,2024-11-14
China’s Stock-Trading Craze Foreshadows Another Bullish Run,2024-11-14
Kia sees near-term market challenges but sticks to 1.6 million annual EV sales target by 2030,2024-11-14
"Stock market today: Asian shares meander, tracking Wall Street's mixed finish as dollar surges",2024-11-14
"Nvidia stock has 25% upside as it approaches an iPhone moment with its Blackwell chip, analyst says",2024-11-14
Super Micro Computer Price Levels to Watch as Stock's Slump Accelerates,2024-11-14
China Throws Lifeline to Solar in Key Factory Hub’s Power Market,2024-11-14
Non-US stocks have seen their sharpest sell-off since August on fears over Trump's tariffs,2024-11-14
Veteran trader revamps Rocket Lab stock price target after earnings,2024-11-14
Fed’s Powell Says No Need to Hurry Rate Cuts With Economy Strong,2024-11-15
"Japan Lifts Asian Equities, Dollar Rally Cools: Markets Wrap",2024-11-15
Why billionaire investor David Einhorn is loading up on a struggling agriculture stock 'no one cares about',2024-11-15
Key Investors Say Bet on These Stocks at Sohn Australia Conference,2024-11-15
"3 drivers of the stock market's bull rally are hitting extremes and point to lower returns ahead, economist says",2024-11-15
Disney stock surges as rare 3-year forecast sees strong profit growth ahead,2024-11-15
"Buffett's Berkshire Buys Shares of Domino's Pizza and Pool Corp., Dumps Apple Stock",2024-11-15
Why a strengthening US dollar could spark instability in global markets in Trump's 2nd term,2024-11-15
Nvidia Stake Sends This AI Stock Higher Thursday,2024-11-15
Stock market today: Indexes mixed as traders digest wholesale inflation and await Powell's remarks,2024-11-15
UK Says Post-Crisis Crackdown on Wall Street Went Too Far,2024-11-15
Warren Buffett’s portfolio: Here are the stocks Berkshire Hathaway is buying or selling,2024-11-15
Stocks Get Hit as Powell’s Remarks Curb Fed Wagers: Markets Wrap,2024-11-15
"Disney stock jumps as earnings, streaming profit, and guidance top estimates",2024-11-15
"Disney’s (NYSE:DIS) Q3 Earnings Results: Revenue In Line With Expectations, Stock Soars",2024-11-15
"Advance Auto Parts (NYSE:AAP) Reports Sales Below Analyst Estimates In Q3 Earnings, Stock Drops 13.2%",2024-11-15
Q3 Earnings Highlights: Wynn Resorts (NASDAQ:WYNN) Vs The Rest Of The Casino Operator Stocks,2024-11-15
A Look Back at Discount Retailer Stocks’ Q2 Earnings: TJX (NYSE:TJX) Vs The Rest Of The Pack,2024-11-15
"Q3 Earnings Highs And Lows: Molson Coors (NYSE:TAP) Vs The Rest Of The Beverages, Alcohol and Tobacco Stocks",2024-11-15
Reflecting On Specialty Equipment Distributors Stocks’ Q3 Earnings: Custom Truck One Source (NYSE:CTOS),2024-11-15
Health stocks are tumbling after Trump's appointment of vaccine skeptic RFK Jr.,2024-11-16
"3 developments that could derail the stock market's post-Trump sugar high, BofA says",2024-11-16
5 charts showing Trump's immense postelection market impact,2024-11-16
Supermicro Stock Surges on Reports of Plan to Avoid Delisting,2024-11-16
There's a hidden risk lurking for AI stocks in 2025,2024-11-16
Stock market today: Indexes tumble after Fed comments dent December rate-cut odds,2024-11-16
S&P 500 Gains and Losses Today: Palantir Stock Jumps as Listing Heads to Nasdaq,2024-11-16
"Stocks Fall After Fed Comments, Strong Retail Sales Data",2024-11-16
US Stocks Erase More Than Half Post-Election Gains: Market Wrap,2024-11-16
Health Stocks Slide as Trump Picks Industry Skeptic Kennedy,2024-11-16
"US Inflation on Strong Trajectory to 2% Goal, Fed’s Collins Says",2024-11-16
JPMorgan Upgraded by S&P After Decade of Market-Share Gains,2024-11-16
"Equities Fall as Traders Weigh Fed Officials' Comments, Macro Data",2024-11-16
"Equities Fall Intraday After Fed Officials' Comments, Macro Data",2024-11-16
Housing inflation accelerates in October amid 'slower progress' on inflation fight,2024-11-16
Housing market pauses for election,2024-11-16
"Richmond Fed’s Barkin expects inflation will fall into next year, hints at slowing rate-cut pace",2024-11-16
Analysts think Wall Street's reaction to the RFK Jr. news is 'overdone.' Sort of.,2024-11-16
"While Jeff Bezos Rides The Stock Market Boom, MacKenzie Scott Has Just Sold $8 Billion In Amazon Shares To Fund Charities Nationwide",2024-11-17
Intermodal is containing the truckload market,2024-11-17
Cathie Wood buys $38 million of tech stock titan,2024-11-17
Analysts review Disney stock price targets after earnings,2024-11-17
The weight-loss frenzy is making some pharma stocks much more volatile. Will the drama continue?,2024-11-17
Souring S&P 500 Profit Outlook a Bad Sign for Stock Market Rally,2024-11-17
Shopify vs. Block: Which E-Commerce and Fintech Stock Is the Better Buy?,2024-11-17
J.P. Morgan Says These 2 Stocks Are Top Picks for 2025,2024-11-17
What Analysts Think of Walmart's Stock Ahead of Earnings,2024-11-17
UK Inflation Hiccup May Buttress Case for BOE Caution,2024-11-17
Nvidia to report Q3 earnings Wednesday as AI fever continues to power Wall Street,2024-11-17
Q3 Earnings Outperformers: Boeing (NYSE:BA) And The Rest Of The Aerospace Stocks,2024-11-17
Reflecting On HVAC and Water Systems Stocks’ Q3 Earnings: AAON (NASDAQ:AAON),2024-11-17
Reflecting On Casino Operator Stocks’ Q3 Earnings: Caesars Entertainment (NASDAQ:CZR),2024-11-17
A Look Back at Real Estate Services Stocks’ Q3 Earnings: eXp World (NASDAQ:EXPI) Vs The Rest Of The Pack,2024-11-17
Asian Stocks Follow US Gains on Lower Bond Yields: Markets Wrap,2024-11-19
"Asian stocks rise, dollar weak as US yields tick down",2024-11-19
Morgan Stanley is finally bullish on stocks: Why the firm now sees 11% upside through 2025,2024-11-19
Fidelity Fund That Rode China’s Epic Rally Is Back Buying Stocks,2024-11-19
BlackRock's bond chief explains why stocks will keep charging higher despite stretched valuations,2024-11-19
Wall Street is cutting outlooks for Chinese stocks just weeks after a stimulus blitz,2024-11-19
"Goldman Sachs’ Kostin Sees S&P 500 Reaching 6,500 by End of 2025",2024-11-19
Warren Buffett just bought a popular restaurant stock,2024-11-19
Super Micro just hired a new auditor that might save it from getting the boot from Nasdaq,2024-11-19
Super Micro stock surges as company files plan to avoid Nasdaq delisting,2024-11-19
Supermicro Stock Soars on Plan To Avoid Delisting,2024-11-19
Stock market today: Tech-heavy Nasdaq pushed higher by Tesla after Friday rout,2024-11-19
"The market is too confident about Trump, and investors should play defense instead, research firm says",2024-11-19
"Stock market today: S&P 500, Nasdaq climb as Tesla jumps, Nvidia earnings loom",2024-11-19
Nvidia stock sinks on reports of Blackwell AI server issues ahead of earnings,2024-11-19
"Nasdaq, S&P close higher as investors await Nvidia earnings",2024-11-19
Unpacking Q3 Earnings: Cadence (NASDAQ:CDNS) In The Context Of Other Design Software Stocks,2024-11-19
Q3 Earnings Outperformers: Zillow (NASDAQ:ZG) And The Rest Of The Real Estate Services Stocks,2024-11-19
"DJT, Bakkt stocks pop on report Trump Media in talks to acquire crypto trading platform",2024-11-19
Tesla stock jumps on report Trump could ease self-driving regulations,2024-11-19
Veteran Fund Manager offers dire warning on stocks,2024-11-21
Nvidia stock dips despite optimistic forecast for 'Age of AI',2024-11-21
Stock market today: Indexes dip ahead of Nvidia earnings as traders weigh Russia-Ukraine tensions,2024-11-21
"Nvidia is Wall Street's most valuable company. How it got there, by the numbers",2024-11-21
"Weight loss drug makers still have huge upside, and the market overreacted to RFK Jr. named to top health role, BMO says",2024-11-21
Wall Street avoids Nvidia sell-off after blowout earnings call,2024-11-21
Wall Street awaits Nvidia's earning report for clues about the chip giant's future,2024-11-21
Tech Weakens in Late Trading After Nvidia Earnings: Markets Wrap,2024-11-21
S&P 500 Gains and Losses Today: Target Stock Tumbles as Earnings Miss the Mark,2024-11-21
Nvidia stock slides as outlook clouds massive Q3 earnings surge,2024-11-21
"Jack in the Box (NASDAQ:JACK) Reports Sales Below Analyst Estimates In Q3 Earnings, Stock Drops",2024-11-21
"Stock market today: Dow, S&P 500 eke out gains ahead of Nvidia earnings",2024-11-21
Why Nvidia earnings could be a sink-or-swim moment for this bull market,2024-11-21
Q3 Earnings Outperformers: Tesla (NASDAQ:TSLA) And The Rest Of The Automobile Manufacturers Stocks,2024-11-21
A Look Back at Engineered Components and Systems Stocks’ Q3 Earnings: Mayville Engineering (NYSE:MEC) Vs The Rest Of The Pack,2024-11-21
Asian Stocks Dip as Nvidia Results Fail to Impress: Markets Wrap,2024-11-21
"Dollar pulls ahead as markets focus on Trump policies, Fed outlook",2024-11-21
Hyundai unveils big electric SUV in fast-growing market,2024-11-21
"US Equity Futures Fall, Bitcoin Nears $100,000: Markets Wrap",2024-11-22
Stock market today: Indexes wobble as investors digest Nvidia earnings,2024-11-22
"Ross Stores (NASDAQ:ROST) Reports Sales Below Analyst Estimates In Q3 Earnings, But Stock Soars 5.2%",2024-11-22
"Stock market today: Dow, S&P 500 jump after Nvidia earnings, while Alphabet tumbles",2024-11-22
'Flawless': Wall Street analysts cheer Nvidia's latest blowout earnings report,2024-11-22
"Nvidia stock seesaws following earnings beat, strong outlook as 'age of AI is in full steam'",2024-11-22
"BJ’s (NYSE:BJ) Q3 Earnings Results: Revenue In Line With Expectations, Stock Soars",2024-11-22
MicroStrategy Tumbles After Citron Research Shorts the Stock,2024-11-22
"Equities Mostly Rise as Markets Analyze Nvidia Results, Macro Data",2024-11-22
"Homebuyers Returning to Market in Post-Election Demand Surge, Redfin Says",2024-11-22
MicroStrategy stock plummets 16% after new short bet with bitcoin trading at record highs,2024-11-22
Cheche Group receives Nasdaq notification over non-compliance,2024-11-22
PepsiCo Strengthens Hold On US Hummus Market with Sabra & Obela Buyout,2024-11-22
"Stock Market Today: Stocks slip, dollar leaps as Europe risks weigh",2024-11-22
Swedish EV battery market Northvolt files for bankruptcy in US,2024-11-22
"Adani's bribery scandal raises concern on market, public disclosure lapses",2024-11-22
BofA watches tech for signs investors are souring on US stocks,2024-11-22
"Chinese Stocks Slump on Tech Earnings, Geopolitical Tensions",2024-11-23
Q3 Earnings Highs And Lows: United Rentals (NYSE:URI) Vs The Rest Of The Specialty Equipment Distributors Stocks,2024-11-23
Q3 Earnings Outperformers: Cadre (NYSE:CDRE) And The Rest Of The Aerospace and Defense Stocks,2024-11-23
Q3 Earnings Highlights: Dine Brands (NYSE:DIN) Vs The Rest Of The Sit-Down Dining Stocks,2024-11-23
Reflecting On Travel and Vacation Providers Stocks’ Q3 Earnings: Carnival (NYSE:CCL),2024-11-23
Unpacking Q3 Earnings: FOX (NASDAQ:FOXA) In The Context Of Other Broadcasting Stocks,2024-11-23
Stock market today: Dow jumps 426 points as stocks end the week higher amid risk-on rally,2024-11-23
"Tech stocks are reaching a key threshold that could spell the end of 'US exceptionalism' trades, BofA says",2024-11-23
"6 stocks that will benefit from the next wave of AI development, Bank of America says",2024-11-23
Stock market today: Indexes rise and dollar gains as stock investors head for a winning week,2024-11-23
"Three BofA bankers in India leave amid probe into stock sale, source says",2024-11-23
Black Friday puts consumer spending in market's glare with stocks near records,2024-11-23
S&P 500 Gains and Losses Today: Supermicro Stock Rallies To Finish Strong Week,2024-11-23
Investors see Treasury pick Bessent as calming US bond market worries,2024-11-23
Supermicro Stock Jumps 12% Friday to Cap Off a Wild Week,2024-11-23
Dow Closes at Record High as Markets Parse Macro Data,2024-11-23
Retail Stocks Soar Into the Holidays as Gap Leads Wall Street Rally,2024-11-23
US Treasury Pick Bessent ‘Is a Fiscal Hawk’: Wall Street Reacts,2024-11-23
Consumer Sentiment Grows as Year-Ahead Inflation Outlook Drops to Lowest Since December 2020,2024-11-23
The world's biggest business leaders talk 'tariff man' Trump,2024-11-24
Junk bonds at risk as emerging markets brace for ‘Trumponomics’,2024-11-24
The rising price of paying the national debt is a risk for Trump's promises on growth and inflation,2024-11-24
Fed's preferred inflation gauge highlights holiday-shortened trading week: What to know this week,2024-11-24
"1 Stock to Buy, 1 Stock to Sell This Week: Burlington Stores, Kohl’s",2024-11-24
Raymond James Predicts Up to ~440% Rally for These 2 ‘Strong Buy’ Stocks,2024-11-24
"Thanksgiving, Black Friday, and Best Buy earnings: What to watch in the markets this week",2024-11-24
What to Expect in the Markets This Week,2024-11-24
An investing trend that's grown rapidly in recent years may be making the stock market riskier and more volatile,2024-11-24
Here’s Why Super Investors are Loading Up on Brookfield Stock (NYSE:BN),2024-11-24
Carbon Deal at COP29 as Questions Remain About Market Integrity,2024-11-24
Treasury pick Scott Bessent scored billion-dollar wins with these bets on Wall Street,2024-11-24
Billionaire Bill Ackman makes big bet on major consumer stock,2024-11-25
"Australia watchdog, wary of slowing job market, maintains tight home loan rule",2024-11-25
TKer: Wall Street strategists nailing one of their more important forecasts for 2024,2024-11-25
AI Boom Makes 139-Year-Old Cable Company Japan’s Hottest Stock,2024-11-25
Trump Victory Forces Once Vocal Corner of Wall Street to Regroup,2024-11-25
Latin America fintech will be a market to watch in 2025,2024-11-25
Junk Bonds at Risk as Emerging Markets Brace for ‘Trumponomics’,2024-11-25
Bond Market Halts Brutal Run as Buyers Pounce on 4.5% Yields,2024-11-25
"Stocks, Bonds Rise as Traders Embrace Bessent: Markets Wrap",2024-11-25
Dollar dips with Treasury yields after Bessent pick,2024-11-25
Dollar Rises as Trump Threatens Higher Tariffs: Markets Wrap,2024-11-26
Cathie Wood sells $5 million of 2 surging tech stocks,2024-11-26
"A 'golden age of investing' could deliver a 118% rally for the S&P 500 through the rest of this decade, veteran strategist says",2024-11-26
How to trade stocks: A beginner’s guide,2024-11-26
Stock market today: Indexes rally as markets cheer Trump's pick for Treasury Secretary,2024-11-26
Impact Investing: From PE to Public Markets at 4th Palm Beach CorpGov Forum,2024-11-26
Australian stock exchange targets 2029 for Phase 2 of trading software overhaul,2024-11-26
S&P 500 Gains and Losses Today: Supermicro Shares Build on Recent Momentum,2024-11-26
"Dow Extends Record Closing Run, Treasury Yields Plunge",2024-11-26
Morning Bid: Trump's Treasury pick boosts bond market as dollar eases,2024-11-26
Wall Street issues its most bullish S&P outlook yet for 2025,2024-11-26
"Dollar Jumps, Hammering Peso to Loonie on Trump Tariff Post",2024-11-26
Markets react to Trump's tariff promise,2024-11-26
"Gold Falls as Trump Tariff Threat on Canada, Mexico Aids Dollar",2024-11-26
"Dollar rallies, stocks retreat after Trump vows tariffs",2024-11-26
Jim Cramer Says This Stock Is A Bitcoin Play And He Prefers To Own Bitcoin,2024-11-26
Unpacking Q3 Earnings: RBC Bearings (NYSE:RBC) In The Context Of Other Engineered Components and Systems Stocks,2024-11-26
Reflecting On Modern Fast Food Stocks’ Q3 Earnings: Shake Shack (NYSE:SHAK),2024-11-26
Unpacking Q3 Earnings: LiveRamp (NYSE:RAMP) In The Context Of Other Advertising Software Stocks,2024-11-26
"Reflecting On Beverages, Alcohol and Tobacco Stocks’ Q3 Earnings: Monster (NASDAQ:MNST)",2024-11-26
"Former NFL star Rob Gronkowski says Apple stock was his best investment ever, turning $69,000 into $600,000",2024-11-27
Wall Street is bullish on sports investing as major leagues' values outpace the S&P 500 by up to 5 times. Here's the strategy and sectors top firms are betting on.,2024-11-27
Watch These Dell Stock Price Levels After Post-Earnings Plunge,2024-11-27
Google to test plain 'blue link' results for hotel searches in EU markets in latest DMA twist,2024-11-27
"The area of the stock market investors should avoid in 2025, according to Wells Fargo",2024-11-27
Hello Kitty Stock Sinks Most Since 2014 on Share Sale Plan,2024-11-27
Major currencies consolidate as market regroups ahead of US inflation measure,2024-11-27
How Trump's latest tariff plans are roiling global markets,2024-11-27
"Dell, HP Inc. Report Disappointing Sales on Slower PC Market",2024-11-27
Stock market today: Indexes trade mixed as investors digest Trump's latest tariff plans,2024-11-27
HP Stock Tumbles on Disappointing Q1 Forecast,2024-11-27
Asian stocks weak amid Trump tariff worries; yen firm,2024-11-27
Stocks Fluctuate With Focus on Trump’s Picks: Markets Wrap,2024-11-27
"3D Systems (NYSE:DDD) Reports Sales Below Analyst Estimates In Q3 Earnings, Stock Drops 11.4%",2024-11-27
"J. M. Smucker’s (NYSE:SJM) Q3 Earnings Results: EPS Beats Expectations, Stock Soars",2024-11-27
Kohl’s (NYSE:KSS) Q3 Earnings Results: Revenue In Line With Expectations But Stock Drops 12.8%,2024-11-27
Reflecting On Electrical Systems Stocks’ Q3 Earnings: Vertiv (NYSE:VRT),2024-11-27
Citi Pushes Further Into Mortgage Market With Pylon Investment,2024-11-27
"Nissan October production down globally except in Mexico, but Trump tariff threat looms",2024-11-28
Korea Braces for Trump’s Tariff Impact With Surprise Rate Cut,2024-11-28
"Chinese Stocks Lead Losses in Asia, Bonds Rise: Markets Wrap",2024-11-28
Stock market today: Indexes slide as tech sell-off ends 7-day winning streak,2024-11-28
Stock market today: Asian shares are mixed after Big Tech losses pull Wall Street lower,2024-11-28
"JPMorgan turns bullish and sees the S&P 500 rising 8% next year to 6,500",2024-11-28
"Asian stocks subdued, dollar drifts ahead of US Thanksgiving",2024-11-28
Special Diet Session to Give Ueda Chance to Steer Market on Rate,2024-11-28
First Around-the-Clock US Stock Exchange Wins SEC Approval,2024-11-28
Analysis-Australia's hot jobs market keeps rate cuts out of reach,2024-11-28
Lula Agrees to Cut Spending by $12 Billion in Nod to Markets,2024-11-28
"This is the next catalyst that could push Nvidia stock up to 27% higher by January, according to Citi",2024-11-28
Stock market today: Indexes traded mixed as investors await fresh inflation data,2024-11-28
S&P 500 Gains and Losses Today: Shares of PC Makers Fall as AI Adoption Stumbles,2024-11-28
A Look Back at Media Stocks’ Q3 Earnings: Warner Music Group (NASDAQ:WMG) Vs The Rest Of The Pack,2024-11-28
Unpacking Q3 Earnings: The ONE Group (NASDAQ:STKS) In The Context Of Other Sit-Down Dining Stocks,2024-11-28
Q3 Earnings Highlights: Sabre (NASDAQ:SABR) Vs The Rest Of The Travel and Vacation Providers Stocks,2024-11-28
"3 Crypto Stocks to Buy Now: IBIT, COIN, MARA",2024-11-28
Oil slips on buildup in US gasoline stocks; eyes on weekend OPEC+ meeting,2024-11-28
Q3 Earnings Highlights: Kimberly-Clark (NYSE:KMB) Vs The Rest Of The Household Products Stocks,2024-11-29
A Look Back at Large-format Grocery & General Merchandise Retailer Stocks’ Q3 Earnings: Walmart (NYSE:WMT) Vs The Rest Of The Pack,2024-11-29
Q3 Earnings Highs And Lows: Warner Bros. Discovery (NASDAQ:WBD) Vs The Rest Of The Media Stocks,2024-11-29
Q3 Earnings Highs And Lows: SmartRent (NYSE:SMRT) Vs The Rest Of The Internet of Things Stocks,2024-11-29
A Look Back at Construction Machinery Stocks’ Q3 Earnings: Manitowoc (NYSE:MTW) Vs The Rest Of The Pack,2024-11-29
Reflecting On Commercial Building Products Stocks’ Q3 Earnings: Insteel (NYSE:IIIN),2024-11-29
Q3 Earnings Outperformers: CBRE (NYSE:CBRE) And The Rest Of The Real Estate Services Stocks,2024-11-29
"Chinese Stocks Drive Asia Index Higher, Yen Gains: Markets Wrap",2024-11-29
China to extend tariff exemptions for some US products to 2025,2024-11-29
Yen Breaches Key 150 Level as Tokyo Inflation Fuels BOJ Bets,2024-11-29
K-Pop Stars Quit Hybe in Shock Revolt That Slams Studio’s Stock,2024-11-29
Wall Street Macro Traders Head for Worst Year Since the Pandemic,2024-11-29
"The S&P 500 will climb 10% to 6,600 next year as earnings and the economy stay strong, Barclays says",2024-11-29
"These are the top 3 risks to the US stock market rally, according to Deutsche Bank",2024-11-29
"Tech Reprieve Lifts Stocks, French Crisis Swirls: Markets Wrap",2024-11-29
"Is the stock market open or closed on Black Friday? See hours, full 2024 holiday schedule",2024-11-29
"JLR, Dow, and Adient partner on seats made with recycled foam",2024-11-29
Revolut Will Let Former Staff Sell Stock in Secondary Sale,2024-11-29
Advanz Pharma’s liver disease drug pulled from European market after court hearing,2024-11-29
SOFI Stock’s Sky High Valuation Can’t be Justified by Exciting Growth,2024-11-29
BOJ’s Ueda Says Rate Hike Getting Nearer With Wage Trend Key,2024-11-30
JPMorgan agrees to drop lawsuit against Tesla over stock warrants,2024-11-30
Rush to ‘Value Up’ May Be Asian Stocks’ Best Defense From Trump,2024-11-30
Reflecting On Building Materials Stocks’ Q3 Earnings: UFP Industries (NASDAQ:UFPI),2024-11-30
Q3 Earnings Highs And Lows: Sweetgreen (NYSE:SG) Vs The Rest Of The Modern Fast Food Stocks,2024-11-30
"Ripple poised for New York approval of stablecoin, set to enter regulated US crypto market",2024-11-30
"S&P 500, Dow Rally To Record Highs, Dollar Snaps 8-Week Streak, Bitcoin Soars Above $97,000: What's Driving Markets Friday?",2024-11-30
MicroStrategy stock furthers rise on firm's bitcoin holdings,2024-11-30
Tight supply and lower interest rates to lift Australia home prices: Reuters poll,2024-11-30
"Stock market today: Dow, S&P 500 close at record highs to cap winning month for US stocks",2024-11-30
Wall Street sees 'slower' pace of Fed rate cuts in 2025,2024-11-30
Stock market today: Markets rise on Black Friday to cap off a memorable November,2024-11-30
Why the postelection rally in the market's smallest stocks probably won't last,2024-11-30
"Mounting risks in a $14 trillion corner of financial markets are a threat to economic stability, research firm says",2024-11-30
Brazil Markets Cap Week of Losses After Spending Plan,2024-11-30
S&P 500 Clocks Best Month of the Year; Yields Drop: Markets Wrap,2024-11-30
"S&P 500, Dow Notch Records to Cap Best Month of the Year",2024-11-30
Bond Vigilantes Upend France’s Debt Market: Credit Weekly,2024-12-01
Trump threatens 100% tariff on the BRIC bloc of nations if they act to undermine US dollar,2024-12-01
Best-performing energy stocks: December 2024,2024-12-01
Best-performing tech stocks in December 2024,2024-12-01
Is competition hindering Ethereum's growth amid bull market?,2024-12-01
"Walmart, Abercrombie and Fitch among top retail stock picks this holiday season",2024-12-01
The Trump Trade rally has stocks at record highs. Where do we go from here?,2024-12-01
Here’s your investing guide to retail stocks after Black Friday and Cyber Monday,2024-12-01
Trump’s Plans Risk Inflating Bullish Stock Market Into a Bubble,2024-12-01
2 Beaten-Down Stocks Analysts Say Could See a 2025 Reversal,2024-12-01
"Trump's Treasury pick, tariffs, and retail therapy: 3 themes that drove markets this week",2024-12-01
How do stocks usually perform during the holiday season?,2024-12-01
5 Stocks To Watch in December—And What To Watch For,2024-12-01
"Bitcoin falls back, Dogecoin soars, and stocks hit new highs: Markets news roundup",2024-12-01
"Cryptocurrency Market Weekly News: Bitcoin Nears $100k, and  Stablecoins Market Cap cross $190 billion",2024-12-01
"XRP Rockets 274% in a Month, Hits 7-Year Peak as Regulatory Shake-Up and ETF Hopes Ignite Market Frenzy",2024-12-02
Dollar Gains as French Budget Woes Blight Euro: Markets Wrap,2024-12-02
JPMorgan Rejects Transition-Finance Trend Gripping Wall Street,2024-12-02
Rakuten Plans Return to Dollar Bond Market With Hybrid Notes,2024-12-02
Hedge Fund All-or-Nothing Trades Gain Traction in Options Market,2024-12-02
Stock market today: World shares are mixed as Chinese stocks get a boost from strong factory orders,2024-12-02
Nomura’s Japan Corporate Bond Market Rank Slips After Probe,2024-12-02
India’s Growth Surprise Seen Adding to Troubles for Stock Market,2024-12-02
"S&P 500 Levels to Watch After Index Posts Record Close, Best Month of 2024",2024-12-02
Stock of Uniqlo’s Parent Down Most in 9 Weeks After Xinjiang Remarks,2024-12-02
Fund manager's stock-pick focus includes a key Nvidia partner,2024-12-02
"Fundstrat's Tom Lee Predicts Bitcoin Could Hit $250,000 in 2025, Citing Bullish Market Trends",2024-12-02
"Forget Bitcoin, MicroStrategy is up 500% this year, and Michael Saylor explains how the stock has outperformed its underlying assets",2024-12-02
Stock market today: Stocks climb to record highs as Fed members point to December rate cut,2024-12-03
Supermicro Stock Price Levels to Watch After  Monday's Near-30% Surge,2024-12-03
"Get ready for weaker returns in 2025 after huge stock gains in the last 2 years, Wharton professor Jeremy Siegel says",2024-12-03
"Asian stocks climb on Wall Street lead; yuan, euro sag",2024-12-03
"Stocks could see an 'everything rally' if Trump tackles the US debt problem, market vet says",2024-12-03
Why the stock market crushed expectations in 2024,2024-12-03
Slumping Australia Energy Stocks Eye Rebound as Projects Ramp Up,2024-12-03
Super Micro's stock price surges after key ruling,2024-12-03
"Stocks in these 4 sectors are best positioned to rally into next year, according to UBS",2024-12-03
Top analysts unveil their S&P 500 forecasts for 2025,2024-12-03
"An overhyped US market is stoking the 'mother of all bubbles,' market expert says",2024-12-03
Unpacking Q3 Earnings: Universal Logistics (NASDAQ:ULH) In The Context Of Other Ground Transportation Stocks,2024-12-03
Unpacking Q3 Earnings: Qorvo (NASDAQ:QRVO) In The Context Of Other Processors and Graphics Chips Stocks,2024-12-03
Unpacking Q3 Earnings: Lucid (NASDAQ:LCID) In The Context Of Other Automobile Manufacturing Stocks,2024-12-03
A Look Back at Home Builders Stocks’ Q3 Earnings: Lennar (NYSE:LEN) Vs The Rest Of The Pack,2024-12-03
Reflecting On Engineered Components and Systems Stocks’ Q3 Earnings: Gates Industrial Corporation (NYSE:GTES),2024-12-03
Speculation Over RBI Chief’s Future Heats Up After GDP Miss,2024-12-03
Asian Stocks Take US Tech Curbs on China in Stride: Markets Wrap,2024-12-03
Stock market today: Asian shares rise after tech stocks pull Wall Street to another record,2024-12-03
"Stock market today: Nasdaq futures lead S&P 500, Dow higher with Fed's Powell on deck",2024-12-04
BlackRock bets on AI-driven stocks rally but US debt clouds 2025 outlook,2024-12-04
Tech Stocks Lead Gains in US Futures Before Powell: Markets Wrap,2024-12-04
Recent US election results have me concerned for the economy — should I park my cash in a money market fund?,2024-12-04
Ashford Hospitality Trust Raises $180M Through Preferred Stock,2024-12-04
ArcBest Faces Revenue Decline Amid Market Challenges,2024-12-04
Private Equity Stocks Are Hot Among Family Offices — Here Are 2 Names That Wall Street Likes,2024-12-04
"Stock Market Today: Stocks higher with jobs data, Powell remarks in focus",2024-12-04
Wall Street is betting on a strong US economy in 2025: Morning Brief,2024-12-04
"Futures tick up with focus on Fed commentary, economic data",2024-12-04
Gold Steadies as Market Weighs Turmoil in South Korea and France,2024-12-04
"German firms' China market sentiment falls to record low, survey shows",2024-12-04
"Ruby Stella Hotel hits the market in Farringdon, London",2024-12-04
"S&P 500, Nasdaq Extend Record Closing Runs; Dow Falls",2024-12-04
Equity Markets Mixed Intraday After Job Openings Report,2024-12-04
"Torrid (NYSE:CURV) Reports Sales Below Analyst Estimates In Q3 Earnings, Stock Drops 20.1%",2024-12-04
Q3 Earnings Highlights: AZZ (NYSE:AZZ) Vs The Rest Of The Commercial Building Products Stocks,2024-12-04
Q3 Earnings Highs And Lows: Federal Signal (NYSE:FSS) Vs The Rest Of The Heavy Transportation Equipment Stocks,2024-12-04
Chinese Stocks Jump Ahead of Key Meeting on Stimulus Bets,2024-12-06
"BofA, Wall Street’s Biggest Pound Bull, Sees Another 8% Gain",2024-12-06
Morning Bid: Risk-wary markets count down to payrolls,2024-12-06
Stock market today: World stocks are mixed ahead of a key US jobs report,2024-12-06
"Watch These Ulta Beauty Price Levels as Stock Jumps on Earnings, Outlook",2024-12-06
Currency markets await US jobs report amid political turmoil,2024-12-06
China Stock Fund Beating 97% of Peers Bets on Cheap State Firms,2024-12-06
Wall Street Banks Predict Biggest China Rate Cuts in a Decade,2024-12-06
Wall Street analysts race to reprice S&P 500 targets as bull market roars on,2024-12-06
Watch These Amazon Price Levels as Stock Hits New Record High,2024-12-06
"Zumiez’s (NASDAQ:ZUMZ) Q3 Earnings Results: Revenue In Line With Expectations, Stock Jumps 10.6%",2024-12-06
Lululemon stock rises on profit beat as company boosts full-year outlook,2024-12-06
A Look Back at Home Construction Materials Stocks’ Q3 Earnings: Simpson (NYSE:SSD) Vs The Rest Of The Pack,2024-12-06
Unpacking Q3 Earnings: Vishay Intertechnology (NYSE:VSH) In The Context Of Other Analog Semiconductors Stocks,2024-12-06
Reflecting On Travel and Vacation Providers Stocks’ Q3 Earnings: Marriott (NASDAQ:MAR),2024-12-06
Peter Schiff Questions Jim Cramer's Bullish Bitcoin Take As It Slumps From $100K: These Are Statements 'Made At Market Tops',2024-12-06
"The Fed shouldn't cut rates as inflation is rising, markets are too frothy, JPMorgan Asset Management bond expert says",2024-12-07
"Nvidia could deliver a big surprise to Wall Street that would 'power up' its profitability, analyst says",2024-12-07
Super Micro Receives Extension From Nasdaq Until February,2024-12-07
Apollo and Workday to Join S&P 500 After Index Rebalancing,2024-12-07
"Apollo Global Management, Workday to Join S&P 500",2024-12-07
Stock market today: Indexes rise as rate-cut odds edge up after jobs report,2024-12-07
ETFs Pull in $1T YTD for First Time Amid Market Leap,2024-12-07
S&P 500 Gains and Losses Today: Lululemon Stock Soars on Bright Holiday Outlook,2024-12-07
"S&P 500, Nasdaq Close at Record Highs After Jobs Report",2024-12-07
Stocks Extend Record-Breaking Run After Jobs Data: Markets Wrap,2024-12-07
Bill Gross Is On the Alert as Momentum Mania Sweeps Wall Street,2024-12-07
"Trillion-Dollar Gap Shows Diverging Korea, Taiwan Stock Fortunes",2024-12-07
Electrical Systems Stocks Q3 Earnings Review: OSI Systems (NASDAQ:OSIS) Shines,2024-12-07
Q3 Earnings Highlights: Pangaea (NASDAQ:PANL) Vs The Rest Of The Marine Transportation Stocks,2024-12-07
Q3 Earnings Highlights: Otis (NYSE:OTIS) Vs The Rest Of The General Industrial Machinery Stocks,2024-12-07
Unpacking Q3 Earnings: Chewy (NYSE:CHWY) In The Context Of Other Online Retail Stocks,2024-12-07
Q3 Earnings Highs And Lows: Heartland Express (NASDAQ:HTLD) Vs The Rest Of The Ground Transportation Stocks,2024-12-07
Reflecting On Inspection Instruments Stocks’ Q3 Earnings: Badger Meter (NYSE:BMI),2024-12-07
"South Korean Stocks Slide, Won Dips as Political Crisis Deepens",2024-12-09
"Asia stocks slugged by South Korea turmoil, China disinflation",2024-12-09
"‘The mother of all bubbles’ in the US is sucking money away from the rest of the world, market expert says",2024-12-09
"Sports, pop culture, and the weather: What's next for betting markets after exploding in popularity during the 2024 election",2024-12-09
Wall Street's 2025 outlook for stocks,2024-12-09
How Trump's policies could lead to a resurgence of industrial stocks: Top picks for 2025,2024-12-09
Analysts reset GitLab stock price target after earnings,2024-12-09
Top stock market themes to target in 2025,2024-12-09
Why Apple has little to do with these 2 rocking telecom stocks,2024-12-09
"Yuan, Euro Slump Points to Losses for Emerging-Market Currencies",2024-12-09
China’s Consumer Inflation Slows Even After Stimulus Efforts,2024-12-09
Oracle stock is down after earnings miss and elevated cloud expectations,2024-12-10
Analyst overhauls Tesla stock price target as 'top pick' in sector,2024-12-10
Stock Market Today: Stocks edge higher with CPI inflation on deck,2024-12-10
Surya Foods eyes healthy snacking market with Karma Bites stake,2024-12-10
Futures stall as investors await inflation data,2024-12-10
JPMorgan Sees Headwinds for Oilfield Services Stocks — But These 2 Picks Are Poised to Outperform,2024-12-10
Oracle slides as it misses Wall Street revenue targets on tough cloud competition,2024-12-10
Stocks Pause as China Bump Fades Ahead of US CPI: Markets Wrap,2024-12-10
What Wall Street Analysts Think of Broadcom's Stock Ahead of Earnings,2024-12-10
FTSE giant deals £27bn blow to London stock market,2024-12-10
"The Wall Street Analyst Who Suggested Bitcoin Could Reach $100,000 a Decade Ago Now Says There Is a Small Chance It Replaces the U.S. Dollar Entirely and Reaches $5 Million",2024-12-10
"S&P 500, Nasdaq Retreat From Record Levels",2024-12-10
"Consumers' Inflation Expectations Edge Higher in November, New York Fed Survey Shows",2024-12-10
Equities Fall Intraday as Traders Await Official Inflation Data,2024-12-10
"Oppenheimer Sees S&P 500 Reaching 7,100 by 2025-End Amid Economic, Consumer Resilience",2024-12-10
Omnicom to Purchase Interpublic Group in All-Stock Deal,2024-12-10
Will 2025 finally be a ‘normal’ housing market?,2024-12-10
Carnival or Norwegian: Truist Chooses the Superior Cruise Stock to Buy,2024-12-11
Vietnam vehicle market jumps 50% in November,2024-12-11
"Why diversification away from Magnificent 7 stocks matters more than ever, according to a strategist",2024-12-11
BofA warns stock markets underprice risk of returning inflation,2024-12-11
"China Markets Flag Caution, Reduced Hope for Key Policy Meeting",2024-12-11
Bank of Korea Boosts Liquidity Injection in Bid to Calm Markets,2024-12-11
A $319 Billion Corner of ESG Bond Market Faces ‘Slow Demise’,2024-12-11
"Ripple Secures NYDFS Approval for RLUSD Stablecoin, Aiming for $2 Trillion Market Cap by 2028",2024-12-11
"Analysis-Stocks cheered Trump's victory, but tariffs bring unknowns to 2025",2024-12-11
Foreign Funds Sell Malaysian Stocks in Longest Streak Since 2021,2024-12-11
"Oracle stock sinks amid earnings miss, higher spending forecast",2024-12-11
Reflecting On Analog Semiconductors Stocks’ Q3 Earnings: Texas Instruments (NASDAQ:TXN),2024-12-11
Q3 Earnings Highs And Lows: Simply Good Foods (NASDAQ:SMPL) Vs The Rest Of The Shelf-Stable Food Stocks,2024-12-11
Reflecting On Building Materials Stocks’ Q3 Earnings: Resideo (NYSE:REZI),2024-12-11
Bank of Canada likely to reduce interest rate by 50bps,2024-12-11
"Exclusive-Trump tariff plan puts $3 billion in Diageo, Becle tequila imports at risk",2024-12-11
Morning Bid: China's yuan plans and a look at inflation,2024-12-11
Dollar Gains on Report China May Allow Weaker Yuan: Markets Wrap,2024-12-11
Trump will be honored as Time's Person of the Year and ring the New York Stock Exchange bell,2024-12-12
"Futures slip after S&P 500, Nasdaq's strong close",2024-12-12
Morning Bid: Europe eases with Swiss surprise as Nasdaq clocks 20k,2024-12-12
Neutral-Rate Guessing Game Comes With High Stakes in Bond Market,2024-12-12
Goldman Sachs Eyes 2 Commercial Real Estate Services Stocks – Here’s Why They’re Worth Watching,2024-12-12
Stocks Steady as ECB to Extend Global Rate-Cut Run: Markets Wrap,2024-12-12
ReNew Energy’s investors propose Nasdaq delisting with $2.82bn offer,2024-12-12
"China must innovate in semiconductor design or fall behind the global market, expert says",2024-12-12
"HSBC, IFC sign US$1 billion facility to support trade financing in emerging markets",2024-12-12
Top Wall Street bull sees possibility of feverish stock rally fading in second half of 2025,2024-12-12
"Assetera Enables Non-U.S. Investors to Trade Tokenized Nvidia, Coinbase, and S&P 500",2024-12-12
"Chinese Consumption Stocks Surge on Policy Optimism, Vouchers",2024-12-12
Germany’s Record-Beating Stocks Head for Further Gains in 2025,2024-12-12
"Peanut the Squirrel Meme Coin Surges 20% After Coinbase Listing, Reaches $1.34 Billion Market Cap",2024-12-12
Macy's delayed Q3 results show sales decline as its stock drops,2024-12-12
Unpacking Q3 Earnings: Distribution Solutions (NASDAQ:DSGR) In The Context Of Other Maintenance and Repair Distributors Stocks,2024-12-12
Engineering and Design Services Stocks Q3 Earnings Review: Dycom (NYSE:DY) Shines,2024-12-12
Q3 Earnings Outperformers: TreeHouse Foods (NYSE:THS) And The Rest Of The Shelf-Stable Food Stocks,2024-12-12
Q3 Earnings Outperformers: Denny's (NASDAQ:DENN) And The Rest Of The Sit-Down Dining Stocks,2024-12-12
Unpacking Q3 Earnings: MSC Industrial (NYSE:MSM) In The Context Of Other Maintenance and Repair Distributors Stocks,2024-12-14
Reflecting On Semiconductors Stocks’ Q3 Earnings: Seagate Technology (NASDAQ:STX),2024-12-14
Q3 Earnings Recap: Clorox (NYSE:CLX) Tops Household Products Stocks,2024-12-14
Q3 Earnings Highs And Lows: Braze (NASDAQ:BRZE) Vs The Rest Of The Sales And Marketing Software Stocks,2024-12-14
Q3 Earnings Outperformers: Atkore (NYSE:ATKR) And The Rest Of The Electrical Systems Stocks,2024-12-14
S&P 500 Gains and Losses Today: Broadcom Stock Soars as Earnings Show AI Strength,2024-12-14
Emerging Currencies Post Second Weekly Loss Ahead of Fed Meeting,2024-12-14
Day-Trader Spirits Prove Hard to Kill at Market’s Riskiest Edges,2024-12-14
"Warm inflation data keep S&P 500, Dow, Nasdaq under wraps before Fed meeting next week",2024-12-14
Carrier Revenge: The freight market’s impending power shift,2024-12-14
Stock market today: Tech leads stocks higher after Broadcom earnings boom,2024-12-14
Here's a complete rundown of Wall Street's 2025 stock market predictions,2024-12-14
Equity Markets Close Mixed Ahead of Next Week's Fed Decision,2024-12-14
Truckload dry-van market continues to experience strong response to peak season,2024-12-14
Brazil Central Bank Steps In to Cap Market’s ‘Unhinged’ Week,2024-12-14
Wall Street Weighs ‘Hawkish Cut’ While Tech Shines: Markets Wrap,2024-12-14
"Stock market today: Dow, S&P 500 cap weekly losses, Broadcom surges 24% to top $1 trillion market cap",2024-12-14
Bond Market Has Worst Week in Months With Less Fed Action Seen,2024-12-14
Death of Nasdaq Diversity Rule Signals More Trouble for DEI,2024-12-14
Xiaomi’s 101% Rally Puts EV Dark Horse on Brink of Stock Record,2024-12-14
Why Wall Street says bank stocks are a top play for 2025,2024-12-15
"JPMorgan consumer banking boss Marianne Lake on Trump, the Fed and 2025",2024-12-15
Boeing’s year of crisis leaves investors wary of beaten-up stock,2024-12-15
The final Fed meeting of 2024 awaits: What to know this week,2024-12-15
The 24 hours of rate cuts that end year of global central-bank easing,2024-12-15
What Wall Street Analysts Think of Micron's Stock Ahead of Earnings,2024-12-15
"A Shocking Bitcoin Forecast for 2025 From the Wall Street Analyst Who Predicted Its Rise to $100,000 in 2024",2024-12-15
"Amazon and Bitcoin, crypto tips, and beyond the Magnificent 7: Markets news roundup",2024-12-15
Cryptocurrency Weekly News: Key Updates on Major Market Movements and Security Regulations,2024-12-15
Veteran analyst who forecast Rocket Lab's stock rally updates price target,2024-12-15
"1 Stock to Buy, 1 Stock to Sell This Week: Micron, Nike",2024-12-15
Moody's Ratings raises China 2025 GDP forecast to 4.2% from 4.0%,2024-12-16
Laggard European markets may be 2025's top recovery trade,2024-12-16
China Shares Drop With Asia Peers After Poor Data: Markets Wrap,2024-12-16
"Wall Street Eyes 2025 Volatility Spikes on Trump Tariffs, Geopolitics",2024-12-16
Grab Stock’s Big Quarter Has Some Analysts Seeing Further Gains,2024-12-16
Watch These Palantir Price Levels After Stock's Nasdaq 100 Inclusion,2024-12-16
"Korean Won, Stocks Falter as Impeachment Lift Proves Short-Lived",2024-12-16
South Korean authorities to continue monitoring financial markets,2024-12-16
"With dwindling retirement savings, older Americans are back on the job market",2024-12-16
"This practice in the health insurance industry may have ‘gotten out of control,’ Wall Street analyst says",2024-12-16
These are the 4 biggest forces that will shape the stock market in 2025,2024-12-16
TKer: The price-to-earnings ratio is a very poor market-timing tool,2024-12-16
"The stock market may be on the verge of its Santa Claus rally, but everything depends on the Fed this year, BofA says",2024-12-17
Wall Street is starting to think this week could bring the Fed's last rate cut for a while,2024-12-17
"Why the rally in chip stocks could broaden beyond AI in 2025, according to BofA",2024-12-17
Broadcom CEO sounds alarm on crucial shift in AI-chip market,2024-12-17
"Salt Security CEO & Co-Founder Roey Eliyahu, Live at Nasdaq MarketSite",2024-12-17
"Octus CMO Jeff Winter, Live at Nasdaq MarketSite",2024-12-17
China capital markets outflow hits record high in Nov after Trump election win,2024-12-17
Veteran analyst has blunt warning about 2025 stock market predictions,2024-12-17
Apple stock hits record high as JPMorgan dismisses AI worries,2024-12-17
Stock market today: Indexes rise ahead of Fed's final policy meeting of the year,2024-12-17
Nasdaq Closes at Record High; Dow Falls Ahead of Fed Meeting,2024-12-17
"Exclusive-China plans record budget deficit of 4% of GDP in 2025, say sources",2024-12-17
Stock market today: Asian shares are mixed after Nasdaq sets a record ahead of Fed meeting,2024-12-17
Asian Stocks Fluctuate Before Key Rate Decisions: Markets Wrap,2024-12-17
Watch These Tesla Price Levels as Stock Accelerates to Fresh Record High,2024-12-17
Gold Steadies as Traders Look to Final Fed Meeting of the Year,2024-12-17
Are HYSAs less favorable when interest rates are low​?,2024-12-17
Oil prices in holding pattern ahead of Federal Reserve decision,2024-12-17
"Worthington’s (NYSE:WOR) Q4 Earnings Results: Revenue In Line With Expectations, Stock Jumps 16.9%",2024-12-18
Reflecting On Leisure Products Stocks’ Q3 Earnings: Solo Brands (NYSE:DTC),2024-12-18
Q3 Earnings Outperformers: Lyft (NASDAQ:LYFT) And The Rest Of The Gig Economy Stocks,2024-12-18
Q3 Earnings Outperformers: Utz (NYSE:UTZ) And The Rest Of The Shelf-Stable Food Stocks,2024-12-18
Q3 Earnings Highs And Lows: CarMax (NYSE:KMX) Vs The Rest Of The Vehicle Retailer Stocks,2024-12-18
Bain-backed chipmaker Kioxia muted in market debut,2024-12-18
The Fed could be on the verge of ripping up its rate script for 2025,2024-12-18
Fed Set to Deliver Third-Straight Interest Rate Cut,2024-12-18
Asian Stocks to Waver With Focus on Fed Meeting: Markets Wrap,2024-12-18
Why the Dow is suddenly in a historic funk,2024-12-18
"Tesla Will Be The 'Biggest Winner' In The Trump Era, Says Dan Ives; Predicts Nasdaq At 25,000 In 18 Months: 'Get the Popcorn Out'",2024-12-18
Stock market today: Indexes slip as the last Fed meeting of the year kicks off,2024-12-18
"Brazil Traders ‘Sell First, Ask Later’ as Panic Sweeps Markets",2024-12-18
Three Reasons Why Alibaba (BABA) Is a Top Stock after Its Recent Pullback,2024-12-18
S&P 500 Gains and Losses Today: Health Care Stocks Fall as Trump Eyes 'Middlemen',2024-12-18
Dow Posts 9th Straight Daily Loss; Fed Meeting Gets Underway,2024-12-18
Stocks Drop Before Fed’s Last Decision of the Year: Markets Wrap,2024-12-18
"Nvidia stock slides amid AI spending slowdown fears, increased competition",2024-12-18
Bond Traders Target Deeper 2025 Fed Rate Cuts Than Market Expectations,2024-12-18
Tesla stock jumps to another high as Mizuho more than doubles price target to $515,2024-12-18
South Korean won hits weakest since March 2009 on hawkish Fed,2024-12-19
Asian Currencies Tumble as Fed’s Hawkish Cut Jolts Market,2024-12-19
Asian Stocks Retreat as Fed Sees Fewer Rate Cuts: Markets Wrap,2024-12-19
Oil falls on demand concerns after Fed signals slower easing ahead,2024-12-19
"Asian stocks dive after Fed flags slower rate cuts, BOJ decision awaited",2024-12-19
An under-the-radar value stock with 21% upside is one of Bank of America's top internet picks,2024-12-19
The Santa Claus trading window is a week away. 5 reasons it should deliver a stock market rally this year.,2024-12-19
New trade war with China could be a major blow to top tech stocks,2024-12-19
Wall Street Traders Rush for the Exit After Fed’s Rate-Cut Shift,2024-12-19
Southeast Asian Stocks to Offer Shelter Amid Trump Threat,2024-12-19
Analysts reboot Meta stock price targets for 2025,2024-12-19
Fed’s higher inflation forecast and rate projections rattle the stock market,2024-12-19
"The Fed meeting will spark a jump in stocks as investors exit the 'zone of hesitation,' Fundstrat says",2024-12-19
Options Market Charts Show Rush for Protection as Stocks Tumble,2024-12-19
Stock market today: Indexes trade mixed ahead of Fed rate decision and Powell's commentary,2024-12-19
We head to notably-tighter markets than stock prices show the consensus is thinking,2024-12-19
"Lennar (NYSE:LEN) Reports Sales Below Analyst Estimates In Q4 Earnings, Stock Drops",2024-12-19
"The Toro Company (NYSE:TTC) Reports Sales Below Analyst Estimates In Q3 Earnings, Stock Drops",2024-12-19
Oil Heads for Weekly Drop as Dollar Strengthens on Fed Outlook,2024-12-20
Asian Stocks Decline Ahead of US Inflation Data: Markets Wrap,2024-12-20
"Philippines May Open 2025 With Rate Cut, Central Banker Says",2024-12-20
"Scholastic (NASDAQ:SCHL) Reports Sales Below Analyst Estimates In Q4 Earnings, Stock Drops",2024-12-20
Traditional Fast Food Stocks Q3 Earnings: Dutch Bros (NYSE:BROS) Firing on All Cylinders,2024-12-20
Agricultural Machinery Stocks Q3 Earnings: Deere (NYSE:DE) Firing on All Cylinders,2024-12-20
Q1 Earnings Highlights: Moog (NYSE:MOG.A) Vs The Rest Of The Aerospace Stocks,2024-12-20
Q3 Earnings Recap: Camping World (NYSE:CWH) Tops Vehicle Retailer Stocks,2024-12-20
Unpacking Q3 Earnings: Gibraltar (NASDAQ:ROCK) In The Context Of Other Home Construction Materials Stocks,2024-12-20
Why currency volatility could be the market's 'Achilles heel' in 2025,2024-12-20
Hedge fund leader loves this AI stock and it isn't Nvidia,2024-12-20
Analyst resets Amazon stock forecast on huge ‘moonshot’,2024-12-20
"The case for a pause, a cut, or a hike: What markets see for rates after the Fed upended forecasts",2024-12-20
"The market plunge will trigger dormant sell signals if stocks don't recover 'dramatically,' technical analyst warns",2024-12-20
China's Hottest Stock Rockets 370% on Craze for Collectibles,2024-12-20
Micron stock drops 17% on warning of weaker demand for consumer chips,2024-12-20
Here’s What Fueled Japan’s Finance-Led Stock Gain in 2024,2024-12-20
"'Exurbs' in the Northeast were the most popular housing markets in the US this year, Zillow says",2024-12-20
Dow aims to break worst losing streak in 50 years as stocks recover after Fed-fueled rout,2024-12-20
UnitedHealth Stock Price Levels to Watch After Extended Sell-Off,2024-12-20
Germany Reels After Attack at Christmas Market Kills Five,2024-12-21
The Dow's losing streak showed its big weakness: Chart of the Week,2024-12-21
Is the Stock Market Open on Christmas and New Year's?,2024-12-21
Almacenes Éxito to Delist from NYSE and Focus on Colombian Market,2024-12-21
Taoping says Nasdaq grants additional 180 calendar day period for compliance,2024-12-21
Stock market today: Dow soars 498 points as stocks bounce back from Fed-fueled plunge,2024-12-21
"Nvidia stock has another 23% upside and the success of Blackwell will be the chipmaker's big story of 2025, Morgan Stanley says",2024-12-21
"Video game stocks look poised to soar amid a stacked 2025 release calendar, research firm says",2024-12-21
"The market's top stocks need to keep winning to hold back a 'stealth correction,' Bank of America says",2024-12-21
Dow shoots up 750 points as market rebounds after midweek sell-off,2024-12-21
The stock market is sending a worrying signal that 2025 is going to be a tough year,2024-12-21
Singapore Stocks’ Best Year Since 2017 Masks Downbeat Outlook,2024-12-21
Novo Nordisk stock plunges 20% after a trial of its latest weight loss drug disappoints,2024-12-21
Q3 Earnings Highlights: Academy Sports (NASDAQ:ASO) Vs The Rest Of The Specialty Retail Stocks,2024-12-21
Q3 Earnings Outperformers: Caleres (NYSE:CAL) And The Rest Of The Footwear Stocks,2024-12-21
"Bitcoin slides below $100,000, Federal Reserve's Powell rejects bitcoin reserve",2024-12-21
"Crypto markets crash after epic rally, sending Bitcoin back below $100,000",2024-12-21
"ECB rate cuts will continue next year, Vujcic says",2024-12-22
'Skip Forward': Cruise Company Markets $159K 4-Year World Tour To Election-Weary Travelers,2024-12-22
Cathie Wood sells $21.5 million of soaring tech stocks as stocks whipsaw,2024-12-22
Why This Surprising Dividend Stock Is Still Attractive after an 80% Rally,2024-12-22
A risky corner of the ETF market has boomed this year as YOLO traders chase the rally,2024-12-22
AppLovin Stock (APP) May Struggle for More Momentum after 687% Rally,2024-12-22
"Nvidia stock slumps, the Dow's losing streak, and Social Security's big changes: Markets news roundup",2024-12-22
Market timers have given up on stocks — which is exactly what you want to see now,2024-12-22
Tiny But Vital Metal Markets Rush to Adjust to Chinese Clampdown,2024-12-22
Why a housing market 'thaw' never came in 2024,2024-12-22
"Stock market today: Dow, S&P 500, Nasdaq rebound on fresh inflation data to cap volatile week",2024-12-22
Asian Stocks Eye Cautious Gains as US Worries Ease: Markets Wrap,2024-12-23
Wall Street reevaluates 'higher for longer' rates post Fed meeting: What to know this week,2024-12-23
Equity Markets Rise as Traders Evaluate Macro Data,2024-12-23
Consumer Sentiment Continues to Grow; Year-Ahead Inflation Logs First Increase Since May,2024-12-23
Forget the stock-market tumble — the Fed made the right move in a wild week,2024-12-23
A secretary turned $180 into $7.2 million by holding her employer's stock for 75 years,2024-12-23
Billionaire Steve Ballmer has more than 80% of his portfolio in Microsoft stock and advises everyday investors to ‘keep it simple’,2024-12-23
What's next for the stock market in 2025 (hint: expect some drama),2024-12-23
Spotify stock is trading at all-time highs just 2 years after a record low. Here's how it got there.,2024-12-23
Veteran analyst explains if stocks will see a Santa Claus Rally this year,2024-12-23
Asia Stocks Rise in Thin Trade After US Tech Rally: Markets Wrap,2024-12-24
"Asia shares rise, dollar underpinned by elevated bond yields",2024-12-24
Tesla or Rivian: Baird Picks the Superior EV Stock to Buy,2024-12-24
"These 2 defensive sectors are primed for gains as market sentiment soars, according to Goldman Sachs",2024-12-24
Japan’s 2024 Stock Rally Brought Meager Returns in Dollar Terms,2024-12-24
"Warren Buffett's Timeless Advice: 'If You're Gonna Do Dumb Things Because Your Stock Goes Down, You Shouldn't Own A Stock At All'",2024-12-24
Goldman Sees Yen in Sweet Spot for Global Buyers of Japan Stocks,2024-12-24
Japan Startups Stocks Set for Longest Rout as Rate Hike Looms,2024-12-24
China’s Property Stock Rebound Faces a Reality Check in 2025,2024-12-24
"Stock market today: Indexes trade mixed as markets weigh potential Santa Claus rally, rates outlook",2024-12-24
S&P 500 Gains and Losses Today: Chip Stocks Surge as Holiday Trading Week Begins,2024-12-24
"TSLA, LI, or RIVN: Which EV Stock Could Deliver the Highest Upside Potential?",2024-12-24
"Broadcom, AMD Lead Chip Stocks Higher Monday on Anticipation of AI-Driven Gains",2024-12-24
Q3 Earnings Highs And Lows: Oshkosh (NYSE:OSK) Vs The Rest Of The Heavy Transportation Equipment Stocks,2024-12-24
A Look Back at Construction and Maintenance Services Stocks’ Q3 Earnings: Orion (NYSE:ORN) Vs The Rest Of The Pack,2024-12-24
Q3 Earnings Highs And Lows: Salesforce (NYSE:CRM) Vs The Rest Of The Sales Software Stocks,2024-12-24
Q3 Earnings Outperformers: SunOpta (NASDAQ:STKL) And The Rest Of The Shelf-Stable Food Stocks,2024-12-24
Unpacking Q3 Earnings: DigitalOcean (NYSE:DOCN) In The Context Of Other Data Storage Stocks,2024-12-24
Japan's comedian-turned-investor launches fund with ex-Goldman 'stock geek',2024-12-25
Emerging-Market Stocks Advance in Final Push for 2024 Gains,2024-12-25
Stocks Buoyed as ‘Santa Claus Rally’ Period Begins: Markets Wrap,2024-12-25
Optical Cable Reports Strong Q4 Amid Market Challenges,2024-12-25
Stock market today: Santa Claus rally kicks off with nearly 400-point gains for Dow Jones,2024-12-25
Stock market today: US stocks edge higher in shortened Christmas Eve trading session,2024-12-25
"Psyence Biomedical Regains Nasdaq Compliance, Fortifying Market Position",2024-12-25
Investcorp Europe Navigates Management Shift and Nasdaq Delisting,2024-12-25
Applied Optoelectronics Financial Strategy and Stock Issuance,2024-12-25
"Dow, Nasdaq, S&P 500 rally on eve of holiday",2024-12-25
S&P 500 Gains and Losses Today: Tech Stocks Help Drive Christmas Eve Rally,2024-12-25
"Equities Close Higher as Tesla Helps Lift S&P 500, Nasdaq",2024-12-25
‘Headwinds Turn to Tailwinds’: Barclays Says It’s Time to Pull the Trigger on These IT Service Stocks,2024-12-25
"Stock market today: Nasdaq, S&P 500, Dow surge in start to 'Santa Claus' rally ahead of Christmas break",2024-12-25
Q3 Earnings Highs And Lows: Rockwell Automation (NYSE:ROK) Vs The Rest Of The Internet of Things Stocks,2024-12-25
"Santa Rally Kicks Off On Wall Street: Stocks Gain, Tesla Soars, Bitcoin Hits $98,000",2024-12-25
"Fed Sued by Banks, Business Groups Over Allegedly 'Flawed' Annual Stress Tests",2024-12-25
"Stocks Mostly Rise Pre-Bell Ahead of Shortened Trading Session; Asia Mixed, Europe Gains",2024-12-25
Most Asian Stocks Rise Amid Thin Holiday Trading: Markets Wrap,2024-12-26
Wall Street Split on Turkey’s Likely First Rate Cut in Years,2024-12-26
Toys and Electronics Stocks Q3 Earnings: Hasbro (NASDAQ:HAS) Firing on All Cylinders,2024-12-26
Q3 Earnings Outperformers: JLL (NYSE:JLL) And The Rest Of The Real Estate Services Stocks,2024-12-26
Q3 Earnings Recap: XPO (NYSE:XPO) Tops Ground Transportation Stocks,2024-12-26
A Look Back at Electronic Components Stocks’ Q3 Earnings: Novanta (NASDAQ:NOVT) Vs The Rest Of The Pack,2024-12-26
Q3 Earnings Highlights: Werner (NASDAQ:WERN) Vs The Rest Of The Ground Transportation Stocks,2024-12-26
Q3 Earnings Outperformers: Air Lease (NYSE:AL) And The Rest Of The Vehicle Parts Distributors Stocks,2024-12-26
Unpacking Q3 Earnings: Roku (NASDAQ:ROKU) In The Context Of Other Consumer Subscription Stocks,2024-12-26
MicroStrategy Sinks After Nasdaq 100 Inclusion: Bitcoin Bet Under Fire?,2024-12-26
Can Coinbase Become the First Trillion-Dollar Cryptocurrency Stock by 2040?,2024-12-26
Catastrophe bond market nears $50 billion after back-to-back years of record issuance,2024-12-26
WhiteRock Launches Direct Tokenization Platform for Major Stock Exchanges,2024-12-26
Reflecting On Traditional Fast Food Stocks’ Q3 Earnings: Papa John's (NASDAQ:PZZA),2024-12-27
Q3 Earnings Highlights: Leslie's (NASDAQ:LESL) Vs The Rest Of The Specialty Retail Stocks,2024-12-27
Unpacking Q3 Earnings: Netflix (NASDAQ:NFLX) In The Context Of Other Consumer Subscription Stocks,2024-12-27
Q3 Earnings Highs And Lows: Life Time (NYSE:LTH) Vs The Rest Of The Leisure Facilities Stocks,2024-12-27
Q3 Earnings Highlights: Lattice Semiconductor (NASDAQ:LSCC) Vs The Rest Of The Processors and Graphics Chips Stocks,2024-12-27
Toyota stock surges 9% after report says the carmaker aims to double profitability,2024-12-27
‘Squid Game’ Stocks Tank in Korea on Netflix New Season Letdown,2024-12-27
"Asian stocks drift, yen at 5-month low in thin year-end trading",2024-12-27
"'What a difference a year makes': Stocks in this sector are set to surge in 2025 after a disappointing year, Citi says",2024-12-27
Analyst resets Netflix stock price target ahead of 2025,2024-12-27
Stock market today: Indexes edge lower in first trading day after Christmas,2024-12-27
"AI, Trump Are Keys for Korea Stock Picks Amid Political Upheaval",2024-12-27
S&P 500 Gains and Losses Today: Index Treads Water in First Post-Christmas Session,2024-12-27
Nio’s Mass Market Push Draws Scorn as EV Maker Promises a Profit,2024-12-27
Stock Rally Stalls in Sleepy Wall Street Session: Markets Wrap,2024-12-27
"Why the stunning rally in stocks this year could be followed by a 'hangover,' according to Wells Fargo",2024-12-27
Asian Stocks Higher as Japan Gains on Yen Weakness: Markets Wrap,2024-12-27
Stock market today: Asian shares advance after a mixed finish on Wall Street,2024-12-27
BOJ produces estimates on how future rate hikes affect earnings,2024-12-27
S&P 500 Gains and Losses Today: Tech Stocks Fall to Finish Holiday Week,2024-12-28
Stock market today: Dow drops over 300 points amid a tech stock rout,2024-12-28
Why investors don't need to be nervous about a stretched stock market in 2025: Strategist,2024-12-28
"Apple stock has 26% upside as its AI strategy unlocks a 'new era' of growth, Wedbush says",2024-12-28
Stock market today: Indexes slip as bond yields disrupt holiday gains,2024-12-28
"SEALSQ Corp Regains Nasdaq Compliance, Strengthening Market Position",2024-12-28
Mega-Cap Stocks Drag Equity Markets Lower,2024-12-28
Ingles Markets Faces Nasdaq Filing Delay Due to Hurricane,2024-12-28
Elite Pharmaceuticals Launches Generic Vyvanse for ADHD Market,2024-12-28
Stocks Rocked by Late-Week Swoon in Tech Giants: Markets Wrap,2024-12-28
Equities Fall Intraday as Mega-Cap Stocks Weigh,2024-12-28
"Top Stock Movers Now: Lamb Weston, Amedisys, Supermicro, and More",2024-12-28
Q3 Earnings Highlights: Microchip Technology (NASDAQ:MCHP) Vs The Rest Of The Analog Semiconductors Stocks,2024-12-28
Reflecting On Ground Transportation Stocks’ Q3 Earnings: Ryder (NYSE:R),2024-12-28
Q3 Earnings Outperformers: Blue Bird (NASDAQ:BLBD) And The Rest Of The Heavy Transportation Equipment Stocks,2024-12-28
Q3 Earnings Outperformers: Box (NYSE:BOX) And The Rest Of The Productivity Software Stocks,2024-12-28
Tokenization Has Become Wall Street’s Latest Favorite Crypto Buzzword,2024-12-28
Understanding the Fed's rate decisions: Do we want high or low interest rates​?,2024-12-28
Wall Street is concerned about an inflation resurgence in 2025,2024-12-29
"ECB May Mull Waiting Before Next Rate Cut, Holzmann Tells Kurier",2024-12-29
Why IBM Stock Is a Sensible Way to Gain Exposure to Quantum Computing,2024-12-29
These are the 6 most important stock market charts technical experts will be watching in 2025,2024-12-29
Analyst says big shift in AI coming in 2025 is huge tailwind for two stocks,2024-12-29
12 cheap stocks to consider as small-caps start looking like market leaders,2024-12-29
American Battery Technology Announces $10M Stock Offering,2024-12-29
Major analyst unveils stocks forecast for 2025,2024-12-29
Telefonica Brasil Joins Dow Jones Sustainability World Index,2024-12-29
All these market indicators point to stocks struggling during Trump’s presidency,2024-12-29
Wall Street Expects Gold to Glitter Again in 2025,2024-12-29
Morgan Stanley Sees Potential Growth in These 2 Surgical Robotic Stocks,2024-12-29
"The future of crypto, GameStop's boost, and AI's private market bump: Markets roundup",2024-12-29
Asian Stocks Poised for Weak Open After US Losses: Markets Wrap,2024-12-30
S&P 500’s 2024 Rally Shocked Forecasters Expecting It to Fizzle,2024-12-30
Stocks in Translation guests suggest investors pay attention to these areas in 2025,2024-12-30
Why does Wall Street think Netflix stock will plunge 10%?,2024-12-30
Veteran fund manager reveals startling AI stocks forecast for 2025,2024-12-30
Stock market enters final stretch of 2024: What to know this week,2024-12-30
These 5 Sun Belt cities could be hot for real estate investors in 2025 — here’s how you can tap into these markets,2024-12-30
"Welcome to ‘Trumpenomics 2.0:’ What Donald Trump’s 2025 return means for markets, from AI rally to tariff risks",2024-12-30
"Average rate on a 30-year mortgage climbs to 6.85%, highest since July, as bond yields keep rising",2024-12-30
Q3 Earnings Highs And Lows: Hertz (NASDAQ:HTZ) Vs The Rest Of The Ground Transportation Stocks,2024-12-31
Reflecting On Specialty Retail Stocks’ Q3 Earnings: Ulta (NASDAQ:ULTA),2024-12-31
Q3 Earnings Outperformers: News Corp (NASDAQ:NWSA) And The Rest Of The Media Stocks,2024-12-31
Asian Stocks Set for Quarterly Loss as 2024 Ends: Markets Wrap,2024-12-31
Watch These Boeing Price Levels as Stock Slips After South Korean Crash,2024-12-31
"Stock market today: Asian shares trade mixed, as Tokyo and Seoul are shuttered for New Year holidays",2024-12-31
"Asian stocks, dollar hold their own to close out strong 2024",2024-12-31
Year-end weakness in stocks reveals nervousness heading into 2025. Here's what 3 market pros are saying.,2024-12-31
Chinese Stocks Race Past Peers for First Annual Gain Since 2020,2024-12-31
"Bond market sentiment 'could scarcely be worse' heading into 2025, research firm says",2024-12-31
Boeing stock drops after South Korea plan crash,2024-12-31
Pennsylvania governor complains to regulator about PJM's power market rules,2024-12-31
Diesel benchmark up slightly; futures market soars on forecast of extreme cold,2024-12-31
Stock market today: Dow drops 305 points as US stocks stumble into the new year,2024-12-31
Gold’s 26% Advance Stands Out in Mixed Year for Metals Markets,2024-12-31
S&P 500 Gains and Losses Today: Index Slides Heading Into Final Session of 2024,2024-12-31
"MicroStrategy Buys Bitcoin Again, Stock Falls",2024-12-31
The two big housing market trends to watch in 2025,2024-12-31
Stock market today: Indexes edge up as traders get ready to wrap up a blockbuster year of gains,2025-01-01
Equity Markets Post Double-Digit Gains for 2024,2025-01-01
Here's where Wall Street sees stocks heading after the best 2-year stretch since '97-'98,2025-01-01
Stocks Skid at End of Best S&P 500 Run Since 1990s: Markets Wrap,2025-01-01
Super Micro stock had a wild ride in 2024 — here's why,2025-01-01
Boeing on track to be 2024's biggest loser in Dow Jones Index,2025-01-01
Wall Street’s predictions for the market and economy in 2025,2025-01-01
Equity Markets Fall Intraday as 2024 Draws to Close,2025-01-01
"What is a jumbo money market account, and where can you find the best rates?",2025-01-01
Warren Buffett tells people to buy an S&P 500 index fund. A celebrity tech investor says they face a 'rude awakening.',2025-01-01
S&P 500 Gains and Losses Today: Index Slips as Stocks Close Out Strong Year,2025-01-01
Stocks To Watch in January—And What to Watch For,2025-01-01
What To Expect From the US Stock Market in 2025,2025-01-01
"December Texas Services Sector Activity Slips, Dallas Fed Says",2025-01-01
Sangamo Therapeutics Stock Slumps After Pfizer Terminates Hemophilia A Gene Therapy Partnership,2025-01-01
"Stocks Rise Pre-Bell Ahead of Final Trading Session of 2024; Asia Falls, Europe Gains",2025-01-01
How and Why the Fed Funds Rate Impacts Bitcoin Prices,2025-01-01
Will Amazon (NASDAQ:AMZN) Stock See Newer Highs in 2025?,2025-01-02
These were the 10 best-performing S&P 500 stocks in 2024,2025-01-02
Why Exxon Mobil (XOM) Is a Top Dividend Stock for 2025 and Beyond,2025-01-02
The 5 worst performing stocks on the S&P 500 in 2024,2025-01-02
The 5 best performing stocks on the S&P 500 in 2024,2025-01-02
The 5 worst performing stocks on the Nasdaq 100 in 2024,2025-01-02
Will weight-loss drugs lead to upheaval in the sugar market?,2025-01-02
The 5 best performing stocks on the Nasdaq 100 in 2024,2025-01-02
The 5 best performing stocks on the Dow Jones Industrial Average in 2024,2025-01-02
The 5 worst-performing stocks on the Dow Jones Industrial Average in 2024,2025-01-02
Asia Kicks Off New Year After Ominous End to 2024: Markets Wrap,2025-01-02
Pessimism Weighs on Asia Stock Traders Into 2025 on Tariff Risks,2025-01-02
"ECB Hopes to Hit 2% Inflation Target in 2025, Lagarde Says",2025-01-02
How High Will Unemployment Get In 2025?,2025-01-02
General Industrial Machinery Stocks Q3 Earnings: Luxfer (NYSE:LXFR) Firing on All Cylinders,2025-01-02
Q3 Earnings Highs And Lows: Kennametal (NYSE:KMT) Vs The Rest Of The Professional Tools and Equipment Stocks,2025-01-02
Q3 Earnings Highs And Lows: Amplitude (NASDAQ:AMPL) Vs The Rest Of The Data Analytics Stocks,2025-01-02
A Look Back at Household Products Stocks’ Q3 Earnings: Energizer (NYSE:ENR) Vs The Rest Of The Pack,2025-01-02
A Look Back at Sales And Marketing Software Stocks’ Q3 Earnings: Sprinklr (NYSE:CXM) Vs The Rest Of The Pack,2025-01-02
Q3 Earnings Highs And Lows: JELD-WEN (NYSE:JELD) Vs The Rest Of The Home Construction Materials Stocks,2025-01-03
Q3 Earnings Highs And Lows: DocuSign (NASDAQ:DOCU) Vs The Rest Of The Productivity Software Stocks,2025-01-03
A Look Back at Construction and Maintenance Services Stocks’ Q3 Earnings: Granite Construction (NYSE:GVA) Vs The Rest Of The Pack,2025-01-03
Reflecting On Specialty Equipment Distributors Stocks’ Q3 Earnings: Alta (NYSE:ALTG),2025-01-03
Leisure Products Stocks Q3 Earnings: American Outdoor Brands (NASDAQ:AOUT) Firing on All Cylinders,2025-01-03
Q3 Earnings Highs And Lows: Soho House (NYSE:SHCO) Vs The Rest Of The Travel and Vacation Providers Stocks,2025-01-03
Nvidia gained $2 trillion in its stellar 2024 rally. Here's what Wall Street sees for the chip titan this year.,2025-01-03
Chinese stocks just had their worst start to the year in nearly a decade as economic woes persist,2025-01-03
5 potential tech IPOs that may supercharge markets in 2025,2025-01-03
Stock market today: Indexes jump to kick off 2025 as market aims to snap 4-day losing streak,2025-01-03
"Results are in for a new depression drug trial, and they're cratering this stock",2025-01-03
"As Hope of Santa Claus Rally Fades, What's Next for Stocks in 2025?",2025-01-03
Equity Markets Fall on 1st Trading Day of 2025; Tesla Shares Decline,2025-01-03
S&P 500 Gains and Losses Today: Tesla Stock Drops as Deliveries Miss Forecasts,2025-01-03
Wall Street Rattled by Rough Start to New Year: Markets Wrap,2025-01-03
"Tesla stock slides after Q4 delivery miss, first yearly sales decline",2025-01-03
"Stock market today: Dow, S&P 500, Nasdaq fall as comeback bid falters and Tesla, Apple slide",2025-01-03
"Asian Stocks Gain, Bucking a Rocky Start to 2025: Markets Wrap",2025-01-03
Reserves at Fed Sink Below $3 Trillion to the Lowest Since 2020,2025-01-03
"China's central bank might cut interest rates from current level of 1.5% in 2025, FT reports",2025-01-03
"Jobs Report, Fed Minutes, Delta Earnings: What to Watch Next Week",2025-01-04
Q3 Earnings Highlights: Coupang (NYSE:CPNG) Vs The Rest Of The Online Retail Stocks,2025-01-04
Unpacking Q3 Earnings: Hain Celestial (NASDAQ:HAIN) In The Context Of Other Shelf-Stable Food Stocks,2025-01-04
Specialty Equipment Distributors Stocks Q3 Earnings: Richardson Electronics (NASDAQ:RELL) Best of the Bunch,2025-01-04
Q3 Earnings Highs And Lows: Kulicke and Soffa (NASDAQ:KLIC) Vs The Rest Of The Semiconductor Manufacturing Stocks,2025-01-04
A Look Back at Engineered Components and Systems Stocks’ Q3 Earnings: Enpro (NYSE:NPO) Vs The Rest Of The Pack,2025-01-04
Reflecting On Traditional Fast Food Stocks’ Q3 Earnings: Portillo's (NASDAQ:PTLO),2025-01-04
"Mortgage Brokers Made Rate Hikes More Painful, Says Bank of England",2025-01-04
Fed's Kugler says data will drive Fed policy choices amid uncertainty,2025-01-04
US new vehicle sales rose 2.7% last year as prices and interest rates dropped a little,2025-01-04
Beer and alcohol stocks face bigger challenges as US surgeon general links drinking to cancer risk,2025-01-04
Rivian stock surges to start the year on better-than-expected EV deliveries,2025-01-04
"Nvidia stock jumps, leads 'Magnificent 7' gains to start 2025 after end-of-year tech sell-off",2025-01-04
"Stock market today: Dow, S&P 500, Nasdaq jump as Nvidia, Tesla lead spark to end losing week",2025-01-04
Stock market today: Indexes snap a 5-day losing streak as tech stocks surge,2025-01-04
Nuclear stocks jump in the new year as bullish analysts see the AI boom powering the sector,2025-01-04
"Fed's Kugler, Daly say job not done on inflation",2025-01-05
December US Jobs Report to Cap Year of Moderate Hiring,2025-01-05
"Investors are like ‘hyperactive first-graders’ playing this schoolhouse game as they try to anticipate the market, strategist says",2025-01-05
Three Reasons Why I’m Bullish on UBER Stock in 2025,2025-01-05
Wall Street eyes another blockbuster year for ETFs after inflows jumped to a record $1 trillion in 2024,2025-01-05
Boeing ended its difficult 2024 as the biggest loser in the Dow Jones index,2025-01-05
These hedge funds soared amid big gains for US stocks and the dollar,2025-01-05
"AI stocks to watch, Apple TV tries free, and the Chips Act scramble: Tech roundup",2025-01-05
Wall Street’s Top Banks Just Abandoned a Once Popular Alliance,2025-01-05
Tractor Supply target adjusted for stock split at Evercore ISI,2025-01-05
Palo Alto Networks target adjusted for stock split at Scotiabank,2025-01-05
"Cryptic posts drive stocks, and Bitcoin turns 16: Markets roundup",2025-01-05
"Asian Currencies Hit Two-Decade Low, Stocks Mixed: Markets Wrap",2025-01-06
"Japan Stocks Look Set for New Highs in 2025 on Earnings, Reforms",2025-01-06
Korean Markets Ride Out Crisis as Global Debt Funds Keep Buying,2025-01-06
Trader Who Made Billions in 2008 Returns to Bet on Market Swings,2025-01-06
Why a recent Supreme Court decision could undermine the stock market's biggest bull case for Trump's 2nd term,2025-01-06
'A $2M Bet On Recovery': Bill Gates Quietly Buys 2 Stocks He Believes Will Define 2025's Economic Boom,2025-01-06
"Rival CEO spread doubt about Nippon Steel deal prospects to Wall Street, documents allege",2025-01-06
"US Exceptionalism Will Propel Stocks, Dollar in 2025: MLIV Pulse",2025-01-06
"The dollar will stay strong if the world keeps ‘shoveling all of its savings’ into US stocks, strategist says",2025-01-06
"Warren Buffett dumped stocks, built a $300 billion cash pile, and updated his death plan in 2024. Here are his 6 highlights.",2025-01-06
Watch These Supermico Price Levels as Stock  Pops After Volatile Year,2025-01-06
Oil Holds Near October High on Strength in Middle East Markets,2025-01-06
Alcoholic Beverage Stocks Slide in Asia on US Cancer Warning,2025-01-06
"Asian Currency Index Falls to Two-Decade Low on Fed, Tariff Bets",2025-01-06
"Goldman Pushes Back $3,000 Gold Forecast on Fewer US Rate Cuts",2025-01-06
Morning Bid: Inflation runs hot in the euro zone,2025-01-07
Asian Stocks Gain on Tech Strength; Yen Pares Drop: Markets Wrap,2025-01-07
Stock market today: Tech rallies as AI names lead markets higher ahead of CES event,2025-01-07
CATL’s Outsized Share of World’s EV Cell Market Highlights Risks,2025-01-07
Watch These Micron Price Levels After Stock Leads AI-Fueled Chip Rally,2025-01-07
Analyst resets price target for under-the-radar AI software stock,2025-01-07
Analysts revamps Apple stock price target on iPhone sales,2025-01-07
Chip stocks soar as solid earnings from top tech manufacturer Foxconn point to big AI demand,2025-01-07
Stock market today: Asian shares mostly rise after Wall Street rally led by Nvidia,2025-01-07
"America's stock-market boom will end in 2025 as markets punish the US for its yawning deficits, Rockefeller chairman says",2025-01-07
"Nvidia stock pops ahead of Jensen Huang's CES keynote. Here's what investors can expect to hear from the top chip exec, according to BofA.",2025-01-07
Why Morgan Stanley's top stock strategist predicts the market will face a difficult start to 2025,2025-01-07
Dollar edges down towards one-week low as market ponders Trump tariffs,2025-01-07
"Jobs Report, Fed Minutes, Delta Earnings: What to Watch This Week",2025-01-07
What Analysts Think of Albertsons Stock Ahead of Earnings,2025-01-07
Q3 Earnings Recap: National Vision (NASDAQ:EYE) Tops Specialty Retail Stocks,2025-01-07
Q3 Earnings Highlights: CrowdStrike (NASDAQ:CRWD) Vs The Rest Of The Cybersecurity Stocks,2025-01-07
Q3 Earnings Outperformers: Hilton (NYSE:HLT) And The Rest Of The Travel and Vacation Providers Stocks,2025-01-07
A Look Back at Broadcasting Stocks’ Q3 Earnings: Sinclair (NASDAQ:SBGI) Vs The Rest Of The Pack,2025-01-07
Reflecting On Processors and Graphics Chips Stocks’ Q3 Earnings: SMART (NASDAQ:SGH),2025-01-07
Unpacking Q3 Earnings: Teledyne (NYSE:TDY) In The Context Of Other Inspection Instruments Stocks,2025-01-08
Software Development Stocks Q3 Earnings: JFrog (NASDAQ:FROG) Best of the Bunch,2025-01-08
A Look Back at Household Products Stocks’ Q3 Earnings: Central Garden & Pet (NASDAQ:CENT) Vs The Rest Of The Pack,2025-01-08
Q3 Earnings Highlights: FormFactor (NASDAQ:FORM) Vs The Rest Of The Semiconductor Manufacturing Stocks,2025-01-08
"Unpacking Q3 Earnings: Sirius XM (NASDAQ:SIRI) In The Context Of Other Wireless, Cable and Satellite Stocks",2025-01-08
Tarrified: Markets feeling the most pinch from Trump tariff risks,2025-01-08
"Asian Stocks Drop on Inflation Risk, China Fears: Markets Wrap",2025-01-08
Stock market today: Asian shares slip after Wall St slumps despite strong US economic data,2025-01-08
Moderna Price Levels to Watch After Stock's 12% Surge on Tuesday,2025-01-08
Why Apple stock just got a rare downgrade to 'sell',2025-01-08
"Asian stocks slip, dollar bolstered by US rate outlook",2025-01-08
Nvidia unveils plans to revolutionize massive markets,2025-01-08
The Spiral’s $2.7 Billion Refinancing Kicks Off 2025 CMBS Market,2025-01-08
Quantum Computing Stocks Drop as Nvidia CEO Sees Use Years Away,2025-01-08
Wall Street Banks Cleared by Texas After Exiting Climate Group,2025-01-08
Nvidia stock touches record high after CEO Jensen Huang unveils AI's 'next frontier' at CES,2025-01-08
Michael Grimes on Tech Markets; A Chart on Megadeals,2025-01-08
Stock market today: Indexes gain as Nvidia rises on fresh AI excitement,2025-01-08
What's Going On With Trump Media & Technology Group Stock On Tuesday? (CORRECTED),2025-01-08
HSBC Analysts See 21% Upside for Hong Kong-Listed Chinese Stocks,2025-01-09
Asian Stocks Dip as Traders Shift Focus to US Jobs: Markets Wrap,2025-01-09
Ebay added $3 billion in market value in one day — thanks to Facebook’s rival marketplace,2025-01-09
Quantum computing stocks tumble after Nvidia boss Jensen Huang says the tech is still 20 years away,2025-01-09
Why the bond market is throwing a tantrum that could tank stocks,2025-01-09
Veteran analyst early to quantum computing stocks revamps outlook after stocks get clobbered,2025-01-09
Watch this key threshold for the S&P 500 on Wednesday to gauge if stocks will keep rallying in 2025,2025-01-09
"NIO Stock May Have Reached a Turning Point, but Risks Remain",2025-01-09
Stock market today: Indexes slip as yields edge up and traders worry over Trump tariff plans,2025-01-09
S&P 500 Gains and Losses Today: eBay Soars as Meta Permits Facebook Marketplace Listings,2025-01-09
"US activists' demands push up stock prices but maybe not for long, Lazard report says",2025-01-09
EBay Stock Pops 10% After Meta Says Some Listings Will Be Viewable on Facebook Marketplace,2025-01-09
"Edison International’s Stocks, Bonds Fall Amid LA Wildfire",2025-01-09
"Cal-Maine Foods Stock Climbs on Strong Earnings, Thanks to Higher Egg Prices",2025-01-09
Wall Street cuts Exxon earnings views after fourth-quarter snapshot,2025-01-09
"Fed Minutes, Delta Earnings, Jobs Report: What to Watch for Rest of the Week",2025-01-09
A Look Back at Environmental and Facilities Services Stocks’ Q3 Earnings: Veralto (NYSE:VLTO) Vs The Rest Of The Pack,2025-01-09
"US oil imports from Canada hit record ahead of tariff threat, EIA data shows",2025-01-09
AppLovin’s Nasdaq-Topping 700% Rally Sets Up Challenging 2025,2025-01-09
Quantum Stocks Drop as Nvidia CEO Sees Use Years Away,2025-01-09
What Analysts Think of Walgreens Stock Ahead of Earnings,2025-01-10
European Stock Futures Fall Before US Jobs Data: Markets Wrap,2025-01-10
Yen Intervention Risk Creeps Higher as US Jobs Report Approaches,2025-01-10
BlackRock Leaves Major Climate Group Amid Wall Street Exodus,2025-01-10
India’s Small Investors Put $3 Billion in Stock Funds Last Month,2025-01-10
Chinese Stocks Head for Bear Market as Geopolitical Risks Mount,2025-01-10
"Stock market today: Asian shares slide further as rate cut, tariff worries hit market sentiment",2025-01-10
TSMC's fourth-quarter revenue handily beats market forecast,2025-01-10
Stock market holidays 2025: US markets are closed on these days,2025-01-10
One chart shows why mega-cap tech continues to dominate the stock market,2025-01-10
President Biden makes critical decision for major tech market,2025-01-10
"Hyundai launches $18,000 EV in Japan to penetrate EV-wary market",2025-01-10
"As Wall Street eyes tokenization, a lack of market infrastructure presents hurdles",2025-01-10
"Trump-Hit Philippine Stocks Seen Rebounding on Spending, Profits",2025-01-10
"From JPMorgan to Citigroup, how Wall Street does RTO",2025-01-10
Fed Meeting Minutes Leave Equities Mixed,2025-01-10
"Fed Officials See Higher Inflation Risks as Trade, Immigration Policy Changes Loom, Meeting Minutes Show",2025-01-10
"Equities Largely Unchanged After Labor Market Data, Fed Governor Remarks",2025-01-10
California homeowners insurance market tested as fires rage,2025-01-10
Delta Stock Soars; Airline Expects Premium Travel to Power Earnings,2025-01-11
Walgreens Stock Soars After Earnings Hold Up Better Than Feared,2025-01-11
"Walgreens Stock Jumps as Sales Grow, Adjusted Earnings Surpass Estimates",2025-01-11
"Delta Air Lines Stock Rises as Revenue, Adjusted Earnings Top Estimates",2025-01-11
Delta stock pops following Q4 earnings beat as CEO sees 'a great amount of momentum',2025-01-11
"Inflation Data, Bank Earnings Bonanza: What to Watch Next Week",2025-01-11
Reeves Seeks Growth on China Visit After UK’s Market Pain,2025-01-11
Mobileye Stock Price Levels to Watch After This Week's 28% Drop,2025-01-11
It's been a brutal start to the year for the bond market,2025-01-11
Biden Goes Out With a Bang in the Jobs Market,2025-01-11
5 black swan events that could surprise the market this year,2025-01-11
Why the blowout jobs report is tanking stocks and sending yields spiking,2025-01-11
"Stock, Bond ETFs Tumble Following Strong December Jobs Report",2025-01-11
Insurance stocks tumble as LA fires threaten record losses,2025-01-11
"Financial, Industrials, and Technology Stocks Were on Top Last Year",2025-01-11
"Equities Retreat, Yields Surge as Markets Weigh Jobs Report",2025-01-11
Some Retail Stocks Could Take Hits From the Los Angeles Wildfires,2025-01-11
Nasdaq Seeks SEC Approval to Boost IBIT Options Limits Tenfold,2025-01-11
Blowout Jobs Report Fuels Wall Street Fear of ‘Lose-Lose’ Market,2025-01-11
US Inflation Is Set to Back Fed Pause After Robust Jobs Data,2025-01-12
Reeves Seeks to Calm Market Turmoil as UK Touts China Deals,2025-01-12
Talk of a sharp stock correction is rising. Here's how painful it could get.,2025-01-12
Wall Street veteran fund manager unveils market forecast for 2025,2025-01-12
Uranium prices hit record as thirsty AI data centers add to market squeeze,2025-01-12
US Stock Market Faces Reality Check in High-Bar Earning Season,2025-01-12
TipRanks’ ‘Perfect 10’ List: Unveiling 2 High-Scoring Stocks for 2025,2025-01-12
The labor market’s upside surprise: Chart of the Week,2025-01-12
Why Reeves ‘fled to China’ as bond markets fell into crisis,2025-01-12
"Starmer Brushes Off Musk, But Is Haunted by UK Market Rout",2025-01-12
Stock market today: Dow plunges 697 points after jobs report hits rate-cut bets,2025-01-12
Oil touches $80 per barrel as sweeping sanctions against Russia rattle markets,2025-01-12
Stocks and Bonds Retreat on Fed Rate-Cut Outlook: Markets Wrap,2025-01-13
Reeves Faces Growing Calls For Plan to Quell UK Market Jitters,2025-01-13
French Gas and Power Utility Engie Seeks to Enter Saudi and Emirati Renewable Markets,2025-01-13
"More ECB Rate Cuts Needed Irrespective of Fed Moves, Rehn Says",2025-01-13
Investors Hope Earnings Season Can Revive Faltering Stock Rally,2025-01-13
Wall Street Banks’ Market-Beating Rally Faces Earnings Test,2025-01-13
Q&A: Sean Blinkhorn on the future of asset finance and 2025 market trends,2025-01-13
Mango Markets To Wind Down Operations After $110 Million Exploit and SEC Settlement,2025-01-13
iPhone loses global market share with Apple AI absent in China,2025-01-13
Taiwan iPhone maker Foxconn sets its sights on the ever more crowded EV market,2025-01-13
Full steam ahead: Asia’s cruise market sets a new course,2025-01-13
"The luxury goods market has created its own crisis, and it won’t recover until after 2027",2025-01-13
Watch These Constellation Energy Price Levels as Stock Surges on $26.6B Deal to Buy Rival,2025-01-13
Goldman strategists see battered China stocks rising 20% in 2025,2025-01-13
"Stocks fall, dollar strong as markets wonder if Fed is done",2025-01-13
Stock market today: Equities attempt rebound ahead of earnings season,2025-01-14
Energy stocks are off to a blockbuster start in 2025 after back-to-back years of underperformance,2025-01-14
Stock market today: Asian shares trade mixed after drops for Big Tech leave Wall Street mixed,2025-01-14
The S&P 500's postelection rally has been erased,2025-01-14
Watch These Moderna Price Levels as Stock Plummets After Slashing 2025 Revenue Outlook,2025-01-14
Analyst who forecast Palantir’s rally unveils another defense stock pick,2025-01-14
One chart shows why both stocks and bonds are tanking at the same time,2025-01-14
China Securities Regulator Vows Efforts to Stabilize Market,2025-01-14
Thaksin Outlines Steps to Revive Flagging Thai Stock Market,2025-01-14
Analysis-China's retail investor sours quickly on stocks,2025-01-14
Indian Stock Selloff Sends Key Index Toward Oversold Level,2025-01-14
3 trends to watch as earnings season kicks off,2025-01-14
The surging dollar will separate the winners and losers this earnings season,2025-01-14
What Analysts Think of Bank of America Stock Ahead of Earnings,2025-01-14
Strong US dollar to test 'recurring phenomenon' this earnings season,2025-01-14
What Analysts Think of JPMorgan Chase Stock Ahead of Earnings,2025-01-14
Options Traders Expect Big Post-Earnings Stock Swings,2025-01-14
What Wall Street Analysts Think of Goldman Sachs Stock Ahead of Earnings,2025-01-14
"Dollar Slips, Chinese Stocks Rise on Tariff Report: Markets Wrap",2025-01-14
Financiers With Dubious Links to Gulf Royals Cloud $1 Trillion Market,2025-01-14
"Stocks, Bonds Gain as Slower UK Inflation Soothes: Markets Wrap",2025-01-15
German GDP Shrinks for Second Straight Year Before Election,2025-01-15
Yen Rallies as BOJ’s Ueda Fuels January Rate Hike Speculation,2025-01-15
How Scott Bessent Won Over MAGA and Wall Street,2025-01-15
"Dogecoin Jumps 11%, Bitcoin and XRP Rebound After 2025 Rate Hike Fears Trigger Monday Sell-Off",2025-01-15
"Bitcoin Faces Potential Drop to $85,000 as Inflation Pressures and Overheated Futures Markets Impact Price",2025-01-15
"Bitcoin Surges Over 6% to $97,000 as Global Markets Rally and Key U.S. Inflation Data Looms",2025-01-15
Bitcoin Taking Cue From Tech Stocks as Markets Await US CPI Test,2025-01-15
Huang Bump Seen Fading for Nvidia-Linked Stocks Riding AI Rally,2025-01-15
Equities Close Mostly Higher Ahead of Consumer Inflation Report,2025-01-15
Equity Markets Rise Intraday After PPI Report,2025-01-15
Rolex Prices at Four-year Low on Secondhand Market,2025-01-15
"Futures flat on caution ahead of bank earnings, key inflation data",2025-01-15
"Indonesia Surprises With Rate Cut, Intervenes in FX Market",2025-01-15
"Goldman, JPMorgan predict jolt in US stocks on inflation miss",2025-01-15
"UK inflation unexpectedly drops in December, easing pressure in bond markets",2025-01-15
Wall Street billionaire Leon Black walks away from Telegraph takeover,2025-01-15
Stock market today: Indexes mixed as investors brace for a critical inflation report,2025-01-15
"US inflation relief dents dollar, yen gains ahead of BOJ",2025-01-16
Asian Stocks Gain After US Core Inflation Cools: Markets Wrap,2025-01-16
Popular congressman goes hunting for tech-stock bargains amid selloff,2025-01-16
Nvidia makes a major change as it prepares to enter a hot new market,2025-01-16
Stocks Loved by Retail Investors at Forefront of India Selloff,2025-01-16
"RBI Must Shun Excessive FX Market Intervention, Former Head Says",2025-01-16
Indonesia’s Surprise Rate Cut Is Fueling Bond Market Uncertainty,2025-01-16
Tesla’s Asian Rivals Pull Ahead in India’s Nascent EV Market,2025-01-16
Wall Street Has Best CPI Day Since at Least 2023: Markets Wrap,2025-01-16
"S&P 500 Gains and Losses Today: Bank Earnings, Soft Inflation Help Boost Index",2025-01-16
"Equity Markets Rally, Yields Slump After CPI Report, Bank Earnings",2025-01-16
"Cooling Inflation Data Send Stock, Bond ETFs Higher",2025-01-16
Is It Time to Turn Bullish on IONQ Stock after the Quantum Freefall?,2025-01-16
A Netflix Bull Trimmed His Price Target—But the Stock Is Rising Ahead of Earnings,2025-01-16
Wells Fargo Stock Climbs as Earnings Top Estimates,2025-01-16
Luxury Stocks’ Recent Rally Faces High-Stakes Earnings Test,2025-01-16
Stock Futures Up Amid Major Bank Earnings and Key Inflation Data,2025-01-16
"Wall St surges as inflation data, bank earnings fuel rally",2025-01-16
Q4 Earnings Review: Shelf-Stable Food Stocks Led by General Mills (NYSE:GIS),2025-01-16
Asian Stocks Fall Ahead of Chinese Economic Data: Markets Wrap,2025-01-17
Oil Heads for Fourth Weekly Advance as Market Girds for Trump,2025-01-17
Biden Adviser Warns Trump Risks Inflation If He Meddles With Fed,2025-01-17
"ChargePoint Outpaces Tesla In EV Network Market Share, But JPMorgan Stays Cautious",2025-01-17
"China Heads for Trump Showdown With Yuan, Stocks Under Threat",2025-01-17
Stock market today: Indexes slip after the best day for stocks since November,2025-01-17
Watch These Intuitive Surgical Price Levels as Stock Hits Another Record High,2025-01-17
Canary's Litecoin ETF Takes Big Step Toward Nasdaq Listing,2025-01-17
S&P 500 Gains and Losses Today: UnitedHealth Stock Ails as Results Fall Short,2025-01-17
How blowout bank earnings and a promising inflation report gave the market a much-needed boost,2025-01-17
"Equities Fall as Markets Weigh Macro Data, Earnings",2025-01-17
Palantir Stock’s (PLTR) Valuation Is Hard to Defend despite White House Ally,2025-01-17
Stock Rally Stalls as Waller Remarks Boost Bonds: Markets Wrap,2025-01-17
"Stock market today: Nasdaq slide leads stocks lower with earnings, Bessent confirmation hearing in focus",2025-01-17
Bank of America and Morgan Stanley cement a Wall Street revival,2025-01-17
Morning Bid: Inflation relief and bumper bank earnings,2025-01-17
"Wall Street slips after rally as earnings, data eyed",2025-01-17
Quantum-Si announces inducement grants under Nasdaq listing rule,2025-01-18
Is the stock market open or closed on MLK Day 2025? See holiday schedule,2025-01-18
Market expert reveals the 'sweet spot' for bonds in 2025,2025-01-18
"Strong Economy Will Eventually Drive Stocks Higher, Says Truist — Here Are 3 Names to Consider",2025-01-18
Trump launches memecoin that quickly crosses $10 billion market cap,2025-01-18
US stocks surge to cap off the best week since the November election,2025-01-18
"BofA says Trump will backstop stocks this year, but to closely watch one key area of the market",2025-01-18
A legendary investor who predicted the dot-com crash says there's a key ingredient missing for a market bubble,2025-01-18
A trifecta of developments has flipped markets upside down this week,2025-01-18
Biden vs. Trump: Who Had the Better Stock Market?,2025-01-18
Trump will inherit a housing market creaking under the strain of high prices and high interest rates,2025-01-18
Charting the Global Economy: Inflation Cools in US and UK,2025-01-18
What Analysts Think of Netflix Stock Ahead of Earnings,2025-01-18
Reflecting On Vertical Software Stocks’ Q3 Earnings: Toast (NYSE:TOST),2025-01-18
A Look Back at Consumer Electronics Stocks’ Q3 Earnings: Peloton (NASDAQ:PTON) Vs The Rest Of The Pack,2025-01-18
Q3 Earnings Highlights: Yum! Brands (NYSE:YUM) Vs The Rest Of The Traditional Fast Food Stocks,2025-01-18
Stocks and Bitcoin Gain Before Trump Takes Office: Markets Wrap,2025-01-20
‘America First’ Stalls Bond Sale Bonanza in Emerging Markets,2025-01-20
Fidelity’s Riddell Likes UK Debt in Bet on Deeper BOE Rate Cuts,2025-01-20
"Trump’s Volatile New Memecoin Sucks Flows, Saps Wider Crypto Market",2025-01-20
Trump's economic plans face 'highly unusual' bond market as national debt continues to balloon,2025-01-20
Wall Street says 'risks are mitigated' as Trump prepares second global trade war,2025-01-20
Stock playbook for Trump's second term: Top sector winners and losers,2025-01-20
The stock market has never looked like this before — regardless of who's president,2025-01-20
"Mag 7, crypto, Trump coin, AI, Trump, tariffs, Fed, and everything else that will dominate Davos",2025-01-20
"Equity Markets Rise as Investors Parse Macro Data, IMF Report",2025-01-20
Trump's inauguration looms as earnings season rolls on: What to know this week,2025-01-20
Hong Kong stocks rise on positive talks between Trump and Xi,2025-01-20
Is the stock market open on Martin Luther King Day 2025?,2025-01-20
Indonesia Opens Domestic Carbon Market to Global Investors,2025-01-20
Stock market today: Asian shares trade mixed in a muted reaction to the U.S. inauguration,2025-01-21
"Japanese Stocks Wobble As Trump Unveils Tariff on Mexico, Canada",2025-01-21
"Dollar Jumps as Trump Plans Mexico, Canada Tariffs: Markets Wrap",2025-01-21
China stocks cautiously higher after Trump delays tariffs,2025-01-21
China Markets Whipsaw as Trump Keeps Traders Guessing on Tariffs,2025-01-21
TikTok Drama Helps Power Up Some China Consumer Stocks,2025-01-21
Huawei seeks to grab market share in AI chips from Nvidia in China,2025-01-21
COMAC jets for Vietnam show China's push for international market,2025-01-21
"Morning Bid: Trump's tariff caution slams dollar, lifts stocks",2025-01-21
Emerging Market FX Rise as Tariff Fears Ease With Trump Sworn In,2025-01-21
Tariff Relief Lifts S&P Futures as Trump Sworn In: Markets Wrap,2025-01-21
Markets optimistic as Trump returns to the White House,2025-01-21
"Trade, tariffs, energy - market reaction to Trump's first day",2025-01-21
What Analysts Think of Johnson & Johnson Stock Ahead of Earnings,2025-01-21
What Analysts Think of P&G Stock Ahead of Earnings,2025-01-21
Lanxess Shares Rise After Earnings Guidance Above Market Views,2025-01-21
"Netflix stock soars after subscriber growth blows away forecasts, company announces more price hikes",2025-01-22
GM Stock Pops on Deutsche Bank Upgrade Ahead of Q4 Earnings,2025-01-22
What Analysts Think of GE Aerospace Stock Ahead of Earnings,2025-01-22
Analysis-Azul-Gol airline merger could be a 'necessary evil' in bumpy Brazil market,2025-01-22
European stocks extend gains as Adidas propels DAX to record high,2025-01-22
"Trump Widens Tariff Threats to China, Europe on Day 2 in Office",2025-01-22
Stocks Rise as Trump’s AI Plan Offsets Tariff Risk: Markets Wrap,2025-01-22
South Africa Inflation Quickens Less Than Expected in December,2025-01-22
SEC Forms Task Force To Develop Clear Regulations for $3.7 Trillion Cryptocurrency Market,2025-01-22
ECB’s Knot Is Content With Market View on Next Two Meetings,2025-01-22
"US stocks climb on Trump AI support, trade outlook",2025-01-22
Stock market today: Asian stocks are mixed as Trump's talk of tariffs raises uncertainty,2025-01-22
Why a top hedge fund investor says markets under Trump could be more complicated than traders are hoping,2025-01-22
BOJ Heads Toward Rate Hike as Markets Take Trump in Stride,2025-01-22
Indian Stock Exodus Balloons to $5 Billion on Downbeat Profits,2025-01-22
Watch These Netflix Price Levels as Stock Soars After Strong Q4 Earnings,2025-01-22
"Walgreens Stock Stumbles Amid Legal Challenges, Throwing Cold Water on Hopes for a Rebound",2025-01-22
3 big dislocations generating risks for markets right now,2025-01-22
Goldman Picks Leaders to Run Wall Street Engines in Revamp,2025-01-22
Gold Holds Near Highest Since October on Trump Tariff Threats,2025-01-23
Stocks Rally as China Pushes Insurers to Buy: Markets Wrap,2025-01-23
Oil prices extend losses on uncertainty over Trump tariff impact,2025-01-23
"Dollar treads water as Trump tariff clarity, central banks awaited",2025-01-23
Netflix stock secures all-time closing high as Wall Street cheers 'near flawless' earnings,2025-01-23
"Johnson & Johnson stock down despite beat on full-year, Q4 2024 earnings",2025-01-23
"Netflix stock hits $1,000 after blockbuster earnings",2025-01-23
"Jamie Dimon sounds the alarm on stocks, says the market is looking 'kind of inflated'",2025-01-23
S&P 500 nears record high as traders take in strong earnings results,2025-01-23
Japan’s Love of Foreign Stocks Risks Pushing the Yen Even Lower,2025-01-23
S&P 500 Gains and Losses Today: Netflix Soars as Streamer Touts Subscriber Growth,2025-01-23
Seagate Stock Soars as Analysts Raise Targets on AI-Driven Data Storage Demand,2025-01-23
Strong Netflix Earnings Push Stock to Record,2025-01-23
Health Care Roundup: Market Talk,2025-01-23
Basic Materials Roundup: Market Talk,2025-01-23
Energy & Utilities Roundup: Market Talk,2025-01-23
"Tech, Media & Telecom Roundup: Market Talk",2025-01-23
Auto & Transport Roundup: Market Talk,2025-01-23
Global Stocks Rise as Trump Softens Tariff Stance: Markets Wrap,2025-01-24
Emerging-Market Currencies Get Relief as Trump’s Bite Seems Worse Than His Bark,2025-01-24
"Better Markets Backs SEC Appeal in Ripple Case, Citing Risks to Millions of Retail Investors",2025-01-24
Analysis-Dividend surge signals culture shift in China's markets,2025-01-24
Luckin Coffee beat Starbucks in China. It’s now taking its playbook overseas to markets like Malaysia,2025-01-24
"The stock market gauge named after Warren Buffett just hit an all-time high, sending a warning worse than before the dot-com bubble burst",2025-01-24
Markets are still ignoring dividends – buy this company to get ahead,2025-01-24
Stock market today: Asian shares gain after S&P 500 climbs to a record and Bank of Japan raises rate,2025-01-24
Watch These GE Aerospace Price Levels as Stock Surges After Strong Earnings,2025-01-24
"China’s New Rules to Add $138 Billion Into Market, Analysts Say",2025-01-24
What's Next for EA Stock After Thursday's 17% Plunge?,2025-01-24
Cooling Profits From India to China Cast Pall on Asia Stocks,2025-01-24
"Vio Bank review (2025): High-yield online savings, CD, and money market accounts",2025-01-24
Bitcoin Steady Near $104K After Bank of Japan Delivers Hawkish Rate Hike,2025-01-24
Wall Street regulator revokes accounting guidance on crypto assets,2025-01-24
Analysis-European earnings may keep the mood sweet as tariff fears grow,2025-01-24
Texas Instruments Stock Slides as Earnings Forecast Underwhelms,2025-01-24
"Union Pacific Stock Surges as Earnings Top Expectations, Thanks to Falling Fuel Costs",2025-01-24
"S&P 500 notches closing record with focus on Trump comments, earnings",2025-01-24
"S&P 500 Closes at Record High, Oil Falls as Traders Parse Trump's Comments",2025-01-24
Verizon outperforms earnings expectations — and the stock climbs,2025-01-25
"A disconnect: EBITDA at Triumph Payments is all-time high, but Triumph Financial’s stock plummets on earnings",2025-01-25
Wall St slips with mixed data and earnings ahead of Fed week,2025-01-25
Perishable Food Stocks Q3 Earnings Review: Mission Produce (NASDAQ:AVO) Shines,2025-01-25
Q3 Earnings Highs And Lows: Hanesbrands (NYSE:HBI) Vs The Rest Of The Apparel and Accessories Stocks,2025-01-25
Unpacking Q3 Earnings: Qualcomm (NASDAQ:QCOM) In The Context Of Other Processors and Graphics Chips Stocks,2025-01-25
How Trump has shifted the narrative around tariffs and sent stocks to new records,2025-01-25
Mexico Central Bank Will Consider Larger Rate Cuts Early in 2025,2025-01-25
Existing Home Sales Hit a Multidecade Low. Why Are Economists Upbeat About the Housing Market?,2025-01-25
Texas Instruments Stock Leads Analog Chip Shares Lower,2025-01-25
S&P 500 Sees Best Start for a President Since 1985: Markets Wrap,2025-01-25
Housing market rewind: Home sales drop in 2024 to level not seen since the '90s,2025-01-25
S&P 500 Gains and Losses Today: Texas Instruments Falls After Soft Profit Forecast,2025-01-25
Emerging Market Currencies Get Relief Rally From Softening Trump Threats,2025-01-25
Analysts hike Meta stock price target as Mark Zuckerberg touts AI spending,2025-01-25
"Wall Street banks prepare to sell up to $3 billion in X loans next week, sources say",2025-01-25
AI Optimism Has Lifted This Nuclear Stock 100% This Month. What's Next?,2025-01-25
LNG Exporter Venture Global Stock Closes Below IPO Price in Debut,2025-01-25
Covenant Logistics Group optimistic about freight market in 2025,2025-01-25
Stock prices look expensive and inflated: Billionaire investor Ray Dalio,2025-01-25
"Microsoft Stock Secrets: How To Make $1,000 a Month With Dividends",2025-01-26
Exuberance for Trump may be causing investors to overlook a key risk threatening markets,2025-01-26
US Economy on Solid Footing Set to Back Fed’s Interest-Rate Hold,2025-01-26
Javier Milei’s free-market shock therapy to transform Argentina’s economy gets huge endorsement as sudden growth rebound seen,2025-01-26
Risk becomes a safe haven in volatile debt market,2025-01-26
"Prediction market Kalshi enters sports betting ahead of Super Bowl, days after naming Donald Trump Jr. as an advisor",2025-01-26
Streaming turned profits in 2024. Wall Street's biggest worry is whether momentum can last.,2025-01-26
"Insurers are dropping HOAs, threatening the condo market",2025-01-26
Stocks Are Jumping on Earnings Wins by the Most Since 2018,2025-01-26
20 Housing Markets Where Homes Will Skyrocket in Value Before the End of 2025,2025-01-26
Asian Stocks Up Early as Tariffs Remain in Focus: Markets Wrap,2025-01-27
TKer: The stock market has been on a headwind-defying run. Will it continue?,2025-01-27
The US debt limit may be an unsung bull catalyst for stocks in the early months of 2025,2025-01-27
AI Stocks Jumped Last Week—Here's What You Need to Know,2025-01-27
"Despite Trump’s demand that the Fed cut rates, Wall Street increasingly sees the exact opposite happening",2025-01-27
Wall Street’s Big Hope Is Trump Pulls His Punches on Immigration,2025-01-27
Currency volatility set to wipe out emerging-market carry trades,2025-01-27
"Morgan Freeman may have scored a 3,000% return on Tesla stock: 'I'm a huge fan of Elon Musk'",2025-01-27
China Boosts Index Investments in Latest Bid to Revive Market,2025-01-27
Equity Markets Drop as Investors Analyze Macro Data,2025-01-27
"Big Tech earnings, a key Fed meeting, and Trump's first full week in office: What to know this week",2025-01-27
What Analysts Think of Boeing Stock Ahead of Earnings,2025-01-27
What Analysts Think of Starbucks Stock Ahead of Earnings,2025-01-27
What Analysts Think of Tesla Stock Ahead of Earnings,2025-01-27
Prediction: 1 Soaring Cryptocurrency Stock Could Plunge by 50% (or More),2025-01-27
"Bitcoin's coming boom, Trump's stock and meme coin sink, and Netflix hits $1,000: Markets news roundup",2025-01-27
What Analysts Think of Apple Stock Ahead of Earnings,2025-01-28
"Morning Bid: China's AI neophyte rocks Wall St ahead of Fed, mega-tech earnings",2025-01-28
"Graco (NYSE:GGG) Reports Sales Below Analyst Estimates In Q4 Earnings, Stock Drops",2025-01-28
DeepSeek sell-off reminds investors of the biggest earnings story holding up the stock market,2025-01-28
What Analysts Think of Intel Stock Ahead of Earnings,2025-01-28
What Analysts Think of UPS Stock Ahead of Earnings,2025-01-28
It’s time to take profits from our winning stock tips – and where you should put them,2025-01-28
India’s Smallcap Stock Index Plunges 20% From September High,2025-01-28
"Asian Stocks Drop on AI Concerns, Dollar Advances: Markets Wrap",2025-01-28
Watch These Nvidia Stock Price Levels After Nearly $600B Wiped From Market Value,2025-01-28
Japan Tech Selloff Extends as DeepSeek Pressures AI Stocks,2025-01-28
US power stocks plummet as DeepSeek raises data center demand doubts,2025-01-28
Bitcoin Mining Stocks With AI Ambition Battered 20%-30% Lower as Nvidia's Plunge Grips Crypto,2025-01-28
Bitcoin tumbles amid broader market jitters over Chinese AI app DeepSeek,2025-01-28
"Inflation fears, housing prices startle consumers",2025-01-28
Earnings Season Is Off to a 'Promising Start.' What's Next?,2025-01-29
"Tesla Q4 preview: Earnings, guidance need to provide new stock catalyst after Trump-fueled run-up",2025-01-29
Asian Stocks to Track Wall Street’s Tech Rebound: Markets Wrap,2025-01-29
Oil Holds Biggest Gain in Two Weeks as Tariff Threats Dominate,2025-01-29
Why DeepSeek's AI Model Has Wall Street Bullish on Software Stocks,2025-01-29
S&P 500 Gains and Losses Today: Royal Caribbean Stock Soars as Profits Top Forecasts,2025-01-29
Why DeepSeek is excellent news for the U.S. stock market,2025-01-29
Nvidia faces a reckoning as Chinese upstart raises questions about Wall Street's darling,2025-01-29
Stock Buyers Step In to Boost Tech After AI Jolt: Markets Wrap,2025-01-29
Dollar Jumps to Cement Place as Market’s Favorite Tariff Trade,2025-01-29
"Nextracker’s (NASDAQ:NXT) Q4: Beats On Revenue, Stock Jumps 13.6%",2025-01-29
China's new stealth fighter spooks Wall Street about Lockheed Martin's F-35,2025-01-29
"F5 (NASDAQ:FFIV) Beats Q4 Sales Targets, Stock Jumps 12.7%",2025-01-29
AI-exposed power stocks rebound after DeepSeek release casts 'uncertainty' over industry,2025-01-29
"S&P 500, Nasdaq Rebound as Fed Meeting Begins",2025-01-29
3 Bitcoin and Crypto Market Changes During Trump's First Week Back In The Oval Office,2025-01-29
Why Goldman Sachs says the DeepSeek plunge doesn't point to the start of a big stock market correction,2025-01-30
Watch These Royal Caribbean Price Levels as Stock Sails to Record High,2025-01-30
Tesla stock rises after company pledges return to growth after Q4 results disappoint,2025-01-30
Ameriprise Financial's quarterly profit rises as market rally boosted its fee income,2025-01-30
"Morning Bid: Tech, hawkish Fed pressure stocks before megacap earnings parade",2025-01-30
Stocks Fall on Fed Day as Tech Mixed in Late Hours: Markets Wrap,2025-01-30
"Meta posts sharply higher Q4 profit, revenue, topping Wall Street's expectations",2025-01-30
S&P 500 Gains and Losses Today: Moderna Stock Plunges After Analyst Downgrade,2025-01-30
'Key beneficiary of TikTok's mishaps:' Meta is one of Wall Street's top AI picks headed into earnings,2025-01-30
Wall Street is growing more bullish on Tesla's AI push ahead of earnings,2025-01-30
The Fed holds interest rates steady in its first decision of the year,2025-01-30
"Asia Stocks Rise After Fed Meeting, Tech Earnings: Markets Wrap",2025-01-30
Trump says Powell and Fed ‘failed to stop the problem they created’ on inflation,2025-01-30
"Fed rate decision, stock market updates: Dow, Nasdaq, S&P 500 slip, Nvidia falls as Fed leaves rates unchanged",2025-01-30
JPMorgan’s Preferred Stock Sale Fuels Frenzied Hunt for Coupons,2025-01-31
"Forex markets brace for Canada, Mexico swings as US tariff deadline looms",2025-01-31
European Stocks Set for Best Month in Two Years: Markets Wrap,2025-01-31
"Futures rise as Apple gains, key inflation data awaited",2025-01-31
Euro Set for Deeper Decline as Market Sees More ECB Rate Cuts,2025-01-31
Philippine Stocks Enter Bear Market as Growth Worries Weigh,2025-01-31
UK Bond Market Readies for Retail Investment Rush on Tax Quirk,2025-01-31
3 Reasons to Sell EXPD and 1 Stock to Buy Instead,2025-01-31
3 Reasons to Avoid PEGA and 1 Stock to Buy Instead,2025-01-31
Q3 Earnings Outperformers: Masco (NYSE:MAS) And The Rest Of The Home Construction Materials Stocks,2025-01-31
Q3 Earnings Highs And Lows: Hyster-Yale Materials Handling (NYSE:HY) Vs The Rest Of The Professional Tools and Equipment Stocks,2025-01-31
Q3 Earnings Outperformers: AMETEK (NYSE:AME) And The Rest Of The Internet of Things Stocks,2025-01-31
Reflecting On Perishable Food Stocks’ Q3 Earnings: Tyson Foods (NYSE:TSN),2025-01-31
Unpacking Q3 Earnings: Concrete Pumping (NASDAQ:BBCP) In The Context Of Other Construction and Maintenance Services Stocks,2025-01-31
Q3 Earnings Recap: Core & Main (NYSE:CNM) Tops Infrastructure Distributors Stocks,2025-01-31
Unpacking Q3 Earnings: Leggett & Platt (NYSE:LEG) In The Context Of Other Home Furnishings Stocks,2025-01-31
"Is the dollar’s dominance at risk? Bitcoin soars, Fed shifts, states buy BTC — Weekly Wrap",2025-01-31
"Texas Stock Exchange files to operate nationally, eyes trading in early 2026",2025-02-01
Stablecoins are finding product-market fit in emerging markets,2025-02-01
Trump tariff promises unnerve markets but leave questions,2025-02-01
Nvidia’s DeepSeek Drop Has Wall Street Fixated on Key Stock Mark,2025-02-01
Dangerous Week on Wall Street Fires Up ‘Diversify Or Else’ Bets,2025-02-01
Stocks Jolted by Tariff Anxiety as Dollar Climbs: Markets Wrap,2025-02-01
"Autos, Chipmakers, China Stocks Brace for Impact as Tariffs Loom",2025-02-01
S&P 500 Gains and Losses Today: UGG Footwear Maker Deckers Outdoor Plunges on Weak Outlook,2025-02-01
"As Trump Tariffs Near, World Braces for Stock Market Spillover",2025-02-01
Why Analysts Think AI Could Be Key to More Apple Stock Gains,2025-02-01
"AbbVie (NYSE:ABBV) Posts Better-Than-Expected Sales In Q4, Stock Soars",2025-02-01
Trump may be his own worst enemy in his fight against the Fed,2025-02-01
South Korea Exports Stay Resilient as Trump Tariff Threat Looms,2025-02-01
What Analysts Think of Palantir Stock Ahead of Earnings,2025-02-01
A Blueprint for Crypto Market Structure,2025-02-01
Trump Tariff Promise Snuffs Out Bitcoin Rally for Second Consecutive Day,2025-02-01
"Analysis-Looming tariffs worry Wall Street over earnings hit, inflation pressure",2025-02-01
Apple Stock Price Levels to Watch After Earnings Report as iPhone Upgrades in Focus,2025-02-01
‘Complete Betrayal’: Canada Reels as Trump Tariff Rattles Major Trading Relationship,2025-02-02
"Tariffs Seen Disrupting Oil Market, Raising US Pump Prices",2025-02-02
Slow market tightening apparent in spot-to-contract spread,2025-02-02
'Better than feared': Apple’s earnings beat appeases Wall Street despite iPhone sales miss,2025-02-02
"The days of US stock outperformance are over as DeepSeek threatens AI returns, Bank of America warns. These 2 'quiet' trades are 'breaking with upside' instead.",2025-02-02
What Analysts Think of Uber Stock Ahead of Earnings,2025-02-02
What Analysts Think of Disney Stock Ahead of Earnings,2025-02-02
Here Are the Stock Market Winners and Losers from the DeepSeek AI Upheaval,2025-02-02
Only two wars in modern history have caused a bear market – and there’s a solid reason for that,2025-02-02
The stock market is sensitive — yet clearly optimistic: Chart of the Week,2025-02-02
Want to Bet on the L.A. Wildfires? Prediction Markets Are Getting Edgy,2025-02-02
JPMorgan is deeply skeptical of Wall Street's upbeat reaction to Tesla's earnings,2025-02-02
"Euro-Zone Inflation Unexpectedly Quickens, Backing ECB Caution",2025-02-03
"Europe’s car shares drop as VW, Stellantis face tariff pain",2025-02-03
"S&P 500 will sink as Trump’s tariffs hit earnings, Goldman’s Kostin warns",2025-02-03
L’Oreal Sells €3 Billion of Sanofi Stock Back to Drugmaker,2025-02-03
Q3 Rundown: BigCommerce (NASDAQ:BIGC) Vs Other E-commerce Software Stocks,2025-02-03
Q3 Earnings Highlights: Construction Partners (NASDAQ:ROAD) Vs The Rest Of The Construction and Maintenance Services Stocks,2025-02-03
Home Furnishings Stocks Q3 Earnings Review: La-Z-Boy (NYSE:LZB) Shines,2025-02-03
"Trump Tariffs Render Auto, Mexico-Exposed Stocks Big Asia Losers",2025-02-03
Chinese stocks in Hong Kong outperform peers as tech shares gain,2025-02-03
Dollar Jumps and Stock Futures Sink 1% on Tariffs: Markets Wrap,2025-02-03
"Stablecoin Market Hits $204 Billion, Signaling Potential Cryptocurrency Rally: CryptoQuant",2025-02-03
"Get ready, the Discover-Capital One merger could transform the credit card market",2025-02-03
"Asia’s post-holiday markets plunge on DeepSeek, Trump tariff fallout",2025-02-03
What Analysts Think of Google Parent Alphabet's Stock Ahead of Earnings,2025-02-03
"Stock market today: Dow, S&P 500, Nasdaq futures plummet after Trump hits Canada, Mexico, China with tariffs",2025-02-03
Infineon Warns of Tariff Uncertainty After Raising 2025 Outlook,2025-02-04
"Oil Tumbles, US Futures Slide on China Tariffs: Markets Wrap",2025-02-04
What Analysts Think of AMD Stock Ahead of Earnings,2025-02-04
What Analysts Think of Amazon Stock Ahead of Earnings,2025-02-04
Palantir Earnings to Test Stock’s Soaring Valuation After Rally,2025-02-04
What Analysts Think of Eli Lilly Stock Ahead of Earnings,2025-02-04
Watch These Palantir Price Levels as Stock Soars on AI-Fueled Revenue Outlook,2025-02-04
Stock market today: Asian shares climb as Trump postpones Mexico and Canada tariffs for a month,2025-02-04
Samsung chief cleared of fraud and stock manipulation charges,2025-02-04
Morgan Stanley Says Trade Risk May Sink Asian Tech Stocks by 20%,2025-02-04
3 Restaurant Stocks to Add to Your Roster,2025-02-04
Here's how Wall Street pros are thinking about a new trade war,2025-02-04
"Stock market today: Dow, S&P 500, Nasdaq futures slump as Trump's China tariffs come into effect",2025-02-04
5 market moves that explain the wide-reaching nature of Trump's tariffs,2025-02-04
Scandal and Chaos Turn Fuji Media Into Japan’s Top Stock,2025-02-04
Goldman sees the S&P 500 dropping 5% as Trump's tariffs hit earnings,2025-02-04
Auto stocks slide after Trump fires first salvo in trade battle,2025-02-04
State Farm seeks an emergency insurance rate increase after LA wildfires. It’s the latest blow to California’s housing market,2025-02-04
Fed's Jefferson: Rates likely to fall over medium term,2025-02-05
"Asian Stocks Track US Higher, China Set to Reopen: Markets Wrap",2025-02-05
South Korean tech services firm LG CNS drops in market debut,2025-02-05
Japan inflation-adjusted wages rise in December on jump in bonuses,2025-02-05
Alphabet’s (NASDAQ:GOOGL) Q4 Earnings Results: Revenue In Line With Expectations But Stock Drops,2025-02-05
"Alphabet stock tumbles after cloud revenue miss, spending growth",2025-02-05
"Goldman Sachs says Trump’s tariffs could bruise stocks, estimating every 5-percentage-point increase would slash S&P 500 earnings per share by 1%–2%",2025-02-05
Ferrari stock races higher on upbeat results as luxury automaker nets $115K in profit per car,2025-02-05
PayPal Stock Tumbles on Lower-Than-Expected Adjusted Earnings,2025-02-05
China markets return from holiday facing trade war and AI rally,2025-02-05
"Chipotle Q4 earnings largely meet Wall Street estimates, shares drop on conservative guidance",2025-02-05
Higher egg prices and more tariffs: What betting markets see for inflation and trade policy,2025-02-05
Columbia Sportswear (NASDAQ:COLM) Beats Q4 Sales Targets But Stock Drops,2025-02-05
"Enphase (NASDAQ:ENPH) Beats Q4 Sales Targets, Stock Soars",2025-02-05
"Mattel (NASDAQ:MAT) Surprises With Q4 Sales, Stock Soars",2025-02-05
Match Group’s (NASDAQ:MTCH) Q4 Earnings Results: Revenue In Line With Expectations But Stock Drops,2025-02-05
"Mercury Systems (NASDAQ:MRCY) Surprises With Strong Q4, Stock Jumps 17.6%",2025-02-05
Google Parent Alphabet's Stock Slides as Cloud Revenue Disappoints,2025-02-05
1 Consumer Stock to Stash Right Now and 2 to Dump,2025-02-06
2 Consumer Stocks with Explosive Upside and 1 to Ghost,2025-02-06
S&P 500 Gains and Losses Today: FMC Stock Falls as Agricultural Supplier Says Customers Are Lowering Inventory,2025-02-06
Uber stock falls as operating-income miss overshadows revenue surge,2025-02-06
"Universal Technical Institute (NYSE:UTI) Reports Strong Q4, Stock Soars",2025-02-06
Matrix Service (NASDAQ:MTRX) Exceeds Q4 Expectations But Stock Drops 14.7%,2025-02-06
Hillenbrand’s (NYSE:HI) Q4 Sales Beat Estimates But Stock Drops,2025-02-06
Arm Stock Falls Despite Strong Earnings as Outlook Matches Analyst Estimates,2025-02-06
Bank of England poised to cut rates but inflation worries linger,2025-02-06
2 Industrials Stocks to Stash and 1 to Sell,2025-02-06
1 Consumer Stock to Stash and 2 to Sell,2025-02-06
Asian Stocks to Rise as Wall Street Extends Gains: Markets Wrap,2025-02-06
2 Internet Stocks to Stash Right Now and 1 to Ghost,2025-02-06
Watch These Alphabet Price Levels as Stock Tumbles After Earnings Report,2025-02-06
"Toyota stock climbs on guidance boost, new China EV unit",2025-02-06
"Texas wants Bitcoin reserves before the Fed, Blockchain leader says",2025-02-06
Trade Deficit Climbs in 2024 as Markets Track Tariff Risks,2025-02-06
"Macro Data, Corporate Earnings Leave Equity Markets Mixed Intraday",2025-02-06
Mexican avocado exports steady ahead of Super Bowl despite US tariff tension,2025-02-07
E.l.f. Beauty Stock Plunges as Cosmetics Retailer Lowers Outlook on Weak January Sales,2025-02-07
BofA Strategist Hartnett Sees US Stock Market’s Global Dominance Fading,2025-02-07
"Weak Payrolls Is Worst Case for US Stocks, JPMorgan Traders Say",2025-02-07
"Europe, US Stock Futures Drop Ahead of US Payrolls: Markets Wrap",2025-02-07
Why TJ Maxx is tariff-proof,2025-02-07
Exclusive-VW's SEAT boss warns Spanish jobs at risk if China-made EV tariff is not lowered,2025-02-07
"Pinterest Stock Soars on Higher-Than-Estimated Revenue, Record Monthly Users",2025-02-07
"Analysis-Leaving Fed behind, top central banks have room to ease",2025-02-07
"Amazon wants to spend $104 billion, and the stock gets clipped: What Wall Street is saying",2025-02-07
Trump inherits a labor market at full employment. Can he keep it there?,2025-02-07
Inflation data to test market as tariff talk swirls,2025-02-07
The markets left reeling from Trump's tariff threats,2025-02-07
"L'Oreal takes stakes in Chinese, N.American clinics to understand medical aesthetics market",2025-02-07
3 Reasons BMBL is Risky and 1 Stock to Buy Instead,2025-02-07
3 Reasons to Sell ZUO and 1 Stock to Buy Instead,2025-02-07
3 Reasons ZM is Risky and 1 Stock to Buy Instead,2025-02-07
3 Reasons to Avoid PANL and 1 Stock to Buy Instead,2025-02-07
Q3 Earnings Outperformers: Compass (NYSE:COMP) And The Rest Of The Real Estate Services Stocks,2025-02-07
Team Trump’s fight to convince Wall Street that Musk's DOGE is good for markets,2025-02-08
What Analysts Think of McDonald's Stock Ahead of Earnings,2025-02-08
Europe’s Unloved Stocks Are Suddenly on Top of the World,2025-02-08
Stock of the Day: ELF tumbles 25% as TikTok uncertainty weighs on beauty chatter,2025-02-08
"Amazon Stock Slides Friday Amid Concerns About AI Spending, Soft Forecast",2025-02-08
Confusion reigns and stocks sink as Trump announces more tariffs,2025-02-08
S&P 500 Gains and Losses Today: Expedia Soars as Holiday Bookings Drive Earnings Beat,2025-02-08
Foundering Trump Trades Put Wall Street Risk Fixation to Test,2025-02-08
Stocks Slide as Tariff Angst Adds to Price Worries: Markets Wrap,2025-02-08
Uber stock jumps 7% after Bill Ackman reveals $2.3 billion stake,2025-02-08
Wall Street hopes the worst is behind McDonald's ahead of its Q4 earnings report,2025-02-08
Watch These Cloudflare Price Levels as Stock Surges After Better-Than-Expected Earnings,2025-02-08
"Byrna’s (NASDAQ:BYRN) Q4 Earnings Results: Revenue In Line With Expectations, Stock Soars",2025-02-08
"The Nvidia panic, America's Bitcoin Reserve, and Trump's trade war hits stocks: Markets news roundup",2025-02-08
"Equities Retreat After Jobs Report, Consumer Sentiment Survey; Amazon Falls",2025-02-08
Uber Stock Jumps After Investor Bill Ackman Discloses Stake,2025-02-08
"Equities Fall Intraday After Jobs Report, Consumer Sentiment Survey",2025-02-08
Consumer Sentiment Falls as Year-Ahead Inflation Outlook Hits Highest Since November 2023,2025-02-08
China Consumer Inflation Picks Up as Holiday Boosts Spending,2025-02-09
"China's consumer inflation at 5-month high, producer deflation persists",2025-02-09
PlayStation's daylong global outage disrupted the online gaming economy and knocked Sony's stock,2025-02-09
"Brazilian Stock Exchange B3 Reportedly Launching Bitcoin Options, ETH and SOL Futures",2025-02-09
Palantir may be the stock pick for the DOGE era as it leads the AI revolution while Musk plows through government agencies,2025-02-09
"Bond Market Gains Fade as Trump, Inflation Keep Yields High",2025-02-10
"Stocks, Currencies Slide on Trump Tariff Plans: Markets Wrap",2025-02-10
Oil Steadies After Weekly Decline as Market Weighs Trump Tariffs,2025-02-10
Market pros tell us why they're not worried about tariff whiplash — and why stocks are poised to keep rallying,2025-02-10
"TKer: Even with tariffs looming, the stock market continues to trade near record highs",2025-02-10
"Hidden AI stocks set to rally amid DeepSeek's breakthrough, analysts predict",2025-02-10
Tariff Risk Hangs Over East Europe’s Trump-Induced Market Rally,2025-02-10
Bailey Wants to Cut Borrowing Costs But Markets Have Other Ideas,2025-02-10
25 Best Cities To Move to With Cheap Housing and a Strong Job Market,2025-02-10
What Analysts Think of Reddit Stock Ahead of Earnings,2025-02-11
Project freight allows Radiant to overcome ‘pretty tough’ market,2025-02-11
S&P 500 Gains and Losses Today: Supermicro Stock Surges Ahead of Business Update,2025-02-11
Coca-Cola expected to report a quarter of growth as it battles for market share with PepsiCo,2025-02-11
Medpace (NASDAQ:MEDP) Posts Q4 Sales In Line With Estimates But Stock Drops,2025-02-11
"Amkor (NASDAQ:AMKR) Misses Q4 Analysts’ Revenue Estimates, Stock Drops",2025-02-11
"No Surprises In Lattice Semiconductor’s (NASDAQ:LSCC) Q4 Sales Numbers, Stock Jumps 10%",2025-02-11
SpringWorks Stock Jumps More Than 30% on News of Possible Deal,2025-02-11
"US Futures Fall, Dollar Rallies in Sign of Caution: Markets Wrap",2025-02-11
"Stock market today: Dow, S&P 500, Nasdaq futures slide as Trump orders new tariffs",2025-02-11
Trump says he is considering tariff exemptions on Australian steel and aluminum,2025-02-11
Fed to wait for months on next rate cut as tariffs risk inflation flare up- Reuters poll,2025-02-11
A jump in delinquencies in a corner of the mortgage market suggests first-time homebuyers may be struggling,2025-02-11
Winners And Losers Of Q3: Newmark (NASDAQ:NMRK) Vs The Rest Of The Real Estate Services Stocks,2025-02-11
Big Tech’s Grip on Market Shows Cracks as Earnings Fall Flat,2025-02-11
"Meta is fresh off a 16-day win streak, the longest for any major tech stock in decades",2025-02-12
"Stock market today: Dow, S&P 500, Nasdaq futures stall as key inflation report looms",2025-02-12
Bonds Extend Losses as Powell Says No Rush to Cut: Markets Wrap,2025-02-12
Check Call: 2024 quarterly earnings miss the mark on Wall Street,2025-02-12
Stock of the Day: Chinese EV maker BYD hits record on AI-powered driver-assist rollout,2025-02-12
"Australia Is ‘Killing’ US Aluminum Market, Trump Adviser Says",2025-02-12
China Quants Rebound on Stocks Rally as Investors Woo New Stars,2025-02-12
Zillow’s (NASDAQ:ZG) Q4: Beats On Revenue But Stock Drops,2025-02-12
BlackLine (NASDAQ:BL) Surprises With Q4 Sales But Stock Drops 13.6%,2025-02-12
"Upstart (NASDAQ:UPST) Reports Strong Q4, Stock Jumps 23.7%",2025-02-12
Allison Transmission (NYSE:ALSN) Beats Q4 Sales Targets But Stock Drops,2025-02-12
"Mirion (NYSE:MIR) Delivers Strong Q4 Numbers, Stock Soars",2025-02-12
S&P 500 Gains and Losses Today: DuPont Stock Pops as Electronics Drive Earnings Beat,2025-02-12
Coca-Cola beat earnings expectations as it battles for market share with PepsiCo,2025-02-12
Why The Fed Is Mostly Powerless To Lower Housing Inflation,2025-02-12
What’s propping up inflation? Blame housing,2025-02-12
"Stock market today: Dow, S&P 500, Nasdaq futures climb with PPI inflation looming after hot CPI",2025-02-13
"Gold Holds Near $2,900 as Traders Weigh Trade Fears, Fed Easing",2025-02-13
Stock of the Day: Intel sees 2-day spike of 12% after Vance's US chipmaking pledge,2025-02-13
Treasury Slump Spreads to Asia After US CPI Data: Markets Wrap,2025-02-13
The market really doesn't like the latest inflation report,2025-02-13
"Don Jr. and Eric Trump invest in small biotech turned fintech based in Trump Tower, sending stock skyward",2025-02-13
Pegasystems (NASDAQ:PEGA) Posts Better-Than-Expected Sales In Q4 But Stock Drops,2025-02-13
"Q2 Holdings (NYSE:QTWO) Exceeds Q4 Expectations, Stock Soars",2025-02-13
Bonds Crushed by CPI as Nasdaq 100 Erases 1% Loss: Markets Wrap,2025-02-13
"Cisco Stock Pops on Higher Outlook, $15B Buyback Boost",2025-02-13
"Wall Street's Apple euphoria 'misplaced,' Jefferies analyst says",2025-02-13
CVS CEO Joyner touts 'cautious and prudent' approach after stock gains 15% following earnings beat,2025-02-13
"Bitcoin Briefly Drops Below $95,000 As Inflation Fears Reignite",2025-02-13
"Bitcoin stays below $100,000 as inflation concerns persist, weakening risk appetite",2025-02-13
"The Trade Desk (NASDAQ:TTD) Reports Sales Below Analyst Estimates In Q4 Earnings, Stock Drops 23.3%",2025-02-13
Reddit stock tumbles as daily active users fall short of estimates,2025-02-13
Here’s the Current State of the Housing Market in Every State,2025-02-13
"Stock market today: Dow, S&P 500, Nasdaq futures flutter up amid Trump tariff moves",2025-02-14
"Airbnb Swings to Bigger-Than-Expected Profit, Sending Stock Soaring",2025-02-14
China Money Markets Face $411 Billion Crunch as Congress Nears,2025-02-14
"Nu Skin (NYSE:NUS) Surprises With Q4 Sales, Stock Jumps 22.3%",2025-02-14
DaVita (NYSE:DVA) Posts Better-Than-Expected Sales In Q4 But Stock Drops,2025-02-14
"S&P 500 Gains and Losses Today: MGM Stock Surges as Macau, Digital Businesses Thrive",2025-02-14
"Procore (NYSE:PCOR) Beats Q4 Sales Targets, Stock Soars",2025-02-14
"Knowles (NYSE:KN) Reports Sales Below Analyst Estimates In Q4 Earnings, Stock Drops 10%",2025-02-14
"Major currencies steady as markets size up PPI optimism, tariffs",2025-02-14
Asian Stocks Gain as Tariff Timeline Lifts Mood: Markets Wrap,2025-02-14
Trump’s Tariff Vow Risks Derailing Banner Year for Malaysia,2025-02-14
Canva Tests Cheap Plans in Emerging Markets After India Progress,2025-02-14
Singapore Weighs Tax Incentives to Help Revive Stock Market,2025-02-14
Japan says it is communicating with US on reciprocal tariff plan,2025-02-14
Q4 Earnings Highlights: Bowlero (NYSE:BOWL) Vs The Rest Of The Consumer Discretionary Stocks,2025-02-14
"Hertz (NASDAQ:HTZ) Reports Sales Below Analyst Estimates In Q4 Earnings, Stock Drops",2025-02-14
"Sally Beauty’s (NYSE:SBH) Q4 Earnings Results: Revenue In Line With Expectations, Stock Soars",2025-02-14
Traders are betting that bond yields could soon hit a dangerous level for stocks,2025-02-15
Bonds Rally as Weak Retail Sales Bolster Fed Bets: Markets Wrap,2025-02-15
Hermès stock is surging — and the Birkin bag maker is narrowing the gap with French rival LVMH,2025-02-15
What Analysts Think of Apple Stock Ahead of Wednesday’s Product Launch,2025-02-15
"S&P 500 Gains and Losses Today: Airbnb Stock Soars as Profits, Bookings Top Estimates",2025-02-15
Meta Platforms stock just closed higher for the 20th straight day,2025-02-15
Fearless Wall Street Traders Refuse to Panic as Tariff War Rages,2025-02-15
Buffett Sold More BofA Stock While Keeping Apple Stake Intact,2025-02-15
Dell Stock Rises on Report of $5B AI Server Deal Talks With Elon Musk's xAI,2025-02-15
Airbnb stock surges as CEO aims to make app the 'Amazon' of travel and living,2025-02-15
Here's what has investors on edge as stocks cruise near record highs,2025-02-15
Trump Media Losses Surge as It Hands Staff $107 Million in Stock,2025-02-15
"DraftKings Stock Soars on Strong Earnings, Outlook",2025-02-15
Twilio Stock Slumps on Weak Earnings Forecast,2025-02-15
"Airbnb Stock Takes Off After Earnings, Revenue Top Expectations—Watch These Price Levels",2025-02-15
Wabtec’s earnings and outlook disappoint Wall Street,2025-02-15
Moderna stock up at the opening bell despite mixed 2024 earnings,2025-02-15
Coinbase earnings get boost from the Trump sea change: What Wall Street is saying,2025-02-15
Stock of the day: GameStop jumps 10% on report it could start investing in crypto,2025-02-15
DeepSeek Drives $1.3 Trillion China Stock Rally as Funds Pile In,2025-02-16
Resurging UK Inflation Will Keep BOE Cautious on Cutting Rates,2025-02-16
Bank of America says growth stocks are in a bubble exceeding the 'dot-com' and 'nifty fifty' eras — and warns they could take the S&P 500 down 40%,2025-02-16
Retail investors tell us how they're navigating the market in 2025,2025-02-16
Wall Street's diversity dilemma deepens as JPMorgan's Dimon sounds off on 'stupid' DEI expenses,2025-02-16
50 Worst Housing Markets in the US for Growth,2025-02-16
Stock market today: Asian benchmarks trade mostly higher as investors continue to eye Trump,2025-02-17
Asian Shares Advance Amid Chinese AI Optimism: Markets Wrap,2025-02-17
Goldman Sachs raises China stock market target on AI boost,2025-02-17
"UK housing market starts to feel the drag from tax change, Rightmove says",2025-02-17
Five Key Charts to Watch in Global Commodity Markets This Week,2025-02-17
TKer: All else is never equal when it comes to markets,2025-02-17
"Trump’s tariffs are a mystery, so investors keep buying stocks",2025-02-17
"Stocks near record highs as investors await Fed minutes, manufacturing update: What to know this week",2025-02-17
Truckload rejection rates surge in largest US-Mexico cross-border market,2025-02-17
Chinese Stock Rally Resumes as Xi Vows Support for Private Firms,2025-02-18
"Asian Stocks Advance on China Tech, RBA Awaited: Markets Wrap",2025-02-18
"Stock market today: Dow, S&P 500, Nasdaq push higher to start holiday-shortened trading week",2025-02-18
Japan’s Historic Rate Shift Is Turbo-Charging the Credit Market,2025-02-18
Emerging Stocks Rise to Three-Month High With China Tech Boost,2025-02-18
Warren Buffett's Berkshire Hathaway slashed its Bank of America stake and dumped bank stocks last quarter,2025-02-18
"Europe Defense Spending Lifts Stocks, Hurts Bonds: Markets Wrap",2025-02-18
Defense Rally Pushes European Stocks to New Record,2025-02-18
"Trump sending fewer market moving social media posts than previous term, study shows",2025-02-18
Bonds Slump as Meeting of European Chiefs Buoys Defense Stocks,2025-02-18
3 Consumer Stocks Skating on Thin Ice,2025-02-18
2 Industrials Stocks to Buy in 2025 and 1 to Ignore,2025-02-18
2 Industrials Stocks to Hold Forever and 1 to Snub,2025-02-18
Thai Feed Mills Eye $2.8 Billion of US Crops Amid Tariff Risks,2025-02-19
Why Trump economic advisers are more focused on Wall Street than the Fed,2025-02-19
"Europe Stock Rally Pauses on Tariffs, Geopolitics: Markets Wrap",2025-02-19
Tether Co-Founder Reeve Collins Launches New Stablecoin Offering Yield in $225B Market,2025-02-19
Hong Kong Stock Rally Triggers Cash Squeeze Among Banks,2025-02-19
Stock of the day: This AI stock is No. 1 in the S&P this year after a 45% weekly surge,2025-02-19
Morning Bid: Markets becoming numb to tariff vows,2025-02-19
Big firms and everyday people are at odds about the direction of the stock market,2025-02-19
Watch These Supermicro Price Levels as Stock Continues to Soar,2025-02-19
JPMorgan Upgrades Singapore Stocks to Overweight After Budget,2025-02-19
Stock market today: Asia stocks mixed as Chinese technology stocks slip,2025-02-19
Carson Block Stays Away From Chinese Stocks’ Widening Rebound,2025-02-19
Nvidia stock has cleared a big hurdle ahead of its hotly anticipated earnings next week,2025-02-19
Cadence’s (NASDAQ:CDNS) Q4 Earnings Results: Revenue In Line With Expectations But Stock Drops,2025-02-19
Better Bitcoin Stock: Strategy vs. MARA Holdings,2025-02-19
Bitcoin Price Faces Volatility as Market Braces for Potential $85K Breakdown Following August 2023 Pattern,2025-02-19
"What the latest inflation figure means for mortgages, savings and investments",2025-02-19
"Homebuilder confidence falls to lowest level in five months amid tariff concerns, high mortgage rates",2025-02-19
Yen Gains Past 150 per Dollar as BOJ Rate Hike Bets Ramp Up,2025-02-20
"Coinbase Urges Congress To Transfer Spot Cryptocurrency Market Oversight to CFTC, Reducing SEC’s Role",2025-02-20
Bitcoin’s Price Action ‘Looks Very Manufactured’—Samson Mow Questions Market Dynamics Amid Institutional Inflows,2025-02-20
European Bank Stocks Head for Best Winning Streak Since 1997,2025-02-20
"Carvana reports Q4 sales and profit beat, but stock drops",2025-02-20
"Analog Devices Stock Hits All-Time High After Earnings Beat, $10B Buyback Boost",2025-02-20
Toll Brothers Stock Slides on Earnings Miss as Affordability Concerns Pressure Sales,2025-02-20
"Stock market today: S&P 500, Dow Jones, and Nasdaq futures lose ground with Fed in focus",2025-02-20
Fed’s Bostic says rate cuts still possible in 2025: 'I am not taking anything off the table',2025-02-20
Palantir stock drops after report Trump administration is eyeing large defense budget cuts,2025-02-20
"Stock market today: S&P 500 pops to another record while Dow, Nasdaq rise with tariffs, Fed minutes in focus",2025-02-20
FHA job cuts threaten to disrupt major piece of US mortgage market,2025-02-20
Short sellers lose $73 billion amid market rally to start 2025,2025-02-20
"Intel stock pulls back from record rally as analysts note barriers to potential deals with TSMC, Broadcom",2025-02-20
The White House tightens control over the Fed — but not on rates,2025-02-20
"Trump’s social media posts about the stock market have 'disappeared,' JPMorgan says",2025-02-20
Medical Device Maker Baxter International's Stock Soars on Strong Earnings,2025-02-21
What Analysts Think of Home Depot Stock Ahead of Earnings,2025-02-21
"Carvana reports Q4 sales and profit beat, but stock drops on lack of guidance specificity",2025-02-21
Shake Shack Stock Jumps as Q4 Earnings Top Estimates,2025-02-21
Stocks Gain as Alibaba Boosts China Tech Optimism: Markets Wrap,2025-02-21
Analysis-BOJ isn't fretting much about rising bond yields - for now,2025-02-21
Chinese Tech Stocks Rally After Upbeat Earnings,2025-02-21
A Stock Trader’s Guide to Navigating a High-Stakes German Vote,2025-02-21
Japan Yields Fall as Ueda Warns BOJ Can Step In to Smooth Market,2025-02-21
Stock market today: Asia shares trade mixed as China benchmarks surge while others slip,2025-02-21
Watch These Alibaba Price Levels as Stock Jumps to 3-Year High After Earnings,2025-02-21
RBA’s Bullock Alert to Job Market Signaling Stronger Economy,2025-02-21
Big-box retail just got a big warning — and stocks are tumbling,2025-02-21
Stock investors may be overlooking this key bullish theme,2025-02-21
"What the bond yields are saying about where to invest in the stock market, according to Morgan Stanley's CIO",2025-02-21
"Stock market today: Dow, S&P 500, Nasdaq futures hug flatline after Walmart warning sparks slide",2025-02-21
Bitcoin Hashrate Growth Slows Amid Tough Market Conditions for Smaller Miners,2025-02-21
S&P 500 Falls From Record Level Amid Walmart Sell-Off,2025-02-21
Weekly Jobless Claims Rise Above Market Estimates,2025-02-21
US refiners mull switch to alternative lighter crudes amid Trump tariff fears,2025-02-21
Fed-Favored Inflation Gauge Is Set to Ease to Seven-Month Low,2025-02-23
Dollar Reprieve Brings Global Funds Back to Emerging-Asia Stocks,2025-02-23
What Analysts Think of Nvidia Stock Ahead of Earnings,2025-02-23
MercadoLibre Stock Sets All-Time High as Q4 Earnings Blow Past Estimates,2025-02-23
Reddit stock falls more than 20% since last week's earnings report as 6-month rally eases,2025-02-23
Robinhood CEO Vlad Tenev calls prediction markets 'the future' and says the company will play a 'leading role',2025-02-23
European Banks Swarm Dollar Market For AT1 Debt: Credit Weekly,2025-02-23
A renowned market strategist who called the dot-com bubble warns US stocks are at 'serious risk' as tech analyst optimism starts to sour,2025-02-23
He was once Elon Musk's biggest believer. Now he's doubling down on why Tesla stock will feel serious pain in 2025.,2025-02-23
Buffett Says 'Substantial Majority' of Berkshire Shareholders' Money in Stocks,2025-02-23
What Analysts Think of Salesforce Stock Ahead of Earnings,2025-02-23
Palantir CEO Alex Karp made nearly $2 billion from selling company stock last year—mostly in the leadup to the presidential election,2025-02-23
A trio of economic data doomed stocks to their worst day of 2025,2025-02-23
Stock of the day: UnitedHealth drops 13% on report DOJ is investigating Medicare billing practices,2025-02-23
Meme stock icon Ryan Cohen reportedly has a $1 billion bet on Chinese tech giant Alibaba,2025-02-23
SEC Drops OpenSea Investigation Easing Pressure on NFT Market,2025-02-23
Futures bounce after Wall St selloff; Nvidia results draw near,2025-02-24
Morning Bid: Clouds gather on Wall St as German midcaps surge,2025-02-24
Canadian banks expected to build reserves to cushion tariff uncertainty,2025-02-24
"Domino's misses on earnings, revenue as Wall Street remains optimistic about value platform",2025-02-24
Oil Swings as Supply and Geopolitics Cloud Market Outlook,2025-02-24
US Futures Point to a Bounce After Friday’s Slump: Markets Wrap,2025-02-24
S&P 500 rout poses fresh test for Wall Street’s dip-buying habit,2025-02-24
"Morgan Stanley, JPMorgan say flight from US stocks won’t last",2025-02-24
A Look Back at E-commerce Software Stocks’ Q4 Earnings: GoDaddy (NYSE:GDDY) Vs The Rest Of The Pack,2025-02-24
Q4 Rundown: Spectrum Brands (NYSE:SPB) Vs Other Household Products Stocks,2025-02-24
Q4 Earnings Highs And Lows: Neogen (NASDAQ:NEOG) Vs The Rest Of The Medical Devices & Supplies - Diversified Stocks,2025-02-24
Content Delivery Stocks Q4 Earnings Review: F5 (NASDAQ:FFIV) Shines,2025-02-24
A Look Back at Analog Semiconductors Stocks’ Q4 Earnings: Universal Display (NASDAQ:OLED) Vs The Rest Of The Pack,2025-02-24
Q4 Earnings Highlights: DoorDash (NASDAQ:DASH) Vs The Rest Of The Gig Economy Stocks,2025-02-24
"Markets greet Germany’s vote outcome with gains for stocks, euro",2025-02-24
"Saudi Arabia snaps up Olam’s agribusiness division in a deal valued at $4 billion, more than the Singaporean firm’s entire market cap",2025-02-24
"Nvidia to report Q4 earnings Wednesday as tariff, export control threats loom",2025-02-24
Watch These Nvidia Stock Price Levels With Earnings Report Set for Release Wednesday,2025-02-24
"Stock market today: Dow, S&P 500, Nasdaq futures point higher with Nvidia earnings in sight",2025-02-24
"Portillo's (NASDAQ:PTLO) Reports Q4 In Line With Expectations, Stock Soars",2025-02-25
Investor explains why Nvidia stock is hard to sell,2025-02-25
5 Things to Know Before the Stock Market Opens,2025-02-25
"DigitalOcean (NYSE:DOCN) Beats Q4 Sales Targets, Stock Jumps 18.3%",2025-02-25
Shoals’s (NASDAQ:SHLS) Q4 Sales Top Estimates But Stock Drops,2025-02-25
"AdaptHealth (NASDAQ:AHCO) Posts Better-Than-Expected Sales In Q4, Stock Soars",2025-02-25
Treasuries Rally; Chipmakers Hit by China Salvo: Markets Wrap,2025-02-25
Salesforce Stock Revival Hinges on Success of AI Agents,2025-02-25
"Morning Bid: S&P500 loses 6,000 handle amid U.S. slowdown fears",2025-02-25
"Stocks Down Pre-Bell as Investors Assess Trump's Tariff Statement; Asia Falls, Europe Mostly Up",2025-02-25
Equities Mostly Fall Amid Trump's Tariff Remark,2025-02-25
Stock Indexes Mixed Intraday Following Friday's Sell-Off,2025-02-25
"S&P 500 Companies' Earnings Growth Accelerates, Revenue Gains Slow Down, Oppenheimer Says",2025-02-25
"Apollo Strikes $1.5 Billion All-Stock Deal to Buy, Take Private Bridge Investment",2025-02-25
Why stock market worries about tariff uncertainty might be a 'red herring': Morning Brief,2025-02-25
"Stock market today: Stock futures waver, bitcoin tumbles below $90,000 for first time since November",2025-02-25
Stocks remain on solid footing as Wall Street shrugs off recent sell-off action as only a 'flesh wound',2025-02-25
Stocks Gain and Bonds Steady With Nvidia in Focus: Markets Wrap,2025-02-26
Everyone On Wall Street Is Watching for Nvidia's Earnings. Here's Why,2025-02-26
"S&P 500 Gains and Losses Today: Stocks Fall for Fourth Day, Led by Weak Sempra Earnings",2025-02-26
Sprout Social’s (NASDAQ:SPT) Q4 Earnings Results: Revenue In Line With Expectations But Stock Drops,2025-02-26
Krispy Kreme stock tumbles to all-time low as doughnut maker softens outlook,2025-02-26
Why are stocks still falling? Market awaits Nvidia earnings and inflation data with bated breath,2025-02-26
"Stock market today: Asian shares are mixed, with Chinese markets gaining after declines on Wall St",2025-02-26
"Tesla falls 8%, falls below $1 trillion market cap, on plunging European car sales",2025-02-26
Wall Street eyes 'growing pains' in Nvidia earnings but all eyes are on a bullish 2nd half for its next-gen chip,2025-02-26
"Berkshire Hathaway stock has crossed $750,000 for the first time this week",2025-02-26
Coupang’s Shares Climb After Profit Surges in Competitive Market,2025-02-26
"Stock market today: S&P 500, Nasdaq, Dow futures climb with all eyes on Nvidia earnings",2025-02-26
Europe is set to spend more on security — and that's good news for defense stocks,2025-02-26
Stock of the Day: Hims & Hers plunges 27% after saying it will stop selling its Ozempic competitor,2025-02-26
Money market fund vs. high-yield savings​ account: Which option is better for your savings?,2025-02-26
"Lucid sees stock pop on Q4 results, announces CEO Peter Rawlinson will step down",2025-02-26
"Get Used to the Housing Market's New Normal—and Buy Home Depot Stock, Analyst Says",2025-02-26
Strategy Stock Is Plummeting Today -- Is the Bitcoin Company a Buy?,2025-02-26
Super Micro stock rallies after meeting Nasdaq deadline to avoid delisting,2025-02-26
Do traders think the stock market looks frothy and overvalued?,2025-02-26
Treasury Investors Anticipate Fed Shift Back to Growth Risks,2025-02-27
Stocks Decline After Nvidia Earnings Underwhelm: Markets Wrap,2025-02-27
Trump Tariff Risks Spur Global Race to Get Copper to the US,2025-02-27
Stock market today: Asian shares slide after slight gains on Wall Street,2025-02-27
Markets are pricing in a 10% move in Nvidia stock after earnings,2025-02-27
Watch These Nvidia Price Levels as Stock Seesaws After Earnings Report,2025-02-27
Teladoc’s (NYSE:TDOC) Q4 Earnings Results: Revenue In Line With Expectations But Stock Drops 11.7%,2025-02-27
"Stock market today: Nasdaq, S&P 500 eke out gains as Dow, bitcoin drop with all eyes on Nvidia earnings",2025-02-27
Traders Expect a Big Nvidia Stock Move After Earnings—Here's How Much,2025-02-27
Dollar firms on US trade policy anxiety; Nvidia provides little steer for stocks,2025-02-27
Watch These Supermicro Levels as Stock Soars After Company Meets Nasdaq Filing Deadline,2025-02-27
"After waiting with bated breath, Wall Street absorbs Nvidia's latest earnings",2025-02-27
"Stock market today: Dow, S&P 500, Nasdaq futures mixed after Nvidia earnings beat",2025-02-27
Stock Investors in Japan Hunt for Takeover Targets With New Fund,2025-02-27
Stock of the Day: Mining firm Freeport-McMoRan jumps 4% on Trump's plan for 'copper to come home',2025-02-27
"HEICO (NYSE:HEI) Reports Strong Q4, Stock Soars",2025-02-27
"Corona sales soar as AB InBev beats expectations, sending its stock higher",2025-02-27
Tech Stocks Up in Late Hours on Nvidia’s Results: Markets Wrap,2025-02-27
Dogecoin tanks as global crypto market drops to $2.7 trillion,2025-02-27
US consumer spending falls in January; monthly inflation rises,2025-02-28
Muted PCE inflation offers some relief to Fed,2025-02-28
Consumers cut spending by most in four years last month even as inflation fell,2025-02-28
Rates have fallen to 2025 lows — but that's not helping the stock market,2025-02-28
Stock Futures Point to Rebound While Bitcoin Sinks: Markets Wrap,2025-02-28
Chevron Wind-Down Would Send Venezuela Back to Oil Market’s Dark Side,2025-02-28
Unpacking Q4 Earnings: Xylem (NYSE:XYL) In The Context Of Other Water Infrastructure Stocks,2025-02-28
A Look Back at Video Conferencing Stocks’ Q4 Earnings: 8x8 (NASDAQ:EGHT) Vs The Rest Of The Pack,2025-02-28
Q4 Earnings Recap: Johnson Controls (NYSE:JCI) Tops Commercial Building Products Stocks,2025-02-28
Palantir's stock plunge sends its biggest fans to the exits,2025-02-28
Yum Brands stock near all-time highs as Taco Bell outpaces peers,2025-02-28
"Integral Ad Science’s (NASDAQ:IAS) Q4 Sales Top Estimates, Stock Soars",2025-02-28
Biggest Treasury Market Rally Since July Faces Key US Data,2025-02-28
Drug Stocks Are the New Safe Bet in a Shaky Market,2025-02-28
"ANI Pharmaceuticals (NASDAQ:ANIP) Delivers Impressive Q4, Stock Soars",2025-02-28
Futures move higher after January inflation data,2025-02-28
Adidas targets larger US market share as Nike struggles,2025-02-28
Morning Bid: S&P500 in red for 2025 as trade war fears ratchet,2025-02-28
Trump-themed memecoins rally despite crypto market downturn,2025-03-01
Super Micro stock sees nearly 30% weekly loss as AI server competition mounts,2025-03-01
"Stock market today: Dow, S&P 500, Nasdaq rally to cap volatile week, losing month",2025-03-01
Stock of the Day: Dell tumbles 7% after earnings as investors scrutinize AI profit margins,2025-03-01
Russian ruble sinks as Trump-Zelensky shouting match cools hopes for peace deal while stocks recover from brief selloff,2025-03-01
British Airways owner's stock is flying high as strong demand for air travel boosts IAG profits,2025-03-01
S&P 500 Gains and Losses Today: Indexes Rally To Pare February Losses,2025-03-01
"Emerging Markets Rattled on Threats to Trade, Ukraine Deal",2025-03-01
Hedge funds ramp up bets on falling stocks,2025-03-01
Bonds Walloping Stocks Shows Wall Street Growth Agita Ramping Up,2025-03-01
Markets wrap rough month driven by ‘Extreme Fear’,2025-03-01
KPMG becomes first Big Four firm to break into the US legal market,2025-03-01
Why Verra Mobility (VRRM) Stock Is Trading Lower Today,2025-03-01
"China February manufacturing hits 3-month high, but US tariff war clouds outlook",2025-03-01
S&P 500 Gets Late-Day Boost at End of Wild Month: Markets Wrap,2025-03-01
Why Wall Street Analysts Say Nvidia Could Be a DeepSeek 'Beneficiary’,2025-03-01
"Elastic Stock Surges on Strong Earnings, Outlook Amid AI Boom",2025-03-01
"DoubleVerify Stock Plunges on Weaker-Than-Expected Earnings, Outlook",2025-03-01
"Bullish Signs in Latest Earnings Season, as Nvidia Results, Tariffs Weigh on Markets",2025-03-01
"Jobs report, crucial retail earnings kick off March trading for investors: What to know this week",2025-03-03
What Analysts Think of Broadcom Stock Ahead of Earnings,2025-03-03
What Analysts Think of Target Stock Ahead of Earnings,2025-03-03
Mainland China Investors’ Sway Over Hong Kong Stocks Is Growing,2025-03-03
TKer: It's OK to have emotions — just don't let them near your stock portfolio,2025-03-03
The top wealth-creating stocks have put $21 trillion back into shareholders' pockets — and 3 are still cheap to buy,2025-03-03
Investors Are Scouring Emerging Markets for Trump-Proof Bets,2025-03-03
How Wall Street pros are looking at fears over a US economy slowdown,2025-03-03
"Australian's housing market ends downturn as rate cut lifts sentiment, CoreLogic data shows",2025-03-03
Heard on the Street’s Stock-Picking Series,2025-03-03
Stocks To Watch in March—And What to Watch For,2025-03-03
"Shares cling to hopes for tariff relief, bitcoin jumps",2025-03-03
Bitcoin Reserve in 100 Days of Trump's Presidency? Market Is Still Skeptical,2025-03-03
"Nvidia Stock Slides Monday, Extending Post-Earnings Selloff",2025-03-04
Best Buy expected to report further declines in fourth quarter earnings as the chain braces for tariff impact,2025-03-04
Stocks tumble after Trump says long-threatened tariffs are coming,2025-03-04
Why tariffs 'aren’t the problem' in the stock market: Veteran trader,2025-03-04
What Analysts Think of Costco Stock Ahead of Earnings,2025-03-04
Japan Small-Cap Fund Tops Rivals With Stocks Few Analysts Cover,2025-03-04
Dow tumbles 650 points as Trump confirms tariffs on Mexico and Canada will start Tuesday,2025-03-04
Benchmark diesel price heads lower as futures markets drop even more,2025-03-04
S&P 500 Sees Worst Selloff in 2025 as Bonds Climb: Markets Wrap,2025-03-04
Stock of the day: Intel spikes 6% as Nvidia and Broadcom reportedly test its tech for AI-chip making,2025-03-04
S&P 500 Gains and Losses Today: Index Drops as Investors Brace for Tariffs to Take Effect,2025-03-04
Fighting fraud with tech: Q&A with Nasdaq CEO Adena Friedman,2025-03-04
"Emerging Markets Waver as Traders Weigh Tariffs, US-Ukraine Feud",2025-03-04
Asian Stocks Decline After Tariffs Spark US Rout: Markets Wrap,2025-03-04
Tesla chair Robyn Denholm sells $33 million in stock,2025-03-04
It's going to be a big week for markets. Here are 3 things for investors to watch.,2025-03-04
"S&P 500 Companies' Earnings, Sales Growth Accelerates, Oppenheimer Says",2025-03-04
Wall Street Selloff Intensifies Amid Tariff Fears; Nvidia Slumps,2025-03-04
CrowdStrike Stock Falls as Earnings Forecast Disappoints,2025-03-05
Best Buy stock plunges as the chain braces for Trump tariff impact,2025-03-05
"Chinese Stocks Break NPC Jinx With Bold Growth Goal, Tech Rally",2025-03-05
UK Probe Exposes Poor Valuation Practices Across Private Markets,2025-03-05
"Europe Stocks Jump, Bunds Sink on German Debt Plan: Markets Wrap",2025-03-05
Trump’s Ukraine Pivot Fuels 100% Gains in World’s Defense Stocks,2025-03-05
"Schaeffler sees no 2025 rebound for automotive market, losses in EV unit",2025-03-05
France's Atos to launch reverse stock split to restore investor confidence,2025-03-05
Morning Bid: Tariffs stand out amid menagerie of market drivers,2025-03-05
Analysis-Whisper it and it's back: Recession risk creeps onto markets' radar,2025-03-05
Analysis-Italy looks to foreigners as retail bond market loses steam,2025-03-05
"Trump backs latest Canada, Mexico tariffs and preps markets for 'a little disturbance' during first address to Congress",2025-03-05
World shares and US futures are higher after Wall Street losses and Trump's speech,2025-03-05
3 of the most striking moves on a wild day for markets,2025-03-05
Baidu Markets Debut Dim Sum Bond in First Offering Since 2021,2025-03-05
Bitcoin Miners Suffer 22% Market Value Loss as Crypto Prices Fall and Halving Cuts Rewards,2025-03-05
"$1 Billion in Crypto Liquidations as Trump’s Tariffs Trigger Market Sell-Off, CoinGlass Reports",2025-03-05
"Stock market today: Dow, S&P 500, Nasdaq futures surge after Lutnick hints at possible tariff relief",2025-03-05
The Trump trade dominated markets post-election. It's now floundering — and here's why.,2025-03-05
"Stock market today: Dow sinks 650 points, S&P 500 wipes out post-election gains as Trump trade war intensifies",2025-03-05
"Beware a recession that could be triggered by a chain reaction of tariff risk, Wall Street exec says",2025-03-06
Bernanke Says Recent Price Surge May Impact Inflation Control,2025-03-06
"Debt-Limit Dynamics Could Disrupt Money Markets, Says Fed’s Perli",2025-03-06
Asian Stocks to Climb After Trump Tariff Reprieve: Markets Wrap,2025-03-06
NY Fed's Perli says market liquidity levels remain abundant,2025-03-06
"Methode Electronics (NYSE:MEI) Reports Sales Below Analyst Estimates In Q4 Earnings, Stock Drops 15%",2025-03-06
Abercrombie & Fitch stock gets pummeled as the retailer predicts a Trump tariff hit,2025-03-06
"SmartRent (NYSE:SMRT) Reports Sales Below Analyst Estimates In Q4 Earnings, Stock Drops",2025-03-06
Abercrombie & Fitch stock hammered by tariff concerns — why more brutal warnings lurk,2025-03-06
Markets rebound on hopes for tariff relief and government spending plans,2025-03-06
Marvell Stock Drops Despite Strong Earnings as Outlook Fails to Impress,2025-03-06
Stock of the Day: BlackRock rises after Trump shouts out firm's deal for Panama Canal ports,2025-03-06
The markets finally got their answer on tariffs. They didn't seem to like it.,2025-03-06
"Berkshire Wannabes, Tariffs and AI Top Talk of Wall Street Pros",2025-03-06
Victoria's Secret (NYSE:VSCO) Exceeds Q4 Expectations But Stock Drops,2025-03-06
Elon Musk's DOGE may bring some pain to these 4 high-growth restaurant stocks,2025-03-06
Emerging-Market Assets Rally as Doubts Mount Over US Growth,2025-03-06
"NN (NASDAQ:NNBR) Misses Q4 Sales Targets, But Stock Soars 9.1%",2025-03-06
How does inflation impact savings and CD rates?,2025-03-06
"Earnings calls feature record number of tariff mentions, CFOs brace for impact",2025-03-07
"Costco stock falls after retailer misses on earnings, faces cautious consumers and tariff threats",2025-03-07
Canada launches C$5 billion program to help exporters reach new markets,2025-03-07
Nvidia sheds $1 trillion from record high market cap as market sell-off intensifies,2025-03-07
Powell: Federal Reserve to stay on hold amid widespread economic uncertainty,2025-03-07
"Fed Chair Powell stresses patience on rate cuts, policy uncertainty: 'We do not need to be in a hurry'",2025-03-07
Fed's Kugler says rate policy likely on hold for some time,2025-03-07
"Kugler Says Fed Should Keep Rates Steady, Cites Inflation Risks",2025-03-07
Why Is Gap (GAP) Stock Rocketing Higher Today,2025-03-07
Why Broadcom (AVGO) Stock Is Trading Up Today,2025-03-07
"Walgreens (WBA) Stock Trades Up, Here Is Why",2025-03-07
Why CooperCompanies (COO) Stock Is Trading Lower Today,2025-03-07
Why Samsara (IOT) Stock Is Trading Lower Today,2025-03-07
Stock Selloff Gets Uglier at End of Bruising Week: Markets Wrap,2025-03-07
"Tesla stock falls almost 50% from record high, a 'gut check moment' that has Wall Street bulls doubling down",2025-03-07
"Top Stock Movers Now: Hewlett Packard Enterprise, Costco, Walgreens, and More",2025-03-07
Nasdaq Joins Exchanges In Move to Round-the-Clock Trading,2025-03-07
Intuitive Machines Stock Sinks for Second Day After Moon Mission Mishap,2025-03-07
"Federal government employment falls by 10,000 in February as DOGE cuts slowly make impact on US labor market",2025-03-07
Tesla Stock Falls for 7th Week in a Row,2025-03-08
Stock of the Day: Broadcom soars 10% as earnings forecast offers hope for the sagging AI trade,2025-03-08
"Analysis-US jobs data calms market fears, but jitters on policy uncertainty dominate",2025-03-08
Wall Street's Big Selloff Puts Pressure on America's Rich Households,2025-03-08
S&P 500 Gains and Losses Today: Broadcom Stock Surges as Chipmaker Touts AI Revenue Growth,2025-03-08
"HPE stock crashes as CEO weighs in on job cuts, earnings miss, and DOGE",2025-03-08
What Analysts Think of Oracle Stock Ahead of Earnings,2025-03-08
‘Trump Put’ Undercut as Tariff Flip-Flops Frazzle Stock Traders,2025-03-08
"Deutsche Bank eyes industrial rebound, endorses these transportation stocks",2025-03-08
"BigBear.ai Stock Plummets on Wider-Than-Expected Loss, Weak Outlook",2025-03-08
Stock investors are hovering near a make-or-break level in the market,2025-03-08
"DoorDash, Williams-Sonoma, TKO and Expand Energy to Join S&P 500",2025-03-08
Stocks Bounce Back as Powell Says Economy Is Fine: Markets Wrap,2025-03-08
DoorDash and Williams-Sonoma to join S&P 500; shares rally,2025-03-08
You'll soon be able to trade 24 hours a day during the week if Nasdaq gets its way,2025-03-08
'Chaos creates opportunities': Wall Street pros weigh in on market sell-off under Trump's tariff war,2025-03-09
The bond market’s Trump trade is looking like a recession trade,2025-03-09
US Inflation Set to Stay Sticky as Tariff Risk Looms,2025-03-09
Don’t rush into the recession trade — Wall Street pros see opportunity in tech and banks,2025-03-09
US markets are trailing the world as aura of America First fades,2025-03-09
India Struggles to Shake Off Pessimism After $1.3 Trillion Stock Rout,2025-03-09
‘America First’ policies are threatening American exceptionalism as the economy and markets flash warning signs,2025-03-09
"Stocks of McDonald's and other fast food giants rise, but challenges from Trump tariffs loom",2025-03-09
This week in Trumponomics: Playing chicken with markets,2025-03-09
Misfiring Wall Street Wealth Machine Is Anxious Omen for Economy,2025-03-09
The 'clouds' weighing down the market aren't going anywhere: Chart of the Week,2025-03-09
It's not just tariff anxiety. The market's whole bull case under Trump has been turned on its head.,2025-03-09
Asian Shares Poised to Slide Following US Selloff: Markets Wrap,2025-03-10
The stock market has a $1 trillion secret weapon to fight further declines,2025-03-10
Elon Musk said he's running his businesses with 'great difficulty' as Tesla stock falls 15%,2025-03-10
"Delta stock falls after company cuts outlook, citing 'macro uncertainty'",2025-03-10
Markets Rocked by Trump Show Economic Fear Across Wall Street,2025-03-10
Market’s Speculative Fringe Is Blasted as Equity Rout Snowballs,2025-03-10
Nasdaq's Adena Friedman says IPO pipeline remains healthy,2025-03-10
Why Stocks Plummeted on Monday—And What Experts Say Could Come Next,2025-03-10
Trump refuses to rule out a recession as tariffs tank stocks,2025-03-10
Dow falls by almost 900 points in market rout after Trump says he won’t rule out a recession,2025-03-10
"Delta Stock Drops After Airline Cuts Sales, Profit Outlook",2025-03-10
What Analysts Think of Adobe Stock Ahead of Earnings,2025-03-10
"Stock market today: Dow, S&P 500, Nasdaq futures hold steady amid growing economic fears",2025-03-10
Credit Traders Jolted Awake by Wall Street’s White-Knuckle Ride,2025-03-10
Just How Bad is the Stock Market's Current Sell-Off?,2025-03-10
Crypto ETFs Plunge as Growth Scare Hits Market,2025-03-10
Strategy Stock Erases Nearly Half Its Value as Crypto Slumps,2025-03-10
Redfin stock spikes after mortgage giant Rocket announces a $1.75 billion deal to buy the company,2025-03-10
"The US stock market is cratering. It could create winners in other places, says Nomura.",2025-03-11
Tesla stock rises after worst day in almost 5 years as Morgan Stanley says buy the dip,2025-03-11
"Stock market today: Nasdaq erases gains, S&P 500, Dow extend declines as Trump boosts Canadian steel, aluminum tariffs",2025-03-11
Oil Rebounds as Market Metrics Signal Recent Drop Is Overdone,2025-03-11
European markets mixed as investor sentiment remains uncertain,2025-03-11
US Stocks Rattled Anew as Trump Ramps Up Trade War With Canada,2025-03-11
Stocks Jolted by Trump’s Plans for Canada Tariffs: Markets Wrap,2025-03-11
"US job openings rose to 7.7 million in January, a sign Trump inherited a strong labor market",2025-03-11
"Asana Stock Plunges as CEO Steps Down, Firm Issues Soft Outlook",2025-03-11
"Trump's Buying a Tesla. (The Car, Not the Stock.)",2025-03-11
This 94-year-old stock market legend saw the Trump slump coming,2025-03-11
"Spotify upgraded, Freshpet downgraded: Wall Street's top analyst calls",2025-03-11
Why 1 'Magnificent 7' stock hasn't gotten crushed,2025-03-11
3 Software Stocks Walking a Fine Line,2025-03-11
3 Stocks Under $10 in Hot Water,2025-03-11
Morning Bid: Wall Street's epic swoon wipes out Trump bump,2025-03-11
"Stocks Rise Pre-Bell Ahead of Key Jobs Data; Asia Churns, Europe Mostly Up",2025-03-11
Q4 Earnings Outperformers: Lincoln Educational (NASDAQ:LINC) And The Rest Of The Education Services Stocks,2025-03-13
Q4 Earnings Review: Toys and Electronics Stocks Led by Mattel (NASDAQ:MAT),2025-03-13
"Solo Brands (NYSE:DTC) Reports Sales Below Analyst Estimates In Q4 Earnings, Stock Drops 19.2%",2025-03-13
"Stock market today: Dow, S&P 500, Nasdaq futures trade flat as tariffs loom over cool inflation data",2025-03-13
The stock market is traumatized. The inflation report just gave it a glimmer of hope.,2025-03-13
Trump dealt an unexpected blow to Wall Street,2025-03-13
Stocks Rise After CPI Surprise as Trade Risks Loom: Markets Wrap,2025-03-13
"Intel Names Lip-Bu Tan Its New CEO, Sending the Chipmaker's Stock Soaring",2025-03-13
"Morning Bid: Finally, a bounce on Wall Street. But for how long?",2025-03-13
S&P 500 Gains and Losses Today: Tech Stocks Bounce Back After Soft Inflation Data,2025-03-13
"Intel appoints Lip-Bu Tan as CEO, stock jumps 11%",2025-03-13
Stock of the Day: Intel spikes 5% after proposal for major AI firms to run company's chipmaking foundry,2025-03-13
Kohl’s Stock Keeps Falling as Wall Street Turns More Bearish,2025-03-13
Phreesia (NYSE:PHR) Posts Better-Than-Expected Sales In Q4 But Stock Drops,2025-03-13
Why software stocks could be a safe haven for investors in a tariff-induced recession,2025-03-13
Asian Equities Climb After Soft US Inflation Print: Markets Wrap,2025-03-13
Goldman just cut its US stock forecast. It lays out 3 things that could spark a recovery.,2025-03-13
Oil Holds Hefty Gain After Easing US Inflation Aids Sentiment,2025-03-13
Meta Is The Only Magnificent 7 Stock In The Green In 2025—Watch These Key Levels,2025-03-14
Shein Stays Committed to IPO While Weathering Tariff Storm,2025-03-14
"Bitcoin on the brink: Market jitters, DeFi expansion and bold bets",2025-03-14
Equity Markets Rebound Amid Easing Government Shutdown Risk,2025-03-14
Consumer Sentiment Sours as Year-Ahead Inflation Outlook Hits Highest Since November 2022,2025-03-14
"Gold Tops $3,000 Level Amid Tariff Noise, Rate Cut Expectations",2025-03-14
"US Stock Futures Rebound After S&P 500 Closes in Correction Territory; Asia, Europe Strong",2025-03-14
Baby Formula Makers Abbott and Reckitt See Stocks Slide as Judge Allows Retrial,2025-03-14
Stock of the Day: Semtech surges 13% with huge data center demand a bright spot in slumping AI trade,2025-03-14
Wall Street Battered Again by Trump Chaos as New Winners Emerge,2025-03-14
"Why Some Tesla Bears Say the Stock Could Lose Nearly Half Its Value, Again",2025-03-14
S&P 500 Stages Rebound After $5 Trillion Plunge: Markets Wrap,2025-03-14
'Shark Tank' star Kevin O'Leary says it's a good time to buy stocks — and doesn't see a recession yet,2025-03-14
S&P 500 Gains and Losses Today: Index Bounces Off Lows as Government Shutdown Concerns Ease,2025-03-14
Economic Fear Pummels Stocks Tied to Americans’ Spending,2025-03-14
US stocks rally but Dow posts worst week since 2023,2025-03-14
Palantir Leads AI Stock Rebound From Tariff Rout,2025-03-14
"Stock market today: Dow, S&P 500 soar, Nasdaq rebounds in best day since November to cap volatile week",2025-03-14
Reflecting On Gas and Liquid Handling Stocks’ Q4 Earnings: Standex (NYSE:SXI),2025-03-14
"A Look Back at Beverages, Alcohol, and Tobacco Stocks’ Q4 Earnings: Brown-Forman (NYSE:BF.B) Vs The Rest Of The Pack",2025-03-14
How Trump has talked about stock market gyrations since his election win,2025-03-15
Wall Street’s View on S&P 500 Profits Is Souring as Tariffs Loom,2025-03-15
"China to crack down on stock market fake news as AI spurs misinformation, says state media",2025-03-15
Ross Gerber sees no upside to Tesla stock. Here are the trades he's making instead.,2025-03-15
Why is the global rubber market likely to see shortages in 2025?,2025-03-15
A government shutdown now seems unlikely. That's giving the stock market a much-needed boost.,2025-03-15
Here's what could go right for stocks after a brutal tariff-fueled wipeout,2025-03-15
How Intel Became the S&P 500’s Top Performer This Week,2025-03-15
Why China's stock market is roaring after investors fled in 2024,2025-03-15
"Not just condos: Florida’s housing market is softening, especially along the southwest coast",2025-03-15
US Tariff Spat Fuels Trading Boom on Canada’s Top Exchange,2025-03-15
"Tesla stock bleeds, recession fears — and Bitcoin $200,000: Markets news roundup",2025-03-15
1 Tech Stock With More Potential Than Any Cryptocurrency,2025-03-15
Q4 Earnings Highs And Lows: Powell (NASDAQ:POWL) Vs The Rest Of The Electrical Systems Stocks,2025-03-15
Q4 Earnings Outperformers: Travel + Leisure (NYSE:TNL) And The Rest Of The Travel and Vacation Providers Stocks,2025-03-16
Q4 Earnings Highlights: Rush Enterprises (NASDAQ:RUSHA) Vs The Rest Of The Vehicle Parts Distributors Stocks,2025-03-16
Reflecting On Shelf-Stable Food Stocks’ Q4 Earnings: McCormick (NYSE:MKC),2025-03-16
"Warren Buffett saw the selloff coming and hoarded cash, analyst says, as markets await his next move — ‘patience is more than a virtue, it’s a weapon’",2025-03-16
21Shares to Liquidate Two Bitcoin and Ether Futures ETFs Amid Market Downturn,2025-03-16
"Stock market today: Dow, S&P 500, Nasdaq futures tumble after another week of sharp losses",2025-03-17
Asia to Extend Stock Rally on New Chinese Measures: Markets Wrap,2025-03-17
Darker Than a Dark Pool? Welcome to Wall Street’s ‘Private Rooms’,2025-03-17
"Rheinmetall’s stock has soared over 1,000%, and the German defense giant sees growth ‘that we have never experienced before’",2025-03-17
Wall Street’s recession odds are starting to look like a coin flip as Trump refuses to back down on his trade war,2025-03-17
"Bessent Not Worried About Market, Calls Corrections Healthy",2025-03-17
TKer: One of the most misunderstood moments in stock market cycles,2025-03-17
The dot-com bubble popped 25 years ago. Here's what market pros say they learned.,2025-03-17
"U.S. calls for better access to Korean market, South Korean trade minister says",2025-03-17
Traders Gauging Stock Market’s Next Move Keep Wary Eye on Flows,2025-03-17
'A sentiment shift': What Wall Street is saying after the S&P 500's 10% tumble,2025-03-17
13 things that should bother you about the stock market right now,2025-03-17
Market Turmoil Breaks Years of Junk Debt Outperformance in EM,2025-03-17
What Analysts Think of Nike Stock Ahead of Earnings,2025-03-17
What Analysts Think of FedEx Stock Ahead of Earnings,2025-03-17
Green energy stocks fall back to levels last seen 5 years ago,2025-03-17
European Stocks Poised to Track Rally in Asia: Markets Wrap,2025-03-18
"Stock market today: Asian shares mostly rise, cheered by another Wall Street rally",2025-03-18
Global Silver Market Under Strain as Tariffs Trigger Dislocation,2025-03-18
What Analysts Think of Micron Stock Ahead of Earnings,2025-03-18
"SAIC Stock Jumps as Govt. Contractor Tops Earnings, Outlook Estimates",2025-03-18
Chinese Stocks Turn Focus to Earnings as Briefing Underwhelms,2025-03-18
Indonesian Stocks Plunge Most Since 2011 as Growth Worries Mount,2025-03-18
US Navy Shipbuilder’s Stock Jumps in Sydney as Hanwha Buys Stake,2025-03-18
Market jitters? Let's learn from history.,2025-03-18
Markets are hoping Nvidia's big AI event this week will be a badly needed positive catalyst for the stock,2025-03-18
Hong Kong stocks at a three-year high on China outlook,2025-03-18
Watch These D-Wave Quantum Price Levels After Stock Surges to Highest Level Since 2022,2025-03-18
5 reasons Wall Street thinks the worst is over for the stock sell-off,2025-03-18
China Dollar Bond Deals Surge as Market Gloom Begins to Lift,2025-03-18
"Stock market today: Dow, S&P 500, Nasdaq futures trickle down after Wall Street recovery from stock sell-off",2025-03-18
Xiaomi Stock Rally Before Earnings Outshines Analyst Forecasts,2025-03-18
Robinhood is getting into prediction-betting markets just in time for March Madness,2025-03-18
Equities Close Higher as Markets Weigh Macro Data,2025-03-18
"Yen Weakens, Asian Stocks Advance Ahead of BOJ: Markets Wrap",2025-03-19
Japan's exports expand in February on stockpiling amid tariff fears,2025-03-19
"In tough global market, Bentley posts lowest revenue since 2020",2025-03-19
Tencent AI Plans Seen as Key for Further China Tech Stock Gains,2025-03-19
"Stock market today: Dow, S&P 500, Nasdaq futures trade flat as Wall Street braces for Fed's next rate move",2025-03-19
Fleeing the scene: Investors have dumped a record amount of US stock as stagflation fears bite,2025-03-19
4 reasons why Tesla's 53% stock crash is accelerating today,2025-03-19
Indonesia’s Wild Stock Moves Spark Fresh Investability Concerns,2025-03-19
"Egg prices are dropping, but egg stocks could be an attractive addition to the basket",2025-03-19
S&P 500 Gains and Losses Today: Supermicro Stock Falls as Near-Term AI Outlook Wavers,2025-03-19
Stocks Hit by Tech Rout on Eve of Fed Decision Day: Markets Wrap,2025-03-19
Watch These Tesla Stock Price Levels as Selloff Accelerates,2025-03-19
"Tesla stock falls again as Chinese rivals BYD, Xiaomi, and XPeng announce new updates",2025-03-19
What Analysts Think of Accenture Stock Ahead of Earnings,2025-03-19
Q4 Earnings Highs And Lows: Couchbase (NASDAQ:BASE) Vs The Rest Of The Data Storage Stocks,2025-03-19
Q4 Earnings Highlights: Cummins (NYSE:CMI) Vs The Rest Of The Heavy Transportation Equipment Stocks,2025-03-19
Cathie Wood bets on ARK Invest’s crypto investment amid recession worry,2025-03-19
Analyst says Coinbase stock could see massive jump amid Bitcoin reserve plans,2025-03-19
Stock market today: Asian shares are mostly higher after advance on Wall Street,2025-03-20
Commerce Secretary Howard Lutnick hawks Tesla stock on TV: 'It'll never be this cheap again',2025-03-20
7 reasons one analyst says it's time to buy Tesla after its stock crash,2025-03-20
Watch These Boeing Levels After Stock Logs Largest Daily Gain Since 2023,2025-03-20
Asia shares track Wall Street higher as investors assess Fed outlook,2025-03-20
Dollar steady as Fed's rate cut view calms market nerves,2025-03-20
US households are sitting on record amounts of stock. That could be bad news for the market.,2025-03-20
Stocks Get Relief Rally in Best Fed Day Since July: Markets Wrap,2025-03-20
"Stock market today: Dow, S&P 500, Nasdaq futures rise after Powell reassures Wall Street",2025-03-20
Watch These AppLovin Price Levels as AI Stock's Volatile Run Continues,2025-03-20
Microchip Technology shares fall after $1.35 billion convertible stock offering plan announced,2025-03-20
Housing Market 2025: You May Want To Avoid Buying a Home in These 10 Florida Cities,2025-03-20
Q4 Earnings Highlights: Opendoor (NASDAQ:OPEN) Vs The Rest Of The Real Estate Services Stocks,2025-03-20
I’m an Economist: Here’s My Prediction for the Housing Market During Trump’s Presidency,2025-03-20
Why is the U.S. Housing Market Short By Nearly 4 Million Homes?,2025-03-20
Real Estate Services Stocks Q4 In Review: Compass (NYSE:COMP) Vs Peers,2025-03-20
'The arrival of the tariff inflation': Powell doesn't shy from linking trade to prices as Fed shifts forecasts,2025-03-20
Stock market today: Nasdaq leads market rally as investors cheer Fed rate decision,2025-03-20
"Planet Labs (NYSE:PL) Reports Sales Below Analyst Estimates In Q4 Earnings, Stock Drops",2025-03-21
"Micron Stock Pops as AI Demand Drives Better-Than-Expected Earnings, Outlook",2025-03-21
"Jabil Stock Jumps on Strong Earnings, Outlook",2025-03-21
"Academy Sports’s (NASDAQ:ASO) Q4 Earnings Results: Revenue In Line With Expectations, Stock Soars",2025-03-21
"Shoe Carnival (NASDAQ:SCVL) Reports Sales Below Analyst Estimates In Q4 Earnings, Stock Drops 16%",2025-03-21
Nvidia stock just flashed a dreaded technical 'death cross' signal,2025-03-21
Meituan Stock Return Targets Are Among Highest in China Tech,2025-03-21
Asian Stocks Poised to Fall as Uncertainty Lingers: Markets Wrap,2025-03-21
Carvana Stock Rises as Piper Sandler Advises Buying the Dip After Recent Selloff,2025-03-21
Lennar posts lower quarterly profit on sustained market weakness,2025-03-21
FedEx Stock Falls as Shipping Giant Cuts Its Outlook for the Third Quarter in a Row,2025-03-21
"S&P 500 Gains and Losses Today: Accenture, Gartner Stocks Pressured by Government Spending Cuts",2025-03-21
Stock of the Day: Temu parent PDD falls 5% as revenue misses estimates and growth slows,2025-03-21
"Markets Are Anxious—But in This Circle, Optimism Abounds",2025-03-21
Japan’s Inflation Slows After Resumption of Energy Subsidies,2025-03-21
"Japan's core inflation hits 3% in February, keeps alive BOJ rate-hike bets",2025-03-21
"Stock market today: Dow, S&P 500, Nasdaq futures trade flat as Wall Street grapples with Fed's message",2025-03-21
Bitcoin Volatility Hits 6-Month High as U.S. Economic Uncertainty Drives Market Instability,2025-03-21
"Crypto market sentiment hits lows even as Bitcoin holds strong, says LunarCrush CEO",2025-03-21
Equity Markets Close Mostly Lower as Trump Calls on Fed to Cut Rates,2025-03-21
BofA says one 'monster' trend shows no one really believes Trump's tariffs will spark recession or a bear market,2025-03-22
EU Nations Push to Factor Market Conditions in Gas Storage Goals,2025-03-22
Recession alarms are ringing on Wall Street. Here are 4 warnings economists are pointing to.,2025-03-22
Stocks Get Late Boost as Volume Jumps to 2025 High: Markets Wrap,2025-03-22
S&P 500 Gains and Losses Today: Supermicro Soars on Expectations of AI-Driven Growth,2025-03-22
Stock of the Day: FedEx drops 9% after 2025 forecast cut fans fears of economic uncertainty,2025-03-22
Musk tells Tesla employees to hold on to their stock amid protests,2025-03-22
Wall Street Investors With Diversified Bets Are Winning at Last,2025-03-22
Trump’s ‘Big One’ on Tariffs Has Emerging Market on Edge,2025-03-22
"Affirm Stock Has Bumpy Ride on Competition Fear, Macro Hope",2025-03-22
Tesla’s Retail Fans Buy the Stock at a Pace Never Seen Before,2025-03-22
There's a $1 trillion opportunity brewing in the stock market — and it's got nothing to do with AI,2025-03-22
"Carney Unveils Canada Tariff Relief, ‘Nation Building’ Reforms",2025-03-22
Nike stock tumbles as tariffs are expected to hit next quarter's results,2025-03-22
Q4 Earnings Highs And Lows: Royalty Pharma (NASDAQ:RPRX) Vs The Rest Of The Branded Pharmaceuticals Stocks,2025-03-22
"A Look Back at Beverages, Alcohol, and Tobacco Stocks’ Q4 Earnings: Celsius (NASDAQ:CELH) Vs The Rest Of The Pack",2025-03-22
Reflecting On Gas and Liquid Handling Stocks’ Q4 Earnings: Chart (NYSE:GTLS),2025-03-22
North Dakota oil regulator expects lower oil prices this year amid Trump tariff uncertainty,2025-03-22
"Futures buoyant, dollar drifts as markets sail toward tariff storm",2025-03-24
Dollar drifts as traders await Trump tariff clarity,2025-03-24
US Stock Futures Rise as New Tariffs Seen Targeted: Markets Wrap,2025-03-24
James Hardie CEO Defends $8.75 Billion AZEK Deal as Stock Slumps,2025-03-24
"Stock market today: Dow, S&P 500, Nasdaq futures rise in search for another bounce-back week",2025-03-24
"BTC Bear Market To Last 90 Days, Analyst Predicts, as Trade War Fears and Whale Activity Impact Prices",2025-03-24
BYD Earnings May Move the Needle in Market-Cap Fight With CATL,2025-03-24
A $1.8 Trillion ESG Market Is Being Driven by the US Government,2025-03-24
"The Cuban Missile Crisis has a lesson for today’s stock market as the next Trump tariffs could fuel a huge rebound, top Wall Street forecaster says",2025-03-24
"Turkey Bans Short-Selling, Eases Buybacks to Stem Market Slide",2025-03-24
Bond Market Looks to Inflation Data to Back Steeper Yield Curve,2025-03-24
"Cathie Wood Sticks With Tesla, Predicts Stock Will Hit $2,600",2025-03-25
Chinese Funds Plan to Mop Up Stocks If US Tariffs Roil Markets,2025-03-25
"Bitcoin Could Hit $110,000 Before Dropping to $76,500 as Fed Policy Shifts, Says Arthur Hayes",2025-03-25
"Stock market today: Dow, S&P 500, Nasdaq futures waver with Trump tariff moves in focus",2025-03-25
The Magnificent 7 is back: Why Morgan Stanley sees the mega-cap tech group restoring US stock dominance,2025-03-25
Gold Steady Near Record High as Market Digests Trump Tariff Talk,2025-03-25
Asian Stocks Advance on Trump’s Tariff Signals: Markets Wrap,2025-03-25
Tesla stock has surged since Musk's surprise all-hands meeting as retail investors swarm,2025-03-25
China’s Steel Market Is Still in Thrall to Bleak Property Data,2025-03-25
Dutch Bros Stock Surges as Analysts Weigh in Ahead of Investor Day,2025-03-25
Wall Street’s Embrace of Turkey Unraveled in Just 30 Minutes,2025-03-25
The stock market is cheering as Trump could soften tariffs,2025-03-25
Generac Stock Gains as BofA Points to Growing Demand for Backup Power,2025-03-25
Watch These GameStop Stock Price Levels As Video Game Retailer's Earnings on Deck,2025-03-25
First-quarter US earnings outlook looks less rosy with tariff worries in focus,2025-03-25
Reflecting On Surgical Equipment & Consumables - Diversified Stocks’ Q4 Earnings: Zimmer Biomet (NYSE:ZBH),2025-03-25
Thrive Capital Leads New Deal in Wall Street AI Startup Rogo,2025-03-25
Equities Rally as Markets Track Tariff Updates; Tesla Jumps,2025-03-25
"GameStop (NYSE:GME) Reports Sales Below Analyst Estimates In Q4 Earnings, But Stock Soars 6.1%",2025-03-26
Stock market today: Asian markets make modest advance after a slow day on Wall Street,2025-03-26
Watch These Carvana Price Levels as Stock Surges,2025-03-26
Consumer sentiment is plunging. Wall Street sees a tired US shopper as a major risk to stocks.,2025-03-26
"Stocks gain, dollar drifts as traders ponder Trump tariff outlook",2025-03-26
Amundi Sees Korean Stocks Braving Short Sellers to Extend Rally,2025-03-26
"Tesla analyst says CEO Elon Musk is ‘back in charge’ after surprise all-hands meeting, and investors are rewarding the company’s stock",2025-03-26
"Stock market today: Dow, S&P 500, Nasdaq futures hold steady as Wall Street pins hopes on tempered tariffs",2025-03-26
Stocks Eke Out Gain as Tech Drives Late-Day Bounce: Markets Wrap,2025-03-26
Tesla Stock Rises for 5th Straight Session—Watch These Key Price Levels,2025-03-26
S&P 500 Gains and Losses Today: International Paper Stock Pops on Upbeat Growth Outlook,2025-03-26
It's Been 25 Years Since the Dotcom Bubble Burst. Here Are the Stocks You Wish You'd Bought,2025-03-26
"Fed's Goolsbee sees lower interest rates in a year's time, but warns of uncertainties, FT reports",2025-03-26
"Stocks Trade in Tight Range, US Copper Hits Record: Markets Wrap",2025-03-26
Erdogan Treads Carefully to Quell Protests and Calm Markets,2025-03-26
"Oil near three-week high on supply fears, U.S. stocks drop",2025-03-26
Mexico's Pemex looks to diversify market amid Trump tariff threats,2025-03-26
Investing in Bitcoin: Buying Strategy Stock vs. Buying Bitcoin Directly,2025-03-26
"Bitcoin Could Hit $110,000 as Investors Await U.S. Inflation Report and Trade Policy Decisions",2025-03-26
A Look Back at Leisure Facilities Stocks’ Q4 Earnings: Planet Fitness (NYSE:PLNT) Vs The Rest Of The Pack,2025-03-27
Q4 Earnings Highlights: The Real Brokerage (NASDAQ:REAX) Vs The Rest Of The Real Estate Services Stocks,2025-03-27
Q4 Earnings Review: Infrastructure Distributors Stocks Led by DistributionNOW (NYSE:DNOW),2025-03-27
"Unpacking Q4 Earnings: Cable One (NYSE:CABO) In The Context Of Other Wireless, Cable and Satellite Stocks",2025-03-27
Stocks Churn as Trade-War Fears Offset Solid Data: Markets Wrap,2025-03-27
Wall Street keeps upping its bullish calls on gold — here's why,2025-03-27
"Top Stock Movers Now: GM, AutoZone, Tesla, and More",2025-03-27
"AMD Stock Slips as Jefferies Downgrades, Says Nvidia Has 'Significant' Advantage",2025-03-27
TD Synnex Stock Sinks as Expenses Increase,2025-03-27
Jefferies Stock Sinks as Firm Attributes Soft Results to Geopolitics,2025-03-27
Steelcase Stock Surges as Furniture Orders Grow,2025-03-27
"GM, Ford stocks reel after Trump announces 25% auto tariffs on foreign-made vehicles, certain parts",2025-03-27
"AMD downgraded, Roku reinstated: Wall Street's top analyst calls",2025-03-27
"Stock market today: S&P 500, Dow, Nasdaq waver as investors weigh Trump's tariff escalation",2025-03-27
2 Semiconductor Stocks on Our Watchlist and 1 to Turn Down,2025-03-27
3 Value Stocks in Hot Water,2025-03-27
1 Restaurant Stock on Our Buy List and 2 to Avoid,2025-03-27
The best CD rates on the market right now: Lock in up to 4.45% APY,2025-03-27
"Stock Selloff Extends on Tariffs, Gold Hits Record: Markets Wrap",2025-03-28
Bank of India Is Latest Indian Borrower to Tap Yen Loan Market,2025-03-28
"French and Spanish Inflation Undershoot, Backing ECB Cuts",2025-03-28
Markets brace for cut to BOJ's super-long bond buying,2025-03-28
Analysis-Trump's erratic tariff policy shakes confidence in Europe's market bull run,2025-03-28
Stock market today: Asian stocks skid as investors await more Trump tariffs,2025-03-28
"Asia stocks fall, gold at record high as tariff worries unnerve markets",2025-03-28
Australia’s $1 Trillion Market Draws Coller Capital,2025-03-28
Watch These GM Price Levels as Stock Plunges After Trump's Auto Tariffs Announcement,2025-03-28
"It took 41 years for Berkshire Hathaway stock to gain $100,000. It just gained that much in 37 days.",2025-03-28
A $30 Billion Rout Turns Delta Thailand Into Asia’s Worst Stock,2025-03-28
Why May 15 is a key date to watch for Nvidia stock,2025-03-28
"Stock market today: Dow, S&P 500, Nasdaq futures waver as Wall Street faces escalating trade war",2025-03-28
Watch These Vistra Stock Price Levels as AI Energy Play Continues to Slide,2025-03-28
"Oil retreats amid tariff worries, set for third week of gains on supply woes",2025-03-28
Indonesians Are Feeling Market Gloom Ahead of Major Eid Holiday,2025-03-29
CoreWeave's lukewarm IPO debut is failing to ignite the AI market,2025-03-29
Wall Street changes its tune on China as DeepSeek and policy hopes win back investors: ‘Confidence does feel like it’s returned’,2025-03-29
"Lululemon warns about 'cautious consumer' as inflation, tariff concerns take a toll",2025-03-29
3 reasons why Lululemon stock is getting hammered on earnings,2025-03-29
Value stock gains need fresh catalyst with earnings a wild card,2025-03-29
Elon Musk sells X to his own xAI for $33 billion in all-stock deal,2025-03-29
The stock market is flirting with a dangerous technical level,2025-03-29
Hot February inflation data sends stocks spiraling,2025-03-29
S&P 500 Gains and Losses Today: Lululemon Stock Falls as Soft Traffic Weighs on Guidance,2025-03-29
"4 stock market moves to make as recession calls rise on Wall Street, according to Morgan Stanley's stock chief",2025-03-29
Trump’s Pick for Wall Street Prosecutor Will Keep Apollo Stock,2025-03-29
High-Conviction Wall Street Bets Unravel in ‘Trump Trade’ Rebuke,2025-03-29
S&P 500 Sinks 2% as Economic Fears Spur Bond Rally: Markets Wrap,2025-03-29
Dow closes more than 700 points lower and the S&P 500 is on track for its worst quarter since 2022,2025-03-29
"Stock market today: Dow drops 700 points, S&P 500, Nasdaq sink as Wall Street reels from tariff, inflation fears",2025-03-29
Stocks Suffer Second Worst Day of Year as Tariffs Sap Sentiment,2025-03-29
"Crypto-Related Stocks Sink, Following Bitcoin Lower Friday",2025-03-29
Why Wall Street is talking about a 'Mar-A-Lago accord' as a way to understand Trump,2025-03-30
The housing market now has more ‘downside risks’: layoffs from DOGE and the trade war,2025-03-30
US Employers Tap Brakes as Tariff Policy Dims Outlook,2025-03-30
"Homebuilders face 'muted' spring selling season amid high mortgage rates, tariff uncertainty",2025-03-30
Equities Decline as Core Inflation Accelerates; Reciprocal Tariffs in Focus,2025-03-30
"Consumer Sentiment Continues to Fall as Expectations Tumble, Inflation Outlook Jumps",2025-03-30
Traders eye ominous technical levels as stocks rout intensifies,2025-03-31
Wall Street strategists continue to cut their stock market forecasts as Trump tariff fears become reality,2025-03-31
"Moderna, biotech stocks slide following resignation of FDA official Peter Marks",2025-03-31
US Bank Stocks Set for Worst Run Since Fear-Fueled 2023 Rout,2025-03-31
Uranium Market Freezes as Trump Tariff Threats Rattle Buyers,2025-03-31
"Okta initiated, Wingstop upgraded: Wall Street's top analyst calls",2025-03-31
Stocks pare losses as nervous investors brace for Trump's 'Liberation Day' tariffs,2025-03-31
US Stocks Swoon as Trump Sows Economic Fear Across Wall Street,2025-03-31
"Stock market today: Nasdaq, S&P 500 tumble to resume sell-off as 'Liberation Day' tariff worries mount",2025-03-31
Stocks Sink as Tariff Jitters Fuel Rush to Bonds: Markets Wrap,2025-03-31
Why meme stocks like GameStop could cause you headaches,2025-03-31
Elon Musk’s SpaceX pleads with Trump for tariff exemptions,2025-03-31
"Tesla stock falls amid investor concerns over Trump tariffs, Elon Musk's government ties",2025-03-31
Discover Financial Stock Leads S&P 500 Gainers on Retention of Interim CEO,2025-03-31
CoreWeave Stock Drops In Second Day of Trading,2025-03-31
Wall Street is fed up with Trump’s tariffs. Stocks are off to their worst start to a year since 2020,2025-03-31
"Tariff-hit firms may need business turnaround financing, Japan’s bank lobby chair says",2025-03-31
A Look Back at Gas and Liquid Handling Stocks’ Q4 Earnings: Parker-Hannifin (NYSE:PH) Vs The Rest Of The Pack,2025-03-31
Reflecting On Specialty Equipment Distributors Stocks’ Q4 Earnings: Herc (NYSE:HRI),2025-03-31
Why tech stocks are getting hammered ahead of Trump's tariff deadline,2025-04-01
Stocks cap worst quarter in 3 years as investors realize Trump's not in their corner,2025-04-01
Japan business mood worsens as Trump tariff uncertainty lingers,2025-04-01
"Stock market today: Dow, S&P 500, Nasdaq futures fall as Trump's tariff deadline creeps closer",2025-04-01
Trump's 'reign of tariffs' is nearly here. These are the 3 big risks facing markets.,2025-04-01
Tesla stock just capped off the worst quarter since 2022,2025-04-01
More S&P 500 Companies Are Giving Downbeat Outlooks,2025-04-01
Wall Street shakes off tariff trepidation,2025-04-01
"Goldman Sachs slashed its S&P 500 target again, with tariffs set to hit stock returns and economic growth",2025-04-01
United Microelectronics Stock Pops on Report of Possible GlobalFoundries Deal,2025-04-01
"Benchmark diesel price up for second straight week, futures markets rise sharply",2025-04-01
Watch These Coinbase Price Levels After Stock's 20% Drop in March,2025-04-01
Gold rises to another record as anxiety grips markets. Here's what you need to know,2025-04-01
Stocks close out their worst quarter since 2022 amid tariff uncertainty,2025-04-01
Rocket to Acquire Mr. Cooper in $9.4 Billion All-Stock Deal,2025-04-01
Stocks Fall Pre-Bell as Investors Brace for Potential Tariff Announcement,2025-04-01
Trump Tariff Plans Still in Limbo Ahead of Rose Garden Event,2025-04-02
"Amid fast pace of change, Fed face time with businesses has become key to policy",2025-04-02
Analysis-The Aussie is losing its way as markets' risk compass,2025-04-02
Wall Street Trading Desks Warn S&P 500 Selloff Will Get Worse,2025-04-02
3 Reasons to Sell G and 1 Stock to Buy Instead,2025-04-02
Trump's 'Liberation Day' tariff plan puts markets on high alert,2025-04-02
Morning bid: Markets at a standstill before tariff drama,2025-04-02
"MAGA favorite Newsmax is the hottest new meme stock after a 2,190% post-IPO surge",2025-04-02
Wells Fargo sees 5 reasons investors should brace for Tesla stock to drop another 50%,2025-04-02
Here's how big a move traders are eyeing for the stock market on tariff 'liberation day',2025-04-02
Stock market today: Global shares mostly decline ahead of Trump's latest tariffs,2025-04-02
nCino’s (NASDAQ:NCNO) Q4 Earnings Results: Revenue In Line With Expectations But Stock Drops 17.6%,2025-04-02
Reflecting On Automation Software Stocks’ Q4 Earnings: Appian (NASDAQ:APPN),2025-04-02
Unpacking Q4 Earnings: Airbnb (NASDAQ:ABNB) In The Context Of Other Consumer Internet Stocks,2025-04-02
Q4 Earnings Highs And Lows: LGI Homes (NASDAQ:LGIH) Vs The Rest Of The Home Builders Stocks,2025-04-02
Q4 Earnings Outperformers: Leidos (NYSE:LDOS) And The Rest Of The Defense Contractors Stocks,2025-04-02
Q4 Earnings Outperformers: Hillman (NASDAQ:HLMN) And The Rest Of The Professional Tools and Equipment Stocks,2025-04-02
Reflecting On Travel and Vacation Providers Stocks’ Q4 Earnings: Target Hospitality (NASDAQ:TH),2025-04-02
Defense Contractors Stocks Q4 Earnings Review: Mercury Systems (NASDAQ:MRCY) Shines,2025-04-03
Reflecting On Data & Business Process Services Stocks’ Q4 Earnings: CoStar (NASDAQ:CSGP),2025-04-03
A Look Back at Air Freight and Logistics Stocks’ Q4 Earnings: C.H. Robinson Worldwide (NASDAQ:CHRW) Vs The Rest Of The Pack,2025-04-03
"China stocks, yuan tumble after bigger-than-expected Trump tariffs",2025-04-03
Travel and Vacation Providers Stocks Q4 Teardown: Wyndham (NYSE:WH) Vs The Rest,2025-04-03
Q4 Earnings Highlights: Magnite (NASDAQ:MGNI) Vs The Rest Of The Advertising & Marketing Services Stocks,2025-04-03
3 Reasons to Sell MAN and 1 Stock to Buy Instead,2025-04-03
3 Reasons MCW is Risky and 1 Stock to Buy Instead,2025-04-03
3 Reasons to Sell RUM and 1 Stock to Buy Instead,2025-04-03
3 Reasons to Avoid APLD and 1 Stock to Buy Instead,2025-04-03
3 Reasons VMEO is Risky and 1 Stock to Buy Instead,2025-04-03
European Stocks Sink as Trump Tariffs Threaten Economic Growth,2025-04-03
Trump’s tariff shock rattles markets as investors fear global trade war,2025-04-03
Wall Street futures in a tailspin as tariffs fuel recession fears,2025-04-03
Traders seek refuge in Aussie consumer staples as US tariffs spark market fall,2025-04-03
"UBS Wealth, Templeton See Chinese Stocks Braving Tariff Blow",2025-04-03
European stock futures fall over 2% after Trump's tariff announcement,2025-04-03
Asian markets and US futures tumble following global US tariff hikes,2025-04-03
A recession is one big reason to keep betting on American market exceptionalism,2025-04-03
"Bitcoin Nears Death Cross, Yuan Tumbles With Asian Markets After Trump Tariffs Put Focus on China's Response",2025-04-03
Q4 Earnings Highs And Lows: The Cheesecake Factory (NASDAQ:CAKE) Vs The Rest Of The Sit-Down Dining Stocks,2025-04-04
Unpacking Q4 Earnings: Cisco (NASDAQ:CSCO) In The Context Of Other IT Services & Other Tech Stocks,2025-04-04
Reflecting On Vehicle Retailer Stocks’ Q4 Earnings: CarMax (NYSE:KMX),2025-04-04
"Q4 Earnings Highlights: Boston Beer (NYSE:SAM) Vs The Rest Of The Beverages, Alcohol, and Tobacco Stocks",2025-04-04
Unpacking Q4 Earnings: Grand Canyon Education (NASDAQ:LOPE) In The Context Of Other Education Services Stocks,2025-04-04
Q4 Earnings Highlights: iRhythm (NASDAQ:IRTC) Vs The Rest Of The Patient Monitoring Stocks,2025-04-04
"Analysis-Trump tariffs may delay, but won't derail, Japan rate hikes",2025-04-04
Asian stocks slid after Wall Street surrendered to a hit by Trump's tariffs,2025-04-04
Watch These Nike Price Levels as Stock Plunges to 7-Year Low on Tariff Worries,2025-04-04
Dollar fragile as traders take stock of tariff fallout ahead of US jobs report,2025-04-04
Stocks are cratering after tariffs. Here's what's next for markets.,2025-04-04
JPMorgan analysts say recession risk increased to 60% since Trump announced tariffs: 'There will be blood',2025-04-04
"Stock market today: Dow, S&P 500, Nasdaq futures waver as shaken Wall Street faces Trump tariff fallout",2025-04-04
Trump says things are 'going very well' after worst stock market drop in years over tariffs,2025-04-04
Stocks of McDonald's and other fast food giants pop as reciprocal tariffs sink the wider market,2025-04-04
"Nvidia, TSMC, chip stocks plunge after Trump announces sweeping reciprocal tariffs",2025-04-04
AppLovin bids for TikTok in all markets outside of China,2025-04-04
Just How Bad Was the Trump Tariff Stock Market Sell-Off on Thursday?,2025-04-04
Buffett’s Berkshire Weathers Tariff-Fueled Stock-Market Selloff,2025-04-04
2 S&P 500 Stocks with Solid Fundamentals and 1 to Keep Off Your Radar,2025-04-05
2 S&P 500 Stocks to Consider Right Now and 1 to Think Twice About,2025-04-05
3 Small-Cap Stocks Walking a Fine Line,2025-04-05
1 Small-Cap Stock to Own for Decades and 2 to Turn Down,2025-04-05
3 Russell 2000 Stocks Walking a Fine Line,2025-04-05
The many ways Trump world is explaining the market's tariff tantrum,2025-04-05
Stock rout and dealmaking freeze raise stakes for start of Wall Street's earnings season,2025-04-05
Planning for retirement in a volatile market,2025-04-05
Trump says China ‘played it wrong’ as stocks crash,2025-04-05
A New Earnings Season Is Almost Here. Analysts Are Growing Cautious.,2025-04-05
What Analysts Think of Delta Air Lines Stock Ahead of Earnings,2025-04-05
‘Oh sh--.’ RH CEO sees stock slide as reciprocal tariffs unveiled during Q4 earnings conference call,2025-04-05
"Q4 Earnings Highlights: PepsiCo (NASDAQ:PEP) Vs The Rest Of The Beverages, Alcohol, and Tobacco Stocks",2025-04-05
Q4 Earnings Highs And Lows: Amkor (NASDAQ:AMKR) Vs The Rest Of The Semiconductor Manufacturing Stocks,2025-04-05
A Look Back at Electronic Components & Manufacturing Stocks’ Q4 Earnings: TTM Technologies (NASDAQ:TTMI) Vs The Rest Of The Pack,2025-04-05
Unpacking Q4 Earnings: Hilton (NYSE:HLT) In The Context Of Other Travel and Vacation Providers Stocks,2025-04-05
Here’s What Experts Say You Can Do To Weather the Stock Market’s Tariff Tantrum,2025-04-05
"Trump Tax Cut, Debt Limit Plan Advances Amid Tariff Turmoil",2025-04-05
3 Market-Beating Stocks to Keep an Eye On,2025-04-05
3 Value Stocks in the Doghouse,2025-04-05
'The bull market is dead': What investing pros are saying after a historic 2-day stock market crash,2025-04-06
1 Industrials Stock with Impressive Fundamentals and 2 to Think Twice About,2025-04-06
1 Value Stock Worth Investigating and 2 to Brush Off,2025-04-06
3 Market-Beating Stocks That Stand Out,2025-04-06
1 Industrials Stock on Our Buy List and 2 to Brush Off,2025-04-06
3 Small-Cap Stocks with Mounting Challenges,2025-04-06
Elon Musk hopes for ‘zero-tariff situation’ between US and EU,2025-04-06
Trump's tariff 'medicine' injects turmoil into global markets,2025-04-07
Watch These Bitcoin Price Levels as Cryptocurrency Drops Below $80K Amid Tariff Worries,2025-04-07
Asian markets plunge as Trump’s global tariff turmoil deepens,2025-04-07
"Trump says he doesn't want stocks to crater, but 'sometimes you have to take medicine'",2025-04-07
Dow futures tumble as the massive market sell-off continues,2025-04-07
Oil plunge deepens on fears global trade war could trigger recession,2025-04-07
"Bitcoin Falls Below $80,000 as U.S. Tariffs Trigger $8.2 Trillion Stock Market Loss and Crypto Slump",2025-04-07
Bitcoin plummets as tariff fallout spreads,2025-04-07
"Bitcoin Drops Below $79K as Cryptos Plunge, Stock Futures Fall Another 5%",2025-04-07
Bitcoin falls amid tariff rout,2025-04-07
Jaguar Land Rover suspends exports to US as tariff fallout spreads,2025-04-07
Resi stocks continue to tumble as recession fears loom,2025-04-08
Watch These GameStop Price Levels as Stock Has Bucked Broader Sell-Off,2025-04-08
"Sorry, Howard: Tesla stock drops below a level plugged by Trump's commerce secretary as 'cheap'",2025-04-08
2 things could stop the stock market's free fall. Neither of them looks likely.,2025-04-08
"Stock market today: Dow, S&P 500, Nasdaq futures rise after chaotic day on Wall Street",2025-04-08
Stocks closed mixed in most volatile session since the pandemic as Wall Street is ‘starting to find a bottom’,2025-04-08
‘The World Is Different Now’: Market Convulsions Hit Wall Street,2025-04-08
"'No signal, lots of noise': Sell-off cools down as Trump's tariffs drive wild swings in stock market",2025-04-08
"The markets just gave Trump an off-ramp. Your move, Mr. President",2025-04-08
Mark Cuban told investors not to sell stocks amid the market mayhem — but then walked back his advice,2025-04-08
Trump Tariff Uncertainty Could Make for a Bumpy Q1 Earnings Season,2025-04-08
Analysis-European stocks' stellar start to 2025 snuffed out as tariffs cloud Q1 earnings,2025-04-08
Oil prices climb 1% after heavy US tariff-driven selloff,2025-04-08
Asian Stocks Bounce Back After Worst Day on Record: Markets Wrap,2025-04-08
This is the next key level for investors to watch in the stock market's historic rout,2025-04-08
Japan's Nikkei 225 stock index up 5.5% as world markets gyrate under tariffs uncertainty,2025-04-08
Fed's Goolsbee says there's a lot of anxiety over tariffs,2025-04-08
"Japanese Stocks Rebound on Tariff Talk Hopes, Weaker Yen",2025-04-08
'Fake news' and a $4 trillion swing: Inside the stock market's wild moves today,2025-04-08
The bulls are in full retreat: These charts show the carnage on day 3 of a stunning market plunge.,2025-04-08
Wall Street's tariffs rout resumes after morning rebound fails,2025-04-09
"Etsy (ETSY) and Snap (SNAP), Lyft (LYFT), Intel (INTC), Target (TGT) Stocks Trade Down, What You Need To Know",2025-04-09
US stocks fall after Trump confirms 104pc tariffs on China,2025-04-09
"Oxford Industries (OXM) and Caleres (CAL), Urban Outfitters (URBN), Steven Madden (SHOO), Lululemon (LULU) Stocks Trade Down, What You Need To Know",2025-04-09
Stocks haven't fallen this much since 2020. Their recovery could look different this time.,2025-04-09
Stocks Hit by Wild Volatility on US-China Threats: Markets Wrap,2025-04-09
US stocks rally sharply after 3 days of tariff-fueled pain,2025-04-09
The world's 10 richest people lost $172 billion in 3 days as stocks crashed,2025-04-09
S&P 500 Gains and Losses Today: Index Reverses Early Gains Amid Tariff Worries,2025-04-09
Rally in US stocks evaporates as White House doubles down on China tariffs,2025-04-09
Markets aren't out of the woods yet,2025-04-09
Why Tilray (TLRY) Stock Is Trading Lower Today,2025-04-09
Why Is El Pollo Loco (LOCO) Stock Rocketing Higher Today,2025-04-09
Why Is agilon health (AGL) Stock Soaring Today,2025-04-09
4 things history can teach us about a looming bear market in stocks,2025-04-09
"Stock market today: Dow, S&P 500, Nasdaq futures drop with Trump's massive tariffs set to go into effect",2025-04-09
Samsung ups earnings guidance as chip sales soar on tariff concerns,2025-04-09
US bank earnings likely to be overshadowed by recession concerns,2025-04-09
South Africa considering auto industry incentives as tariff buffer,2025-04-10
Kansas City Fed's Schmid to stay focused on inflation in light of tariff risks,2025-04-10
Fed likely to stay cautious on rate cuts despite cooler inflation reading,2025-04-10
Stocks Slide as CPI Fails to Quell Economic Angst: Markets Wrap,2025-04-10
Markets boomerang as 'Trump Blink' redefines volatility,2025-04-10
US inflation dropped in March - pulled down by falling gasoline prices,2025-04-10
European markets eye historic rally following Trump’s tariff pause,2025-04-10
"Roblox upgraded, GM downgraded: Wall Street's top analyst calls",2025-04-10
"Stock market today: Dow, S&P 500, Nasdaq slide as tariff-pause euphoria gets a reality check",2025-04-10
"Modelo Parent Constellation Brands' Stock Slides on Soft Outlook, Citing Tariff Concerns",2025-04-10
Trump's 90-day tariff pause ripples through markets: What Wall Street is saying,2025-04-10
European Stocks Jump Most in Five Years on Trump Tariff Reprieve,2025-04-10
US jobless benefit applications rise modestly as labor market remains largely unfazed by trade war,2025-04-10
Here's what bright minds on Wall Street are saying about Trump's tariff-fueled market meltdown,2025-04-10
US stocks set to tumble again as reality sets back in on Wall Street,2025-04-10
CarMax’s (NYSE:KMX) Q1 Earnings Results: Revenue In Line With Expectations But Stock Drops,2025-04-10
Unpacking Q4 Earnings: Broadridge (NYSE:BR) In The Context Of Other Data & Business Process Services Stocks,2025-04-10
Q4 Earnings Highs And Lows: Eli Lilly (NYSE:LLY) Vs The Rest Of The Branded Pharmaceuticals Stocks,2025-04-10
"Q4 Earnings Outperformers: Hologic (NASDAQ:HOLX) And The Rest Of The Medical Devices & Supplies - Imaging, Diagnostics Stocks",2025-04-10
"China hits back at Trump tariff hike, raises duties on US goods to 125%",2025-04-11
JPMorgan earnings provide first look at Wall Street tariff turmoil,2025-04-11
US Futures Rise as Volatility Reigns; Dollar Drops: Markets Wrap,2025-04-11
"China Stocks Extend Gains as Stimulus, Deal Hopes Get Upper Hand",2025-04-11
US stocks lose gains as Asian markets fall in China-US trade war,2025-04-11
Analysis-Investors grapple with tariff-driven economic threat as market swings persist,2025-04-11
Morning Bid: Back to white-knuckle ride in the markets,2025-04-11
Seeing red again: Stocks plummet after White House says China tariffs are actually 145%,2025-04-11
The bond market is acting weird. It spooked Trump,2025-04-11
Watch These Microchip Technology Levels Amid Big Swings in Stock Price,2025-04-11
"Stocks, dollar pummelled again as trade war roils markets",2025-04-11
"Trump's tariff pause won't stop the stock market from falling, Goldman Sachs says",2025-04-11
Retail investors didn't lose faith as stocks crashed — and it paid off big-time,2025-04-11
"Analysts Trim Target Prices for Tesla Stock, Citing Tariffs on Auto Industry",2025-04-11
Q4 Earnings Outperformers: Knight-Swift Transportation (NYSE:KNX) And The Rest Of The Ground Transportation Stocks,2025-04-11
"Mortgage and refinance interest rates today, April 10, 2025: Rates inch closer to 7%",2025-04-11
About The Wall Street Journal Economic Forecasting Survey,2025-04-13
"Trump can pull stocks back from the brink, but bond and currency markets may not be so easily impressed as they rapidly de-dollarize",2025-04-13
The bond market went haywire this week. Here's why that's a warning for the US and Trump.,2025-04-13
"10 days and a $10 trillion market swing: How Trump’s tariffs changed the global economy, and what comes next",2025-04-13
"Jamie Dimon argues JPMorgan can help fix the bond chaos if regulators get on board — ‘It’s not relief to the banks, it’s relief to the markets’",2025-04-13
Bond market moves raise fears of growing bets against America,2025-04-13
Wall Street Is Souring on the S&P 500—Here's Where Forecasters See Stocks Ending the Year,2025-04-13
The tariff uncertainty isn't getting any better in markets: Chart of the Week,2025-04-13
Taiwan extends short-selling curbs after U.S. tariffs bring market turmoil,2025-04-13
What this week’s stock market volatility means for European investors,2025-04-13
"India's TCS says retail, travel clients more exposed to US tariff turmoil",2025-04-13
How a Dutch trading company started the World’s First Stock Exchange,2025-04-13
US stocks remain volatile as bank earnings fail to cheer investors,2025-04-13
Tariff uncertainty muddies — and refocuses — earnings season: Morning Brief,2025-04-13
Q4 Earnings Outperformers: Limbach (NASDAQ:LMB) And The Rest Of The Construction and Maintenance Services Stocks,2025-04-13
BOJ Ueda warns of heightened uncertainty from US tariff policy,2025-04-14
Taiwan tech supply chain stocks bounce back after Trump tariff exemptions,2025-04-14
Dollar Extends Drop to Fresh 2025 Lows as Tariff Saga Rolls On,2025-04-14
"Federal Reserve Prepared To Intervene in Financial Markets if Liquidity Issues Arise, Says Boston Fed President",2025-04-14
Japan's Nikkei rises as iPhone-related stocks jump,2025-04-14
Wall St futures make cautious gains as tariffs change,2025-04-14
Dow futures climb as stocks point higher after Trump issues temporary tariff exemptions on key tech imports,2025-04-14
US stock futures rise amid temporary tariff exemptions for tech products,2025-04-14
These market veterans still think America is the best place to put your money — ‘Tech Trumps Tariffs even if Mickey Mouse or a clown were to run the US!’,2025-04-14
"Stock market today: Dow, S&P 500, Nasdaq futures rise as tech gets a temporary tariff reprieve",2025-04-14
Trump team tries to project confidence and calm after his tariff moves rattled markets,2025-04-14
Why a top strategist is sticking with his call for stocks to surge 22% even as the trade war roils markets,2025-04-14
These unusual market moves show trust in the dollar may be breaking,2025-04-14
"Just to break even after the recent selloff, stocks will need to have the sort of rally that only happens during bull markets",2025-04-14
Market chaos signals 'sell America' trade as Trump tariff whipsaw threatens to upend the US economy's soft landing,2025-04-14
Corporate earnings take center stage amid tariff turmoil: What to know this week,2025-04-14
Trump tariff era means you may have to wave goodbye to earnings guidance,2025-04-14
Bitcoin Hovers at $85K as Fed’s Waller Suggests 'Bad News' Rate Cuts if Tariffs Resume,2025-04-15
Trump's tariff rollback is good news for tech and crypto sector in short-term,2025-04-15
"Market, Data Suggests Favorable Outlook for Bitcoin — CoinDesk Indices",2025-04-15
"Applied Digital (NASDAQ:APLD) Reports Sales Below Analyst Estimates In Q1 Earnings, Stock Drops",2025-04-15
Watch These Netflix Stock Price Levels Ahead of  Earnings Report This Week,2025-04-15
US markets: Tech stocks rise higher and investors watch earnings,2025-04-15
Goldman CEO Solomon says prospect of a US recession 'has increased',2025-04-15
The tariff chaos is a golden opportunity for CEOs to give up their bad habit of offering earnings guidance,2025-04-15
Equity Markets Rise as Traders Track Tariff Updates; Yields Slump,2025-04-15
"Year-Ahead Inflation Expectations Rise, New York Fed Survey Shows",2025-04-15
Equities Rise Intraday as Markets Track Tariff News,2025-04-15
OPEC Cuts Oil Demand Growth Outlook Amid Tariff-Related Uncertainties,2025-04-15
Goldman Sachs First-Quarter Results Top Views; CEO Expects Market Volatility to Persist,2025-04-15
Americans are expecting a tariff-fueled price surge. A new Fed survey says they're right.,2025-04-15
"Stock market today: Dow, S&P 500, Nasdaq rally for 2nd day, Apple jumps on tech tariff reprieve",2025-04-15
Economists continue to revise estimates for Trump's tariff policy. Most possibilities still take us back to the 1910s.,2025-04-15
Auto stocks pop as Trump says he's 'looking at something' to help car companies with tariffs,2025-04-15
Analysts Stay Bullish on Netflix Stock Ahead of Earnings,2025-04-16
BofA's Moynihan says 'we potentially face a changing economy' after stock traders post record haul,2025-04-16
One measure suggests the stock market has bottomed based on roadmaps from 2008 and 2020,2025-04-16
"Stock market today: Dow, S&P 500, Nasdaq futures fall as Nvidia reveals costly limits on China exports",2025-04-16
US Treasury secretary: no risk of China weaponizing Treasuries despite bond market volatility,2025-04-16
'I'm not trying to be a hero': How 'Big Short' investor Steve Eisman is playing the market as tariffs bite,2025-04-16
Analysis: A stocks rout became a bonds rout. Is private credit next?,2025-04-16
Trade war woes: Boeing stock sinks after China reportedly blocks plane deliveries,2025-04-16
United Airlines Stock Jumps as Revenue Hits Record High,2025-04-16
S&P 500 Gains and Losses Today: Netflix Shares Surge as Report Reveals Ambitious Goals,2025-04-16
Treasury Secretary Scott Bessent to Yahoo Finance: China hasn't weaponized Treasurys despite bond market volatility,2025-04-16
"United Airlines (NASDAQ:UAL) Exceeds Q1 Expectations, Stock Soars",2025-04-16
Stocks Halt Rally Amid Lingering Trade-War Risks: Markets Wrap,2025-04-16
"Stock market today: Dow, S&P 500, Nasdaq drift lower as tariff chaos pauses for a day",2025-04-16
Choppy markets show investors gulping down developments on tariffs and the sluggish U.S. dollar,2025-04-16
Custodia CEO says Bitcoin is decoupling from Nasdaq,2025-04-16
8 money market accounts with interest rates of 4% APY and higher (updated weekly),2025-04-16
Treasury Secretary Scott Bessent to Yahoo Finance: Not all tariff deals will be done in 90 days,2025-04-16
"Despite quarterly loss and battered stock, Triumph Financial stays aggressive",2025-04-17
Tariff-wounded stocks find no balm with Powell remarks,2025-04-17
"Trump's trade war ripples through the business world, hits stocks again",2025-04-17
Hertz Stock Soars as Billionaire Bill Ackman's Pershing Square Discloses Stake,2025-04-17
'I don't know how you couldn't be embarrassed': Wall Street is rethinking its  Trump bet,2025-04-17
Traders Expect a Big Netflix Stock Move After Earnings—Here’s How Much,2025-04-17
S&P 500 Gains and Losses Today: Chip Stocks Drop as Top Firms Cite Export Restriction Effects,2025-04-17
Stocks resume sell-off as tariff costs hit tech and Powell delivers starkest warning yet on Trump's trade war,2025-04-17
Stocks slide deeper into the red after Fed chair’s ‘stagflation’ warning reignites tariff fears,2025-04-17
"Bloom Energy, Rogers, 3D Systems, Moderna, and EchoStar Stocks Trade Down, What You Need To Know",2025-04-17
Stocks slide as Powell warns of impact of tariffs on the economy,2025-04-17
Fed's Schmid says patience needed to see how tariffs play out,2025-04-17
"Stock market today: Dow, S&P 500, Nasdaq futures waver with tariff concerns back in focus",2025-04-17
Netflix earnings: Wall Street high on stock as 'defensive choice' while Big Tech reels from Trump's tariffs,2025-04-17
"Abbott Labs Stock Jumps on Strong Earnings, With $500M Investment in US Facilities",2025-04-17
"Steel, Aluminum Makers’ Earnings to Shed Light on Trump Tariff Impact",2025-04-17
Worried about defaulting on credit card debt if another recession hits? Look into a credit card hardship program.,2025-04-17
Nasdaq Tumbles 3.1% as Nvidia Drives Tech Sell-Off; Markets Assess Fed Chair Remarks,2025-04-17
Bill Ackman Makes Big Bet on Hertz Becoming Tariff Winner,2025-04-18
"Japan's core inflation accelerates, complicating BOJ's rate path",2025-04-18
Five takeaways from the State of Freight: a market at the precipice,2025-04-18
UnitedHealth Loses $120 Billion in Value on Stock's Worst Day Since 1998,2025-04-18
"S&P 500 Gains and Losses Today: UnitedHealth Stock Drops After Earnings Miss, Guidance Cut",2025-04-18
Netflix Stock Climbs as Profits Exceed Expectations,2025-04-18
This monthly report may be key to navigating the stock market right now,2025-04-18
The Post-Covid Era of Ultra-Calm Markets Is Over,2025-04-18
Stocks Rebound Fizzles as Trump Goes on Offensive: Markets Wrap,2025-04-18
"Netflix stock rises after earnings, outlook top Wall Street forecasts",2025-04-18
"Beneath Market’s Uneasy Calm, Dread Runs Deep Across Wall Street",2025-04-18
Stocks close out choppy day after Trump calls for ousting Fed Chair Powell,2025-04-18
Netflix Stock Extends Recent Climb Ahead of Earnings Release,2025-04-18
American Express CEO: April's stock market volatility hasn't sent customers into their bunkers,2025-04-18
"Dow, Nasdaq Fall For Third Straight Day as Markets Log Weekly Losses",2025-04-18
UnitedHealth Sell-Off Drags Dow Lower Intraday; Markets Weigh Trump's Remarks,2025-04-18
"Mid-Atlantic Manufacturing Activity Unexpectedly Turns Negative, Philadelphia Fed Says",2025-04-18
Charles Schwab First-Quarter Results Beat Estimates as Market Volatility Boosts Trading Activity,2025-04-18
Mortgage rates climb to highest level in two months as Trump’s tariffs continue to rock markets,2025-04-18
"Mortgage and refinance interest rates today, April 17, 2025: Rates spike, but a rate lock is still a good idea",2025-04-18
Busy US earnings week confronts market grappling with tariff fallout,2025-04-19
Q4 Earnings Outperformers: Columbus McKinnon (NASDAQ:CMCO) And The Rest Of The General Industrial Machinery Stocks,2025-04-19
Crypto Daybook Americas: Trump’s Fed Outburst Fails to Jolt Bitcoin,2025-04-19
Q4 Earnings Review: Finance and HR Software Stocks Led by Workday (NASDAQ:WDAY),2025-04-19
Netflix is charging ahead as one of the stock market's favorite recession plays,2025-04-19
One big reason US stock market exceptionalism is here to stay,2025-04-19
"Trump tariffs have the US at risk of a stagflationary recession it will be ill-equipped to fight, economist says",2025-04-19
UBS says these 5 consumer-staple stocks are built to weather the uncertain economic storm right now,2025-04-19
"Mortgage and refinance interest rates today, April 18, 2025: Rates are actually lower than last year",2025-04-19
"Mortgage rates shoot up in response to market volatility, latest Freddie Mac data shows",2025-04-19
Q4 Earnings Highlights: Newmark (NASDAQ:NMRK) Vs The Rest Of The Real Estate Services Stocks,2025-04-19
The housing market was showing signs of thawing. Trump's trade war has thrown a wrench in.,2025-04-19
Tariff tensions shake builder confidence during critical spring housing season,2025-04-19
"Boeing jet returns to US from China, a victim of Trump’s tariff war",2025-04-20
Fed's Goolsbee hopes US not moving to where monetary independence is questioned - CBS 'Face the Nation',2025-04-20
Why the latest stock market pullback feels right,2025-04-20
"Tesla, Alphabet highlight earnings rush as tariff fallout drives markets: What to know this week",2025-04-20
"Fidelity, Goldman Find Tariff Haven in Asian Consumer Stocks",2025-04-20
Southeast Asia’s Muslim market comes of age—and authenticity is in,2025-04-20
"Why you shouldn't freak out about the stock market's recent 'death cross,' according to one strategist",2025-04-20
Chinese exporters seek new markets to offset US tariff impact amid trade war,2025-04-20
The stock market may not have fully priced in a recession: Chart of the Week,2025-04-20
Billionaire David Einhorn's hedge fund crushed the market last quarter by investing in gold,2025-04-20
"Trump tariffs could finally turn Bitcoin into an inflation hedge, Messari analyst says",2025-04-20
Metaplanet Acquires 330 BTC Amid Ongoing Crypto Market Instability,2025-04-21
US Stock Futures and Dollar Sink on Powell Threats: Markets Wrap,2025-04-21
"BOJ likely to keep rate-hike signal intact despite Trump tariff risks, sources say",2025-04-21
Markets this week: Global manufacturing PMIs and Tesla earnings in focus,2025-04-21
Asian markets advance ahead of earnings reports by US tech giants,2025-04-21
Global Stocks Fall as China Warns Trading Partners,2025-04-21
US stock futures fall as Trump escalates attacks on Fed Chair Powell,2025-04-21
Global markets: Investors continue to flee the U.S. as analysts predict tariff-induced recession,2025-04-21
Netflix stock rises as rosy outlook calms investors' nerves amid tariff fears,2025-04-21
2 Reasons RSI is Risky and 1 Stock to Buy Instead,2025-04-21
3 Reasons to Avoid LOCO and 1 Stock to Buy Instead,2025-04-21
3 Reasons to Avoid DIN and 1 Stock to Buy Instead,2025-04-21
3 Reasons SGI is Risky and 1 Stock to Buy Instead,2025-04-21
Trane Technologies (TT): 3 Reasons We Love This Stock,2025-04-21
3 Reasons to Sell GH and 1 Stock to Buy Instead,2025-04-21
Oil falls on signs of progress in U.S.-Iran talks amid more market stress,2025-04-21
Watch These Tesla Price Levels as Stock Slides Ahead of Earnings Report,2025-04-22
Trump's Criticism of Powell Is Shaking Markets' Faith In Fed's Independence,2025-04-22
S&P 500 Gains and Losses Today: Index Falls as Trump Derides Powell's Interest Rate Policy,2025-04-22
U.S. Stocks Are Off to Their Worst Start to a Presidency in a Century,2025-04-22
Trump keeps finding new ways to terrify Wall Street,2025-04-22
"Stocks, Bonds Sink in Broad Retreat From US Assets: Markets Wrap",2025-04-22
Medpace (NASDAQ:MEDP) Beats Expectations in Strong Q1 But Stock Drops,2025-04-22
"Uber Stock Slides as FTC Sues, Alleging 'Deceptive' Uber One Practices",2025-04-22
Trump’s Powell threats sink stocks in rocky start to trading week,2025-04-22
Stocks tumble and dollar hits three-year low as Trump bashes Powell again,2025-04-22
Dow closes down 970 points after Trump criticism of Powell rattles investors,2025-04-22
"Oil prices climb on short-covering, but tariff concerns linger",2025-04-22
Here are the biggest S&P 500 winners in 2025 as stocks get pummeled by the trade war,2025-04-22
Dollar wallows near 3-year low as Trump's attacks on Fed chief unnerve traders,2025-04-22
"Asian Stocks Dip After US Selloff, Dollar Edges Up: Markets Wrap",2025-04-22
"Political interference with the Fed would mean worse inflation and higher unemployment, top official says",2025-04-22
Trump Says There Is 'Virtually No Inflation.' Here's What You Need to Know,2025-04-22
"Stock market today: Dow, S&P 500, Nasdaq futures hold steady after Trump escalates tensions with Fed",2025-04-22
Tesla misses on Q1 results but stock jumps after Musk says time at DOGE will drop 'significantly',2025-04-23
Wall Street's big voices are weighing in on Trump's feud with Powell — and most aren't happy,2025-04-23
Trump says he has no plans to fire Fed's Powell; market jumps,2025-04-23
S&P 500 Gains and Losses Today: Equifax Stock Jumps as Earnings Show Resilience,2025-04-23
"Trading Day: Stocks rebound, no new Powell-bashing or trade tirades from Trump",2025-04-23
US Stocks Rebound as Traders Regain Risk Appetite: Markets Wrap,2025-04-23
Packaging Corporation of America (NYSE:PKG) Surprises With Q1 Sales But Stock Drops,2025-04-23
Intuitive Surgical (NASDAQ:ISRG) Surprises With Strong Q1 But Stock Drops,2025-04-23
"Wall Street ends higher on earnings, hopes of easing tariff tensions",2025-04-23
"Manhattan Associates (NASDAQ:MANH) Exceeds Q1 Expectations, Stock Soars",2025-04-23
"Pegasystems (NASDAQ:PEGA) Reports Upbeat Q1, Stock Jumps 22.8%",2025-04-23
"Stocks, dollar rebound in Asia as Trump steps back",2025-04-23
"Japan's factory activity shrinks on tariff woes, services perk up, PMI shows",2025-04-23
3 clues about what's next for the S&P 500 after weeks of tariff-fueled selling,2025-04-23
"Stock market today: Dow, S&P 500, Nasdaq futures jump as Trump says he has 'no intention' of firing Powell",2025-04-23
"US will aim for UK to cut its automotive tariff to 2.5% from 10%, WSJ reports",2025-04-23
Here's Where Traders Bet Tesla Stock Is Headed After Reporting Earnings Tuesday,2025-04-23
Tesla Stock Rises With Earnings On Deck After the Closing Bell Tuesday,2025-04-23
Big tech kicks off earnings as Trump drama and market jitters continue,2025-04-23
Bitcoin Tops $93K as Trump's U.S-China Tariff Optimism Fuels Crypto Rally,2025-04-23
Stock Rally Loses Steam After Mixed Tariff News: Markets Wrap,2025-04-24
Wall Street rally falters as Trump sends mixed tariff signals,2025-04-24
German finance minister: agreement with US is still preferred option in tariff row,2025-04-24
Singapore's high-yield stocks gain from tariff-induced flight to safety,2025-04-24
Stocks are rallying as Trump pivots from the 2 biggest things dragging down markets,2025-04-24
UAL Q1 Earnings Call: Brand Loyalty and Capacity Adjustments Drive Outperformance in Uncertain Market,2025-04-24
A 'bear killer': The stock market's fear gauge is flashing signs of major stock gains ahead,2025-04-24
"Watch These ServiceNow Price Levels as Stock Pops on Strong Earnings, Outlook",2025-04-24
Relief rally fizzles out as markets take stock of Trump's U-turns,2025-04-24
JPMorgan tapped 118 new managing directors in global banking and markets. See the full list of names.,2025-04-24
"Stock market today: Dow, S&P 500, Nasdaq futures slip as Wall Street pins hopes on trade deals",2025-04-24
This data center firm just gave fresh hope for the AI trade — and its stock is soaring,2025-04-24
A bunch of Wall Street analysts just cut their stock-price targets for Tesla after earnings,2025-04-24
"Penumbra’s (NYSE:PEN) Q1 Sales Beat Estimates, Stock Soars",2025-04-24
"Hyundai Motor launches tariff task force, reaffirms annual earnings target",2025-04-24
"BMI Q1 Earnings Call: Margin Expansion Driven by Mix, Tariff Uncertainty Remains",2025-04-24
"Texas Instruments Stock Climbs on Better-Than-Expected Earnings, Outlook",2025-04-24
Wall Street's 'strongest signal yet': Bitcoin ETFs haul in nearly $1 billion,2025-04-24
5 ways to tariff-proof your finances,2025-04-24
What happens to credit card welcome offers and bonuses in a recession?,2025-04-24
"Serbia's Prince Filip Predicts Bitcoin Price Surge, Warns of Market Suppression Before Major Rally",2025-04-25
"Fed Joins OCC, FDIC in Withdrawing Crypto Warnings for U.S. Banks",2025-04-25
Another Bitcoin Treasury Is Coming To Wall Street,2025-04-25
"Japan's Nomura posts record annual profit and can ride choppy market, says CFO",2025-04-25
Asian shares soar after Wall Street rallies into a 3rd day,2025-04-25
Watch These Intel Price Levels as Chipmaker's Stock Tumbles on Soft Outlook,2025-04-25
"Stocks, dollar eye weekly rise on hints of tariff relief",2025-04-25
'An $800 billion tax increase': Tariffs have derailed the S&P 500 forecast of one of Wall Street's top bulls,2025-04-25
"Automakers focus on the global market, chide the US over tariffs at Shanghai's auto show",2025-04-25
The market keeps proving itself as the biggest foil for Trump and Musk,2025-04-25
"Stock market today: Dow jumps, Nasdaq surges as Wall Street rallies on easing trade tensions",2025-04-25
‘There are no quick fixes’: Intel’s CEO gives Wall Street a reality check about the chipmaker’s would-be turnaround,2025-04-25
"Google wows Wall Street with strong Q1, but deflects questions about its business since Trump’s tariffs",2025-04-25
There's an ultra-rare bullish signal on the verge of flashing in the stock market,2025-04-25
"Alphabet's Q1 earnings shattered analyst expectations, sending the stock soaring. Google's CEO credits its AI efforts.",2025-04-25
GD Q1 Earnings Call: Aerospace Growth and Tariff Uncertainty Shape Outlook,2025-04-25
"T Q1 Earnings Call: Fiber Expansion, Converged Strategy, and Tariff Risks Highlight Outlook",2025-04-25
Trading Day: Stocks rally for third day as earnings optimism trumps tariffs confusion,2025-04-25
S&P 500 Gains and Losses Today: ServiceNow Stock Soars as AI Demand Drives Earnings,2025-04-25
Stocks Rise For Third Straight Day in Tech-Led Rally,2025-04-25
BofA says the latest stock rally will be short-lived — and 3 things need to happen for gains to continue,2025-04-26
5 stock-market signals that suggest the tariff-induced sell-off is over,2025-04-26
"World Bank chief economist sounds alarm on emerging market debt issues, urges liberalization",2025-04-26
Intel drops 10% as looming tariff impacts overshadow strong earnings results,2025-04-26
S&P 500 Gains and Losses Today: Charter Communications Soars as Subscriber Growth Impresses,2025-04-26
Nintendo stock surges to record high after Switch 2 pre-orders sell out,2025-04-26
Wall Street ends week on muted note amid ongoing trade questions,2025-04-26
Electronic Arts Stock Works Its Way Back From January's Tumble,2025-04-26
Data-Crunching Wall Street Skeptics Sit Out the Turnaround Trade,2025-04-26
Why Tesla Stock Just Had Its Best Week Since November,2025-04-26
Markets notch small gains as tech stocks rise and Trump delivers mixed signals on tariffs,2025-04-26
"Tesla stock surges 9.8%, clinches 18% weekly gain after DoT unveils new self-driving car rules",2025-04-26
"Stock market today: Tesla surges 9%, S&P 500 gains for 4th-straight day in longest win streak since January",2025-04-26
Watch These Alphabet Price Levels as Stock Rises After Strong Earnings Report,2025-04-26
"Big tech earnings, US jobs data highlight busy week for markets",2025-04-26
Tesla stock has spiked 20% since Musk said he's stepping back from DOGE,2025-04-26
Tariff uncertainty creeps into tech earnings,2025-04-26
"Saia (NASDAQ:SAIA) Reports Sales Below Analyst Estimates In Q1 Earnings, Stock Drops 10.8%",2025-04-26
"Wall Street ends with weekly gains as trade negotiations, earnings in focus",2025-04-26
A Look Back at Gaming Solutions Stocks’ Q4 Earnings: Accel Entertainment (NYSE:ACEL) Vs The Rest Of The Pack,2025-04-26
1 Profitable Stock Worth Your Attention and 2 to Question,2025-04-27
2 Cash-Producing Stocks with Exciting Potential and 1 to Question,2025-04-27
3 Cash-Producing Stocks Walking a Fine Line,2025-04-27
3 Cash-Burning Stocks in Dangerous Territory,2025-04-27
1 Semiconductor Stock to Consider Right Now and 2 to Turn Down,2025-04-27
3 Profitable Stocks in the Doghouse,2025-04-27
3 Industrials Stocks Showing Warning Signs,2025-04-27
1 of Wall Street’s Favorite Stock to Target This Week and 2 to Avoid,2025-04-27
3 Profitable Stocks with Competitive Advantages,2025-04-27
1 Industrials Stock to Own for Decades and 2 to Be Wary Of,2025-04-27
3 Value Stocks That Concern Us,2025-04-27
"April jobs report, Big Tech earnings in focus amid stock market recovery: What to know this week",2025-04-27
What Analysts Think of Microsoft Stock Ahead of Earnings,2025-04-27
Treasury market’s ‘new world order’ brings fear of the long bond,2025-04-27
1 Profitable Stock with Exciting Potential and 2 to Ignore,2025-04-27
3 Cash-Producing Stocks with Questionable Fundamentals,2025-04-27
1 Industrials Stock to Target This Week and 2 to Brush Off,2025-04-27
"US Stock Futures Drop, Asia Starts Week Cautiously: Markets Wrap",2025-04-28
"Morning Bid: Markets long for more signal, less noise on trade",2025-04-28
Watch These Apple Stock Price Levels Ahead of This Week's Earnings Report,2025-04-28
"Asia stocks inch up, dollar wary amid US trade confusion",2025-04-28
Australian stock exchange orders review of M&A rules after James Hardie backlash,2025-04-28
"Stock market today: S&P 500, Dow, Nasdaq futures slip ahead of huge week of Big Tech earnings, economic data",2025-04-28
Treasury Market’s ‘New World Order’ Brings Fear of the Long Bond,2025-04-28
3 Profitable Stocks Facing Headwinds,2025-04-28
"Bitcoin Treasury Firms Positioning for $200 Trillion Market as Hyperbitcoinization Gains Momentum, Says Adam Back",2025-04-28
Chart of the Week: Tariff Carnage Starting to Fulfill Bitcoin's 'Store of Value' Promise,2025-04-28
"Stocks Rise for Fourth Straight Day, Notch Weekly Gains",2025-04-28
Equities Mostly Rise Intraday as Trump Says US Close to Tariff Deal With Japan,2025-04-28
Consumer Sentiment Declines as Tariff Fears Push Inflation Outlook to Highest Since 1981,2025-04-28
A Trump-induced interest rate cut won’t actually lower mortgage rates,2025-04-28
"Mortgage and refinance interest rates today, April 25, 2025: Rates drop 36 basis points in a year",2025-04-28
When will mortgage interest rates go down to 4%?,2025-04-28
3 ways Trump is answering (or dodging) questions on his historically bad 100-day stock market,2025-04-29
"Stocks Climb With Earnings, Economic Data in Focus: Markets Wrap",2025-04-29
European markets rise as Trump prepares tariff reduction on auto parts,2025-04-29
"A steep plunge in the dollar is a reason to stay bullish on stocks, Morgan Stanley's CIO says",2025-04-29
"Beijing will not engage in market dumping, China's ambassador to India says",2025-04-29
Longest foreign buying spree in nearly two years powers Indian markets,2025-04-29
Watch These Nvidia Price Levels as Stock Slips on News of Chinese Rival's AI Chip,2025-04-29
"Stocks drift, dollar steadies on US auto tariffs relief",2025-04-29
"Tech earnings, GDP, jobs report: This week is going to be huge for the stock market",2025-04-29
"Wall Street banks sell final portion of Elon Musk's X debt, source says",2025-04-29
"Stock market today: Dow, S&P 500, Nasdaq futures slip as tariff uncertainty hangs over earnings season",2025-04-29
Stocks Rise in Final Hour of Wall Street Trading: Markets Wrap,2025-04-29
How to recession-proof your house as a homeowner,2025-04-29
Starbucks earnings preview: Tariff uncertainty could overshadow new CEO Brian Niccol's turnaround plan,2025-04-29
"Stock market today: Dow, S&P 500 erase slide to rise for 5th straight day in lead up to Big Tech earnings",2025-04-29
Spotify set to report earnings as Wall Street praises 'defensive' subscription model,2025-04-29
Apple to report second quarter earnings as tariff uncertainty clouds Big Tech outlook,2025-04-29
Healthcare stocks: No longer a safe space for investors?,2025-04-29
Here are the countries betting markets think are most likely to strike a trade deal with the US by July,2025-05-01
"Stocks make comeback, close in the green after early losses",2025-05-01
Deepwater Market Outlook Improves with Noble Corp Report,2025-05-01
"Sleep Number (NASDAQ:SNBR) Misses Q1 Revenue Estimates, Stock Drops",2025-05-01
"Rush Street Interactive (NYSE:RSI) Exceeds Q1 Expectations, Stock Soars",2025-05-01
"CONMED’s (NYSE:CNMD) Q1 Sales Beat Estimates, Stock Soars",2025-05-01
"Tandem Diabetes (NASDAQ:TNDM) Posts Better-Than-Expected Sales In Q1, Stock Soars",2025-05-01
"TTM Technologies (NASDAQ:TTMI) Reports Strong Q1, Stock Jumps 16.2%",2025-05-01
"Gold will keep setting records with a recession more likely than people think, Goldman says",2025-05-01
"US Has Reached Out to China to Initiate Tariff Talks, CCTV Says",2025-05-01
What time does the stock market open?,2025-05-01
Confidence among UK company bosses rises after Trump tariff reversal,2025-05-01
3 reasons market pros see more pain coming for the stock market,2025-05-01
"Stock market today: Dow, S&P 500, Nasdaq futures rise as Microsoft, Meta earnings reassure weary Wall Street",2025-05-01
S&P 500 Gains and Losses Today: Seagate Technology Stock Jumps as Earnings Underscore Storage Demand,2025-05-01
"Meta Stock Rallies as Earnings Top Estimates, Meta AI Hits User Milestone",2025-05-01
"Meta's first quarter earnings, revenue beat Wall Street's expectations",2025-05-01
Microsoft Stock Pops as Cloud and AI Strength Drives Earnings Growth,2025-05-01
"Pilgrim's Pride (NASDAQ:PPC) Reports Sales Below Analyst Estimates In Q1 Earnings, Stock Drops",2025-05-01
Qualcomm Declines After Tepid Forecast Renews Tariff Concerns,2025-05-01
"Trump says US in transition period, downplays impact of short-term recession",2025-05-03
Trump just said there's 'no inflation' in the US. But it's still higher than what the Fed wants.,2025-05-03
Warren Buffett's favorite stock market indicator says it's time to buy,2025-05-03
Footwear brands including Nike and Adidas ask Trump for tariff exemption,2025-05-03
"Federal Reserve reviewing confidential ratings for US big banks, WSJ reports",2025-05-03
Strong Earnings Helped Tech Stocks Shake Off Tariff Worries to Log an Upbeat Week,2025-05-03
S&P 500 Gains and Losses Today: Index Climbs as Strong Jobs Report Alleviates Economic Concerns,2025-05-03
US Treasuries Slide as Solid Jobs Market Gives Fed Room on Rates,2025-05-03
"In Wall Street’s Epic Comeback, Unsolved Market Mysteries Abound",2025-05-03
Stocks climb back to ‘Liberation Day’ levels after surprise jobs report,2025-05-03
S&P 500 posts longest winning streak in 20 years as Trump and China show some willingness to bend on trade,2025-05-03
"Stock market today: S&P 500 wipes out Trump tariff losses, marks longest winning streak in 20 years as trade war cools",2025-05-03
Why Terex (TEX) Stock Is Trading Up Today,2025-05-03
Why GoDaddy (GDDY) Stock Is Falling Today,2025-05-03
Why Workiva (WK) Stock Is Nosediving,2025-05-03
Apple has tariff problems its Big Tech peers do not,2025-05-03
"Shell Stock Climbs on Strong Earnings, $3.5B Buyback Boost",2025-05-03
"Terex (NYSE:TEX) Reports Sales Below Analyst Estimates In Q1 Earnings, But Stock Soars 5.8%",2025-05-03
"DuPont beats earnings estimates, warns of tariff hit",2025-05-03
IBM CEO makes play for AI market and more US investment,2025-05-06
Elite colleges are rushing to the bond market as Trump's funding fight heats up,2025-05-06
Watch These Palantir Price Levels as Stock Plunges After Earnings Match Expectations,2025-05-06
"Stocks drift, dollar steadies as focus turns to Asian currencies",2025-05-06
Berkshire Hathaway stock is dropping as traders react to Warren Buffett's plan to step down,2025-05-06
"Stock market today: Dow, S&P 500, Nasdaq futures slip as tariff worries resurface ahead of Fed meeting",2025-05-06
Warren Buffett is warning investors against piling into a traditionally safe area of the stock market,2025-05-06
Palantir Sales Forecast Falls Short of Wall Street’s Hopes,2025-05-06
Why first-time stock market investors should learn the 'power of patterns',2025-05-06
Netflix and other media stocks tumble on Trump's pledge to hit foreign films with 100% tariff,2025-05-06
S&P 500 Gains & Losses Today: Index Snaps Winning Streak Ahead of Fed Meeting,2025-05-06
"Dollar Snaps Two-Day Decline, Stock Futures Dip: Markets Wrap",2025-05-06
Ford and Snap join a rising number of companies lowering or ditching guidance amid tariff chaos. Here's the list.,2025-05-06
Andrew Bailey to cast verdict on Trump’s trade war with interest rate decision,2025-05-06
"AAPL Q1 Earnings Call: Growth Across Core Products, AI Integration, and Tariff Risks",2025-05-06
Leading House Dem Will Block Crypto Market Structure Bill Hearing,2025-05-06
U.S. Crypto Market Structure Bill Unveiled by House Lawmakers,2025-05-06
The Fed’s dot plot explained: What it means and why it’s important,2025-05-06
When does the next Fed meeting take place?,2025-05-06
Trump is desperate for a boost from the Fed. Here are 2 reasons the bank's hands may be tied.,2025-05-07
Palantir stock dives 15% after solid earnings fail to impress investors,2025-05-07
"Stock market today: Dow, S&P 500, Nasdaq futures rise as US announces trade talks with China",2025-05-07
Supermicro Stock Drops as Server Maker Lowers Its Revenue Outlook,2025-05-07
"Bitcoin Mining Rig Maker Canaan Could Have 5X Upside, Says Wall Street Analyst",2025-05-07
"Higher OPEC+ output, tariff uncertainty raising oil price volatility, EIA says",2025-05-07
Do mortgage rates go down in a recession?,2025-05-07
"Mortgage and refinance interest rates today, May 6, 2025: Rates inch up before Fed meeting",2025-05-07
The 12 housing markets where mortgage payments are seeing the steepest declines,2025-05-07
Buffett explains why he prefers to invest in stocks instead of real estate,2025-05-07
"Recession-proof your money: How to protect your savings, investments, mortgage, and more",2025-05-07
"Equities Dip as Markets Assess Trade Deficit Report, Trump's Remarks",2025-05-07
UK closes in on US trade pact with lower tariff quotas for cars and steel,2025-05-07
"Walmart Well-Positioned to Offset Potential Tariff Impact, RBC Says",2025-05-07
Stocks Fall Pre-Bell Ahead of Latest Federal Reserve Policy Meeting,2025-05-07
Why Citi's head of wealth isn't sold on the stock market rally,2025-05-07
"AMD posts better-than-anticipated Q1 earnings, stock jumps on strong Q2 outlook",2025-05-07
"Stock market today: Dow, S&P 500, Nasdaq slide ahead of Fed decision as tariff fears return",2025-05-07
Q1 Earnings Highs And Lows: Packaging Corporation of America (NYSE:PKG) Vs The Rest Of The Industrial Packaging Stocks,2025-05-08
"Q1 Earnings Highs And Lows: AdaptHealth (NASDAQ:AHCO) Vs The Rest Of The Senior Health, Home Health & Hospice Stocks",2025-05-08
Reflecting On Medical Devices & Supplies - Diversified Stocks’ Q1 Earnings: Abbott Laboratories (NYSE:ABT),2025-05-08
"Australia's ANZ flags market realignment from global trade shifts, posts flat earnings",2025-05-08
"GoodRx’s (NASDAQ:GDRX) Q1 Earnings Results: Revenue In Line With Expectations, Stock Jumps 10.3%",2025-05-08
Analysis-Australia's stocks shine as global money seeks US alternatives,2025-05-08
Shipping group Maersk lowers 2025 global container market forecast,2025-05-08
Market recession indicators: dissecting the signal from the noise,2025-05-08
3 Reasons to Avoid SKY and 1 Stock to Buy Instead,2025-05-08
3 Reasons to Sell PCTY and 1 Stock to Buy Instead,2025-05-08
3 Reasons AOS is Risky and 1 Stock to Buy Instead,2025-05-08
3 Reasons SFIX is Risky and 1 Stock to Buy Instead,2025-05-08
3 Reasons TGT is Risky and 1 Stock to Buy Instead,2025-05-08
Gas and Liquid Handling Stocks Q1 In Review: ITT (NYSE:ITT) Vs Peers,2025-05-08
Q1 Earnings Recap: AbbVie (NYSE:ABBV) Tops Therapeutics Stocks,2025-05-08
Q1 Rundown: Ford (NYSE:F) Vs Other Automobile Manufacturing Stocks,2025-05-08
Trump Expected to Unveil US-UK Trade Pact After Tariff Talks,2025-05-08
"Bosch sees 2025 organic sales up 1%-3%, tempered by weak markets",2025-05-08
Utility stocks outperform S&P 500 with 'no signs of recession' in power demand,2025-05-08
The Best Cryptocurrency to Buy During Trump's Tariff Battle,2025-05-08
For Exhausted Stock Market Pros the Choice Is Buy or Stay Home,2025-05-10
The Graduating Class of 2025 is Entering an Uncertain Job Market,2025-05-10
Trump is about to drop a multi-trillion bomb on the stock market,2025-05-10
Why BofA says more trade deals can't keep the stock market rally alive,2025-05-10
"From a recession to the impact of AI, 4 predictions from Wall Street's 'Dr. Doom'",2025-05-10
S&P 500 Gains & Losses Today: Index Pulls Back Early Climb Amid Anticipation of Trade Talks,2025-05-10
Stock markets stagnate as investors wait for Bessent’s trade talks with China,2025-05-10
Stocks tread water as Wall Street awaits key U.S.-China meeting,2025-05-10
"Tesla stock jumps to highest levels since February, notching 3rd straight week of gains",2025-05-10
"Stock market today: Dow, S&P 500, Nasdaq end volatile week lower as Wall Street braces for US-China talks",2025-05-10
"Toast (TOST) Stock Trades Up, Here Is Why",2025-05-10
Why Is JFrog (FROG) Stock Rocketing Higher Today,2025-05-10
"Fed holds steady, Bitcoin climbs and Ethereum rolls out major upgrade",2025-05-10
Stock skyrockets 1100% after Bitcoin treasury merger,2025-05-10
"W Q1 Earnings Call: Wayfair Navigates Tariff Volatility Amid Flat Sales, Margin Improvement",2025-05-10
ICUI Q1 Earnings Call: Product Upgrades and Tariff Headwinds Shape Outlook,2025-05-10
HNST Q1 Earnings Call: Outperformance Driven by Wipes and Margin Initiatives Amid Tariff Uncertainty,2025-05-10
Wall Street Plays Long Game as Deals Go Private,2025-05-11
A midsize city in upstate New York is the country’s toughest housing market this spring,2025-05-11
IIIN Q1 Earnings Call: Shipment Growth and Tariff Changes Drive Outperformance,2025-05-11
US Inflation Starting to Stir as Trump Tariff Threat Looms,2025-05-11
"Most baby boomers can’t afford assisted living and are weighing on the housing market by staying in their homes, ‘Oracle of Wall Street’ says",2025-05-11
"Bitcoin Tops $100,000 Again. Is the Leading Cryptocurrency Entering a New Bull Market Cycle?",2025-05-11
"Pakistani, Indian Stocks Soar as Truce Shifts Focus to Growth",2025-05-12
"Stocks jump, gold tumbles as US and China trade talks progress",2025-05-12
Words Are Enough to Give Markets a Roadmap for US-China Success,2025-05-12
3 Dawdling Stocks That Concern Us,2025-05-12
1 Mooning Industrials Stock That Stand Out and 2 to Avoid,2025-05-12
3 Dawdling Stocks Playing with Fire,2025-05-12
1 Cash-Producing Stock to Target This Week and 2 to Keep Off Your Radar,2025-05-12
1 Large-Cap Stock with Exciting Potential and 2 to Turn Down,2025-05-12
1 Large-Cap Stock That Stand Out and 2 to Question,2025-05-12
1 Momentum  Stock to Consider Right Now and 2 to Turn Down,2025-05-12
3 Unprofitable Stocks Walking a Fine Line,2025-05-12
Japanese foreign equity purchases in April hit 20-year high on global market volatility,2025-05-12
Pharmaceutical Stocks Tumble on Trump Plan to Cut US Drug Prices,2025-05-12
Oil prices jump over 3% on US-China tariff reductions,2025-05-12
"Bitcoin Eyes Record High Above $109K as U.S Reaches Trade Deal with China, Inflation Data Looms",2025-05-12
"First state to potentially remove capital gains tax on Bitcoin, XRP, stocks",2025-05-12
What Wall Street's brightest minds think about the US-China trade deal,2025-05-13
Australia consumer sentiment recovers partially from tariff blow,2025-05-13
"Oil prices ease off 2-week highs after US, China pause tariff war",2025-05-13
Recession forecasts slide in betting markets with US-China trade tensions cooling,2025-05-13
Gold Holds Heavy Loss as Markets Latch Onto US-China Optimism,2025-05-13
Coinbase Global Stock Rises. The Company Is Set to Join the S&P 500,2025-05-13
"Stock market today: Dow, S&P 500, Nasdaq futures trade flat after Wall Street cheers US-China trade truce",2025-05-13
"Dow jumps more than 1,000 points after U.S. and China announce tariff truce",2025-05-13
It's official: US stocks have now recovered all of their historic 'Liberation Day' losses,2025-05-13
Markets are surging after the US and China agree to slash tariffs for 90 days,2025-05-13
Trading Day: Tariff truce a market 'game changer',2025-05-13
Tesla Rides Market Rally Back Into $1 Trillion Club,2025-05-13
It's typically a good time to invest in stocks — as long as you're patient,2025-05-13
How to Think About the Stock Market When Earnings Guidance Becomes Meaningless,2025-05-13
"Quest Resource (NASDAQ:QRHC) Reports Sales Below Analyst Estimates In Q1 Earnings, Stock Drops",2025-05-13
CR Q1 Earnings Call: Aerospace Orders and Pricing Drive Outperformance Amid Tariff Uncertainty,2025-05-13
SSD Q1 Earnings Call: Pricing Actions and Cost Discipline Offset Housing Market Uncertainty,2025-05-13
LEG Q1 Earnings Call: Restructuring Progress and Tariff Impacts Drive Outlook,2025-05-13
NXPI Q1 Earnings Call: Early Cycle Recovery Signals Amid Tariff Uncertainty and Leadership Transition,2025-05-13
Penny Stocks Attempt to Ride Crypto's Coattails,2025-05-13
"WEBTOON (NASDAQ:WBTN) Reports Sales Below Analyst Estimates In Q1 Earnings, Stock Drops",2025-05-14
SWK Q1 Earnings Call: Pricing and Supply Chain Mitigation Address Tariff Headwinds,2025-05-14
"SITE Q1 Earnings Call: Organic Sales Decline Offset by Acquisitions, Tariff Uncertainty Remains",2025-05-14
GNRC Q1 Earnings Call: Home Standby Demand and Tariff Mitigation Shape Outlook,2025-05-14
"Stock market today: Dow, S&P 500, Nasdaq futures hold steady as trade war worries ease",2025-05-14
Watch These Coinbase Levels as Stock Soars on News of S&P 500 Inclusion,2025-05-14
American Eagle Stock Drops After Apparel Retailer Pulls Outlook,2025-05-14
UnitedHealth stock plummets after its CEO abruptly steps aside,2025-05-14
What Wall Street's bright minds think about the US-China trade deal,2025-05-14
Nvidia CEO Compensation Jumps to $50 Million After Stock Surge,2025-05-14
S&P 500 Gains & Losses Today: Index Extends Gains as Tech Stocks Surge,2025-05-14
Stocks just erased all of this year’s losses as investors welcome trade progress,2025-05-14
S&P 500 Climbs Into Positive Territory for the Year as AI Trade Takes Off,2025-05-14
Palantir Stock Closes at Record High as Tariff Optimism Drives Tech Rally,2025-05-14
Nvidia Returns to $3 Trillion Club as Stock Surges on Saudi AI Partnership,2025-05-14
"Shares up slightly, dollar struggles as investors consider tariff truce",2025-05-14
Global cobalt market seen swinging to deficit from surplus in early 2030s,2025-05-14
Dollar steadies with trade talks in frame after sliding on cooler US inflation,2025-05-14
OSIS Q1 Earnings Call: Higher Service Revenues and Backlog Support Guidance Amid Tariff Uncertainty,2025-05-16
NSIT Q1 Earnings Call: Guidance Maintained Despite Weak Services Demand and Tariff Headwinds,2025-05-16
The rally in stocks is losing one of its biggest backstops: dip-buying retail traders,2025-05-16
Dollar tracks Treasury yields lower on benign US data,2025-05-16
Japan's economy shrinks more than expected as US tariff hit looms,2025-05-16
Jamie Dimon says a US recession is still possible even after trade tensions cool,2025-05-16
"Stock market today: Dow, S&P 500, Nasdaq futures trade flat as investors take stock of Trump's remaining tariffs",2025-05-16
Watch These AMD Stock Price Levels as 6-Session Winning Streak Snapped,2025-05-16
Co-founder says eToro IPO is a testament to market recovery as it aims to become a go-to investment app,2025-05-16
Take-Two Interactive Stock Slips After 'GTA 6' Maker's Outlook Comes Up Short,2025-05-16
Doximity Stock Drops 20% After Outlook Disappoints,2025-05-16
S&P 500 Rises as Fed-Cut Bets Sink Treasury Yields: Markets Wrap,2025-05-16
S&P 500 Gains and Losses Today: Fiserv Stock Drops as CFO Warns of Slow Platform Growth,2025-05-16
"AI, Quantum Stocks Are Some of the Most Shorted on Wall Street",2025-05-16
Applied Materials Stock Slides as China Sales Shrink,2025-05-16
MPWR Q1 Earnings Call: Market Diversification and New Design Wins Drive Revenue Beat,2025-05-16
"Berkshire doubles Constellation stake, sells Citigroup and other financial stocks",2025-05-16
BLDR Q1 Earnings Call: Management Lowers Guidance Amid Housing Market Headwinds,2025-05-16
Buyers Are Racing To Stock Up on Key Metals Before Tariff Deadline,2025-05-17
S&P 500 Gains & Losses Today: Index Notches 5-Day Win Streak Despite Consumer Sentiment Slide,2025-05-17
Trading Day: Market elation trumps brewing stagflation,2025-05-17
Tesla Stock Rises for Fourth Week in a Row,2025-05-17
Walmart Stock Recovers as Analysts Affirm Their Confidence in the Retailer,2025-05-17
Wall Street Is Down on the Dollar as Trade Unease Lingers,2025-05-17
"Coinbase Boosted by S&P 500 Inclusion Despite Hack, Probe Risks",2025-05-17
Small Cap Stocks Notch Longest Winning Streak Since 2023,2025-05-17
Consumer sentiment plunges to near-record lows—but stock markets remain unfazed,2025-05-17
"Stock market today: S&P 500 notches 5-day win streak, Nasdaq gains 7% for week as Wall Street shakes off trade war worries",2025-05-17
Watch These UnitedHealth Levels as Stock Rebounds After Plunging to 5-Year Low,2025-05-17
TEX Q1 Earnings Call: Environmental Solutions Segment Drives Guidance Amid Tariff Headwinds,2025-05-17
IR Q1 Earnings Call: Management Lowers 2025 Profit Outlook Amid Tariff and Volume Headwinds,2025-05-17
These 4 forces are driving stocks toward a 5-day winning streak this week,2025-05-17
Wall Street Strategists React to Moody’s US Credit Rating Cut,2025-05-17
Crypto Miners Soar on OpenAI-CoreWeave Deal; Galaxy Jumps in Nasdaq Debut,2025-05-17
Mike Novogratz's Galaxy Digital debuts on Nasdaq in bumper week for crypto,2025-05-17
"Coinbase Stock a Buy Opportunity Following Thursday's 'Overdone' Selloff, Oppenheimer Says",2025-05-17
Equities Rise Intraday as Markets Parse Macro Data,2025-05-17
Federal Reserve to slash staff by 10% over several years,2025-05-17
Trump tariff uncertainty still makes earnings estimates and guidance useless,2025-05-19
What Analysts Think of Home Depot and Lowe's Stocks Ahead of Earnings,2025-05-19
Grim Economic Outlook Overtakes Solid Earnings as Tariff Disruptions Surface,2025-05-19
What Analysts Think of Palo Alto Networks Stock Ahead of Earnings,2025-05-19
FRPT Q1 Earnings Call: Freshpet Adjusts Growth Plan Amid Slower Pet Market,2025-05-19
"Mortgage and refinance interest rates today, May 18, 2025: Lower rates are encouraging for home buyers",2025-05-19
"Mortgage and refinance interest rates today, May 17, 2025: It's a good weekend to lock in your rate",2025-05-19
"‘Doubt and hesitation’ are ripping through the housing market: ‘People are starting their home search, then backing out’",2025-05-19
10 US Real Estate Markets To Avoid for Now,2025-05-19
"Mortgage and refinance interest rates today, May 16, 2025: Year-over-year rates have decreased",2025-05-19
Spotting Winners: Redfin (NASDAQ:RDFN) And Real Estate Services Stocks In Q1,2025-05-19
Breaking down the US and Chinese markets’ recoveries,2025-05-19
Novo Nordisk CEO to Step Down Amid Market Challenges,2025-05-19
This 'escape velocity' signal that flashed before the 2024 stock-market rally points to a new bull run,2025-05-20
What top Wall Street banks are saying about the US debt downgrade,2025-05-20
"Stock market today: Dow, S&P 500, Nasdaq futures waver as investors digest concerns trade relief could fade fast",2025-05-20
2 charts show why small-cap stocks are in for a monster decade,2025-05-20
UnitedHealth Stock Rallies From 5-Year Lows as CEO and Other Insiders Scoop Up Shares,2025-05-20
"S&P 500 Gains & Losses Today: Solar Stocks Fall, UnitedHealth Shares Jump",2025-05-20
Reddit Stock Drops as Wells Fargo Warns Google's AI Search Tools Could Hurt Traffic,2025-05-20
"Why the rally in stocks is destined to fizzle out, according to Morgan Stanley's wealth CIO",2025-05-20
"Transcat’s (NASDAQ:TRNS) Q1 Sales Beat Estimates, Stock Soars",2025-05-20
"Investors shrug off Moody's downgrade as stocks, U.S. borrowing costs stay largely flat",2025-05-20
Netflix stock downgraded on valuation concerns despite recent defensive strength,2025-05-20
FBIN Q1 Earnings Call: Tariff Pressures and Demand Uncertainty Weigh on Results,2025-05-20
"MASI Q1 Earnings Call: Revenue Tops Expectations, Focus Shifts to Healthcare Core Amid Tariff Headwinds",2025-05-20
"After rocky week, Coinbase becomes first crypto exchange to join the S&P 500",2025-05-20
Aptos CEO says crypto will power ‘one global market’ for everyone,2025-05-20
"Tokenized stocks, bigger than Bitcoin?",2025-05-20
"S&P 500 Companies' Earnings, Sales Growth Slows, Oppenheimer Data Show",2025-05-20
"Mexico minister says cars shipped to US to face average 15% tariff, not 25%",2025-05-21
"Stock market today: Dow, S&P 500, Nasdaq futures trade flat as tariff troubles linger",2025-05-21
Japanese manufacturers less confident due to Trump tariff action,2025-05-21
Wall Street investors share 3 predictions for what could make or break the stock market's recent rebound,2025-05-21
Watch These Strategy Price Levels as Stock Continues to Surge Alongside Bitcoin,2025-05-21
S&P 500 Gains and Losses Today: FICO Stock Falls as Federal Housing Official Questions Pricing,2025-05-21
"Markets drop amid debt jitters, Tesla climbs on Musk plan to lower political spending",2025-05-21
Elon Musk tells investors Tesla's stock price shows company is in a good place: 'Don't worry about it',2025-05-21
"Stock market today: S&P 500 snaps 6-day win streak; Dow, Nasdaq slide as tariff relief rally fades",2025-05-21
Stock market rally driven by 'unwarranted optimism' as tariff risk looms over $9 trillion rebound,2025-05-21
Why Warby Parker (WRBY) Stock Is Trading Up Today,2025-05-21
"Moody's downgrade ripples through bond market, causes worries for stocks",2025-05-21
"Moderna (MRNA) Stock Trades Up, Here Is Why",2025-05-21
Why Tesla (TSLA) Stock Is Up Today,2025-05-21
Moderna Stock Jumps on New FDA COVID-19 Booster Guidelines,2025-05-21
Wall street veteran says Bitcoin could hit $600K by October,2025-05-21
Ulta Stock Catches Oppenheimer's Eye Ahead of Earnings Release Next Week,2025-05-21
Tariff-Driven Dollar Woes Help Brighten First-Quarter Earnings,2025-05-21
Apple stock sinks after Trump threatens 25% tariffs on iPhone maker,2025-05-23
"Stock market today: Dow, S&P 500, Nasdaq drop as Trump threatens Apple, EU with new tariffs",2025-05-23
"Booz Allen Hamilton Stock Plummets on Weak Outlook, Layoff Announcement",2025-05-23
Ross Stores Stock Tumbles as Retailer Pulls FY Outlook Amid Tariff Uncertainty,2025-05-23
"Nvidia to report Q1 earnings as Middle East deals, export control reprieve boost stock",2025-05-23
"European stocks tumble, bonds rally after Trump proposes 50% EU tariff",2025-05-23
"Booz Allen Hamilton (NYSE:BAH) Misses Q1 Sales Targets, Stock Drops 11%",2025-05-23
The bond market is worrying that ‘something may be breaking beneath the surface’ of Trump’s tax bill,2025-05-23
"Nvidia earnings in focus as rising US yields, debt rattle markets",2025-05-23
Trump makes new tariff threats against Apple and Europe. Investors aren't happy.,2025-05-23
Economists Say Canada Recession Has Already Begun as Trade War Rages On,2025-05-23
US Yields Slide as Trump Tariff Threat Reignites Growth Concerns,2025-05-23
Nuclear Power Stocks Jump on Report of New Trump Support for the Industry,2025-05-23
"Deckers downgraded, Morgan Stanley upgraded: Wall Street's top analyst calls",2025-05-23
Q1 Earnings Outperformers: Genco (NYSE:GNK) And The Rest Of The Marine Transportation Stocks,2025-05-23
Q1 Earnings Highs And Lows: Hilton (NYSE:HLT) Vs The Rest Of The Travel and Vacation Providers Stocks,2025-05-23
Q1 Earnings Outperformers: CAVA (NYSE:CAVA) And The Rest Of The Modern Fast Food Stocks,2025-05-23
Reflecting On Social Networking Stocks’ Q1 Earnings: Reddit (NYSE:RDDT),2025-05-23
"S&P 500 Gains & Losses Today: Deckers Outdoor, Ross Stores Stocks Fall as Firms Withhold Outlooks",2025-05-24
US Steel Stock Soars as Trump OKs Nippon Steel 'Partnership',2025-05-24
"Markets dip after Trump threatens tariffs against Europe and Apple, sinking the iPhone maker’s stock by 3%",2025-05-24
"Stocks, dollar stumble after Trump reignites his trade war",2025-05-24
"Stock market today: Dow, S&P 500, Nasdaq fall as Trump tariff threats roar back, US deficit anxiety deepens",2025-05-24
Solar stocks hit with steep losses as Trump tax bill threatens clean energy industry,2025-05-24
"Visa, Mastercard fees probe widens as EU antitrust regulators look into market power",2025-05-24
"How much would a made-in-USA iPhone cost? A Wall Street analyst says it could be $3,500",2025-05-24
Why SmartRent (SMRT) Stock Is Up Today,2025-05-24
Why Deckers (DECK) Stock Is Down Today,2025-05-24
Unpacking Q1 Earnings: Bally's (NYSE:BALY) In The Context Of Other Casino Operator Stocks,2025-05-24
Q1 Earnings Highlights: Simply Good Foods (NASDAQ:SMPL) Vs The Rest Of The Shelf-Stable Food Stocks,2025-05-24
Here’s how the Supreme Court could weaken American exceptionalism in financial markets,2025-05-26
The bad economic vibes are causing more people to stock up on gold,2025-05-26
'Unsustainable fiscal situation': Wall Street braces for more bond market turmoil as Trump tax bill stirs up deficit concerns,2025-05-26
Elusive Peace Hits Ukraine’s Bonds While Neighbor Markets Surge,2025-05-26
We talked to 2 retail investors who dumped stocks in response to Trump uncertainty. They told us why they have no regrets.,2025-05-26
"Bond-market panic is being overhyped by market 'tourists,' says Morgan Stanley strategist",2025-05-26
A top Wall Street economist says the bond market is signaling a dire scenario for the economy is in sight,2025-05-26
Top investor Bill Smead: 'This is maybe the most dangerous market of my career',2025-05-26
Oil Edges Higher as Trump Extends Tariff Deadline on EU Goods,2025-05-26
Trump says he'll delay a threatened 50% tariff on the European Union until July,2025-05-26
Federal Reserve Chair Jerome Powell says he didn't major in economics because he saw it as 'boring and useless',2025-05-26
"Nvidia earnings, Trump tariff updates, and the Fed's preferred inflation gauge: What to know this week",2025-05-26
"Asian shares mostly lower, trading in a narrow range with US markets closed for Memorial Day",2025-05-27
"Stock market today: Dow, S&P 500, Nasdaq futures leap as EU tariff delay bolsters market optimism",2025-05-27
Stocks Rise on Trump’s Tariff Delay; Dollar Wavers: Markets Wrap,2025-05-27
"U.S. Stock Futures, European Indexes Rise on Trump’s EU Tariff Climbdown",2025-05-27
Apple Stock Is On An 8-Day Losing Streak As Trump Trade Fracas Intensifies—Watch These Levels,2025-05-27
How retail investors won round one of tariff market volatility,2025-05-27
"Mortgage and refinance interest rates today, May 26, 2025: Slight changes as bond market on holiday",2025-05-27
Chinese Auto Stocks Fall on Fears of Fresh Price War,2025-05-27
European stock markets rebound as Trump delays 50% tariffs on the EU to 9 July,2025-05-27
Watch These Nvidia Stock Price Levels Ahead of Earnings Report on Wednesday,2025-05-27
"Asian shares dip, dollar struggles after Trump's tariff backflip",2025-05-27
Q1 Earnings Recap: Regal Rexnord (NYSE:RRX) Tops Engineered Components and Systems Stocks,2025-05-27
2 Software Stocks Worth Your Attention and 1 to Think Twice About,2025-05-27
Oil holds steady; market awaits clarity on OPEC+ next move,2025-05-27
Fed's Williams calls for strong response if inflation deviates from target,2025-05-28
2 reasons BlackRock sees upside ahead for one beaten-down corner of the stock market,2025-05-28
"Japan proposes to buy U.S. chip products in tariff talks, Asahi says",2025-05-28
"Stock market today: Dow, S&P 500, Nasdaq futures hold steady with all eyes on Nvidia earnings",2025-05-28
S&P 500 Gains and Losses Today: Index Rises After Trump Extends EU Tariff Deadline,2025-05-28
AI Stocks Drive Market Rally Ahead of Nvidia Earnings,2025-05-28
Stocks rally after Trump announces pause on EU tariffs,2025-05-28
Analysis-China auto market price war stokes fears of industry shake-out,2025-05-28
New Fortress Energy receives notice from Nasdaq for non-compliance,2025-05-28
"Box (NYSE:BOX) Beats Q1 Sales Targets, Stock Jumps 10.9%",2025-05-28
Okta’s (NASDAQ:OKTA) Q1 Sales Top Estimates But Stock Drops 11%,2025-05-28
Stocks surge upward after Trump delays EU tariffs,2025-05-28
"Stock market today: Dow, S&P 500, Nasdaq soar as Trump pauses EU tariff hikes for fast-tracked talks",2025-05-28
Nuclear Stocks Continue To Climb After Trump's Executive Orders,2025-05-28
Nvidia Stock Climbs Ahead of Earnings,2025-05-28
Here's How Much Traders Expect Nvidia Stock to Move After Earnings,2025-05-28
"Mortgage and refinance interest rates today, May 27, 2025: Mostly unchanged following the holiday weekend",2025-05-28
Housing may soon flash a recession warning as investment cracks under the weight of high rates,2025-05-28
Mortgage rates climb to highest level in more than three months amid bond market unrest,2025-05-28
Here's What 5 Wall Street Analysts Have to Say About Nvidia's Earnings,2025-05-29
"Stock market today: Nvidia earnings boost Nasdaq, S&P 500, Dow retreat on tariff uncertainty",2025-05-29
"CMCO Q1 Earnings Call: Tariff Pressures, Backlog Growth, and Pending Acquisition Shape Outlook",2025-05-29
ELF Q1 Earnings Call: Revenue Misses Expectations as Tariff Uncertainty and Rhode Acquisition Take Center Stage,2025-05-29
These Stocks Are Rising Due to Nvidia's Solid Earnings Report,2025-05-29
Best Buy stock sinks after it cuts guidance due to Trump's tariffs,2025-05-29
"Movado (NYSE:MOV) Reports Sales Below Analyst Estimates In Q1 Earnings, Stock Drops",2025-05-29
"Trump personally told Fed Chair Powell it was a mistake to not lower rates, White House says",2025-05-29
Trump meets with the Federal Reserve chairman he has repeatedly scorned,2025-05-29
Fed's Goolsbee: US trade court ruling may extend tariff uncertainty,2025-05-29
Why Salesforce Stock Is Sinking Thursday After Earnings Topped Estimates,2025-05-29
Boeing Stock Rises as CEO Says Plane Deliveries to China Will Resume Next Month,2025-05-29
Inflation-weary Americans queue for toilet paper and cheap Bordeaux,2025-05-29
Best Buy Cuts Full-Year Outlook Amid Tariff Impact as First-Quarter Sales Trail Estimates,2025-05-29
Burlington Stores Fiscal First-Quarter Earnings Top Views; CEO Confident Tariff Pressures Can be Offset,2025-05-29
Stocks Rise Pre-Bell as US Trade Court Blocks Trump's Tariffs; Investors Parse Nvidia Earnings,2025-05-29
Equities Fall as Fed Meeting Minutes Highlight Worries Around Tariffs,2025-05-29
"Mid-Atlantic Manufacturing Contraction Improves as Expected, Richmond Fed Data Show",2025-05-29
"Analyst warns of market complacency as Bitcoin, XRP trades flat for 7 days straight",2025-05-30
"HELOC rates today, May 30, 2025: Interest rates edge slightly higher",2025-05-30
"Gap's Earnings to be Weighed Down Amid Larger-Than-Expected Tariff Headwinds, UBS Says",2025-05-30
"April Consumer Spending, Annual Core Inflation Ease",2025-05-30
"Stocks Fall Pre-Bell as Investors Track Tariff Developments, Await Key Inflation Report",2025-05-30
Stock market today: S&P 500 marks best May in 30 years as Wall Street bets on tariff relief,2025-05-30
Tesla stock notches weekly gain as Musk bashes New York Times report on way out of Trump White House,2025-05-30
Palantir Is Surging. The Stock Leads Nasdaq Gains So Far This Year as Federal Work Expands,2025-05-30
Watch These Gap Price Levels as Stock Plunges After Retailer Warns of Tariff Hit,2025-05-30
Cooper Stock Sinks as Contact Lens Maker Cuts Full-Year Organic Growth Forecast,2025-05-30
"Transfix CEO: In margin-crunched market, brokers must rethink tech strategy",2025-05-30
"Nvidia, Other Chip Stocks Slide Amid Worries About US-China Trade Tensions",2025-05-30
Why These Wall Street Analysts Are More Bullish on Dell After Mixed Results,2025-05-30
Stocks drop as Trump claims China has ‘violated’ trade agreement and tensions flare,2025-05-30
Why Ulta (ULTA) Stock Is Trading Up Today,2025-05-30
Why Palantir (PLTR) Stock Is Up Today,2025-05-30
Why Marvell Technology (MRVL) Stock Is Trading Lower Today,2025-05-30
"JPMorgan CEO Dimon backs US taxing carried interest, warns of bond market trouble",2025-05-30
"Soaring U.S. debt doesn’t just put America at risk. It could trigger contagion across global markets, IIF warns",2025-06-01
"AI is upending the job market, even at AI companies",2025-06-01
"Shoe Carnival (NASDAQ:SCVL) Reports Sales Below Analyst Estimates In Q1 Earnings, But Stock Soars 11.2%",2025-06-01
Q1 Earnings Highlights: Tetra Tech (NASDAQ:TTEK) Vs The Rest Of The Industrial & Environmental Services Stocks,2025-06-01
Q1 Earnings Highs And Lows: UnitedHealth (NYSE:UNH) Vs The Rest Of The Health Insurance Providers Stocks,2025-06-01
Q1 Earnings Review: Specialized Consumer Services Stocks Led by Frontdoor (NASDAQ:FTDR),2025-06-01
Where the Stock Market Stands Now After a Wild Start to the Year,2025-06-01
These Are Stocks You Should Watch in June,2025-06-01
The labor market is worse than it appears,2025-06-01
Costco Stock Has a Big Price Tag. Some Investors Are Eyeing a Rare Split,2025-06-01
"Trump's policies risk inflating a new market bubble, BofA says",2025-06-01
Why the S&P 500 and Nasdaq Just Had Their Best Month Since 2023,2025-06-01
Deutsche Bank Goes Bullish on Luxury Brand Ralph Lauren's Stock,2025-06-01
S&P 500 Gains & Losses Today: Ulta Beauty Stock Soars; Regeneron Shares Plummet,2025-06-01
Apple is the worst-performing Mag 7 stock this year. Here's what analysts and investors say about whether you should buy the dip.,2025-06-01
Trading Day: Markets 'tarrified' anew,2025-06-01
"HELOC rates today, May 31, 2025: Interest rates on HELOCs fall as inflation cools",2025-06-01
"Australia central bank pondered outsized rate cut in May, decided to be predictable",2025-06-03
Australia raises minimum wages by 3.5% as inflation eases,2025-06-03
"Stock market today: Dow, S&P 500, Nasdaq futures slip as Wall Street braces for renewed trade tensions",2025-06-03
Watch These Palantir Price Levels as Stock Hits Another All-Time High,2025-06-03
"S&P 500 Gains and Losses Today: Steelmakers Rise, Automakers Fall as Trump Pushes Steel Tariff Hike",2025-06-03
Vanguard files for new ex-China emerging markets ETF,2025-06-03
Applied Digital Stock Soars on AI Data Center Deal with Nvidia-Backed CoreWeave,2025-06-03
Wall Street Sees Deeper Rout as Dollar Nears 2023 Low,2025-06-03
Senate to Review Trump ‘Revenge’ Tax Worrying Wall Street,2025-06-03
Stocks brave tariff-induced volatility to swing higher,2025-06-03
US stocks push higher despite renewed tariff tensions,2025-06-03
"Stock market today: Dow, S&P 500, Nasdaq close higher as US-China trade tensions flare up",2025-06-03
The Magnificent Seven Stocks Staged a Blistering May Rally. What's Next?,2025-06-03
"Steel, Aluminum Stocks Jump as Trump Plans to Double Metal Tariffs",2025-06-03
Stocks Fall Pre-Bell as Investors Gauge Renewed US-China Trade Tensions,2025-06-03
UK to urge Trump administration to implement zero-tariff steel accord,2025-06-03
Alphabet stock could fall as much as 25% in 'black swan event' if judge orders Google Chrome divestiture,2025-06-03
A rate cut debate is heating up inside the Fed,2025-06-03
Nvidia dethrones Microsoft as the world's most valuable publicly traded company with a $3.45 trillion market cap,2025-06-04
6 Wall Street veterans share the best trades they've ever made,2025-06-04
"Alphabet stock could tumble 25% in a 'black swan' scenario that forces it to divest Google Chrome, Barclays says",2025-06-04
"Stock market today: Dow, S&P 500, Nasdaq futures slip as Trump tariffs test Wall Street optimism",2025-06-04
Nvidia has soared 45% in 2 months. These forces are reviving the hype for Wall Street's favorite AI play.,2025-06-04
Big Tech's AI Ambitions Could Supercharge These Energy Stocks,2025-06-04
Onsemi Stock Pops as CEO Sees Signs of Recovering Demand,2025-06-04
Why These Market Forecasters Expect Stocks To End the Year at Record Highs,2025-06-04
CrowdStrike Stock Slides After Hitting All-Time High as Revenue Forecast Disappoints,2025-06-04
Trading Day: Market inflection points abound,2025-06-04
S&P 500 Gains & Losses Today: Dollar General Stock Soars as Discount Retailer Posts Solid Results,2025-06-04
Morning Bid: No 'best offers' yet as tariff deadline looms,2025-06-04
Asian shares shoot higher as US stocks inch toward their records,2025-06-04
Watch These CoreWeave Price Levels as AI Cloud Stock Soars to Another Record High,2025-06-04
One chart shows why nervous stock investors should feel OK about climbing bond yields,2025-06-04
"Asian stocks up, dollar soft as trade uncertainty mounts",2025-06-04
"Gold price today, Tuesday, June 3, 2025: Gold moves higher on tariff uncertainty",2025-06-04
"HELOC rates today, June 3, 2025: Interest rates on home equity lines of credit are unchanged",2025-06-04
Korean beauty startups bet booming US demand outlasts tariff pain,2025-06-05
Trump just got fresh fuel in his fight against the Fed,2025-06-05
Watch These CrowdStrike Price Levels as Stock Drops From Record High on Light Outlook,2025-06-05
China’s Power Prices Nosedive in Relief to Tariff-Hit Factories,2025-06-05
Here's Where Traders Expect Broadcom Stock to Go After Earnings,2025-06-05
TPIC Q1 Earnings Call: Misses Expectations Amid Strategic Review and Market Uncertainty,2025-06-05
"Selway tapped to run SEC's trading and markets division, sources say",2025-06-05
"Stock market today: Dow, S&P 500, Nasdaq futures slip as Wall Street's optimism on trade wears thin",2025-06-05
Trump’s Pick for Fed’s Top Regulator Expected to Be Friendly to Wall Street,2025-06-05
One-day stock slide at Proficient may be tied to somewhat bearish investor presentation,2025-06-05
"S&P 500 Gains & Losses Today: Outlook Hits CrowdStrike Shares, Dollar Tree Stock Falls",2025-06-05
Trading Day: Teflon stocks glide higher,2025-06-05
Tesla's Stock Slides After More Weak Sales Data,2025-06-05
PVH (NYSE:PVH) Surprises With Q1 Sales But Stock Drops,2025-06-05
"ChargePoint (NYSE:CHPT) Reports Sales Below Analyst Estimates In Q1 Earnings, Stock Drops 10.3%",2025-06-05
Markets stall after ADP releases dismal jobs report; dollar continues slide with another 0.4% drop,2025-06-05
"Tilly's (NYSE:TLYS) Misses Q1 Revenue Estimates, But Stock Soars 12%",2025-06-05
Equities Mixed as Fed Beige Book Shows Economic Contraction,2025-06-05
"Economic Activity Falls as Tariffs Lift Prices, Fed's Beige Book Shows",2025-06-05
"Equities Rise Intraday as Markets Parse Macro Data, Trump's Remarks; Yields Slide",2025-06-05
"Concrete Pumping (NASDAQ:BBCP) Reports Sales Below Analyst Estimates In Q1 Earnings, Stock Drops 14%",2025-06-06
TTC Q1 Earnings Call: Guidance Cut Amid Residential Weakness and Tariff Headwinds,2025-06-06
Broadcom Stock Paces for New Record High With Earnings On Deck,2025-06-06
"SGI Q1 Earnings Call: Revenue Miss, Guidance Cut, and Tariff Mitigation Plans Detailed",2025-06-06
Morning Bid: Trump-Musk feud shakes markets pre-payrolls,2025-06-06
Tesla stock tumbles the most since March as Musk and Trump exchange barbs over spending bill,2025-06-06
Circle surges 167% as traders pile into the stablecoin giant's stock-market debut,2025-06-06
MercadoLibre expands free shipping in top market Brazil amid rising competition,2025-06-06
Watch These Tesla Price Levels as Stock Plunges Amid Musk-Trump Feud,2025-06-06
"Stocks on guard for payrolls, Tesla tumbles as Trump-Musk bromance sours",2025-06-06
"Stock market today: Dow, S&P 500, Nasdaq futures rebound from sharp dip caused by Musk-Trump fallout",2025-06-06
"Goldman Sachs says buy these 23 stocks on its high-conviction list, including a banking giant it just added",2025-06-06
S&P 500 Gains and Losses Today: Tesla Shares Skid as Trump and Musk Tussle Over Budget Bill,2025-06-06
Trading Day: Trump-Musk feud slams stocks,2025-06-06
Lululemon stock plunges 20% as company's second quarter outlook misses Wall Street estimates,2025-06-06
"S&P 500, Nasdaq Post First Declines in Four Days as Tesla Slides Amid Trump-Musk Spat",2025-06-06
"Tariffs to Drive Inflation Higher in 2025, Fed Governor Kugler Says",2025-06-06
Equity Markets Rise Intraday After Trump-Xi Call; Tesla Slides,2025-06-06
Big investors shift away from US markets,2025-06-06
Stocks Rise Pre-Bell as Investors Await More Labor Market Data,2025-06-06
Pandemic-era homebuyers are now selling into a completely different market,2025-06-07
"Bank of England is 'not sanguine' about inflation hump, Greene says",2025-06-07
Here's How Much Traders Expect Apple Stock to Move After WWDC,2025-06-07
ECB's Schnabel sees no lasting decoupling from Fed,2025-06-07
"Mortgage and refinance interest rates today, June 7, 2025: Unchanged, and that's a good thing",2025-06-07
The labor market's latest puzzling sign gives the Fed more leeway to wait,2025-06-07
Analysts Look to Tesla’s Robotaxi Launch After Stock Hit From Musk-Trump Spat,2025-06-07
"The Trump-Musk feud could be one of the catalysts for a coming 10% stock correction, former JPMorgan strategist says",2025-06-07
Will Musk unfollow Trump? Here are the 6 most intriguing wagers gathering steam on betting markets.,2025-06-07
A renowned Tesla bear says he's selling stock after Musk's 'disaster' feud with Trump,2025-06-07
Tesla stock jumps after wipeout sparked by the Musk-Trump blowup,2025-06-07
S&P 500 Gains and Losses Today: Lululemon Stock Falls as Forecasts Reflect Consumer Caution,2025-06-07
Watch These Broadcom Stock Price Levels After Post-Earnings Slide,2025-06-07
Musk-Trump Breakup Exposes Cracks in Wall Street’s Meme Casino,2025-06-07
"Mission Produce, Offerpad, Marvell Technology, Designer Brands, and Hain Celestial Stocks Trade Up, What You Need To Know",2025-06-07
Why Amazon (AMZN) Stock Is Trading Up Today,2025-06-07
Trading Day: Markets rise above the fray,2025-06-07
"Lululemon stock plunges as company's profit outlook misses forecasts on tariff, consumer worries",2025-06-07
A hot trend in the housing market is Gen Z buying homes with siblings,2025-06-08
"Rates, Rejections and Red Tape – Reading the Market Before It Moves",2025-06-08
Why Wall Street's Dr. Doom now wants to be Dr. Boom,2025-06-08
Trump’s China Gambit Belies Rocky Road Ahead on Tariff Deals,2025-06-08
Q1 Earnings Outperformers: Novanta (NASDAQ:NOVT) And The Rest Of The Electronic Components Stocks,2025-06-08
A Look Back at Defense Contractors Stocks’ Q1 Earnings: CACI (NYSE:CACI) Vs The Rest Of The Pack,2025-06-08
Does the president control inflation?,2025-06-08
"Gold price today, Friday, June 6, 2025: Gold opens below $3,400 ahead of May jobs report",2025-06-08
"Mortgage and refinance interest rates today, June 6, 2025: Lower this week, with the 15-year just below 6%",2025-06-08
Young people are frozen out of the housing market—this outdated tax law is a big reason why,2025-06-08
Is Barbara Corcoran Right About the Housing Market?,2025-06-08
"From mortgage rates to prices, here are 3 housing-market predictions for 2025 from Goldman Sachs",2025-06-08
Winners And Losers Of Q1: JLL (NYSE:JLL) Vs The Rest Of The Real Estate Services Stocks,2025-06-08
Real Estate Services Stocks Q1 Highlights: CBRE (NYSE:CBRE),2025-06-08
"Stock market today: S&P 500 hits 6,000 as Tesla rebounds amid Trump-Musk feud cooldown",2025-06-08
Bowman's goal as new top Fed banking cop: Make US lenders 'safe to fail',2025-06-08
"Trump calls for a jumbo Fed cut, but resilient jobs report makes that even less likely",2025-06-08
"'No recession bet whatsoever': The stock market isn't pricing in any sort of economic downturn, investment firm says",2025-06-09
'Extreme volatility is behind us': Why some Wall Street experts suggest investors take a summer break,2025-06-09
A fresh inflation reading greets a stock market back near all-time highs: What to know this week,2025-06-09
"What To Expect in Markets This Week: May Inflation Data, Apple Conference, GameStop Earnings",2025-06-09
Economic uncertainty delays truckload market breakout,2025-06-09
"Japan's Q1 GDP contraction narrows on consumption improvement, revised figure shows",2025-06-09
Dow futures dip as stocks eye record highs ahead of U.S.-China talks and inflation reports,2025-06-09
This Nvidia-Backed AI Stock Soared 103% Last Week—Watch These Key Levels,2025-06-09
"HELOC rates today, June 8, 2025: Interest rates on home equity lines of credit sharply higher",2025-06-09
"Morgan Stanley markets $5 billion for Elon Musk-owned xAI in loans, bonds, sources say",2025-06-10
Watch These AMD Price Levels as Stock Jumps to Highest Level Since January,2025-06-10
Morgan Stanley shares a chart that fuels the argument for new stock-market highs,2025-06-10
"Stocks, dollar climb as investors hope for US-China trade talk progress",2025-06-10
The market has a big opportunity to tell Trump what it thinks about his big tax bill,2025-06-10
"Tesla stock gets a fresh downgrade, with the Musk-Trump fight fueling uncertainty and risk of 'brand damage'",2025-06-10
US Stocks Lose Support From Asia’s ‘Buy The Dip’ Retail Traders,2025-06-10
"Stock market today: Dow, S&P 500, Nasdaq futures tread water ahead of next round of US-China talks",2025-06-10
"US-China trade, inflation, Apple's big event: Here's what the stock market is watching this week",2025-06-10
Watch These Microsoft Levels as Stock Hits Another Record High,2025-06-10
China taps $1.5 trillion fund to boost home market support,2025-06-10
"Calavo (NASDAQ:CVGW) Reports Sales Below Analyst Estimates In Q1 Earnings, Stock Drops 15.3%",2025-06-10
CARS Q1 Earnings Call: Tariff-Driven Market Uncertainty and Focus on Used Car Solutions,2025-06-10
WMG Q1 Earnings Call: Lighter Release Slate and Market Headwinds Weigh on Results,2025-06-10
IBP Q1 Earnings Call: Management Outlines Cost Controls and End-Market Dynamics Amid Revenue Decline,2025-06-10
"Circle stock gains 7%, extends gains for third day in a row since blockbuster IPO",2025-06-10
Warner Bros. Discovery stock pops as company confirms it will split into 2 companies,2025-06-10
"Stock market today: S&P 500, Nasdaq gain as upbeat US-China trade talks continue",2025-06-10
Tesla stock reverses higher as robotaxi test poised to start this week,2025-06-10
"Stock market today: Dow, S&P 500, Nasdaq futures slip amid murky signals on Trump's trade policy",2025-06-12
Trump's first term shows why markets are cautious on the China trade deal,2025-06-12
GameStop Stock Falls After Company Announces Convertible Notes Offering,2025-06-12
Papa John's Stock Jumps on News of Possible Go-Private Deal,2025-06-12
"S&P 500 Gains and Losses Today: Nucor Stock Falls as US, Mexico Negotiate on Steel Tariffs",2025-06-12
Space Tech Firm Voyager’s Stock Soars in Trading Debut,2025-06-12
"Oracle Stock Pops as Revenue Tops Estimates, CEO Projects 'Dramatically Higher' Growth",2025-06-12
"These 4 parts of the stock market will outperform through the end of 2025, Wells Fargo says",2025-06-12
Here's Where Traders Expect Adobe Stock To Go After Earnings,2025-06-12
"Tesla stock wavers as Musk says Trump criticism 'went too far,' company targets June 22 for robotaxi launch",2025-06-12
Oxford Industries (NYSE:OXM) Exceeds Q1 Expectations But Stock Drops,2025-06-12
"Dollar slides on easing trade tensions, Fed expectations",2025-06-12
Why one economist says the labor market is far weaker than it seems,2025-06-12
"JD Vance says the Fed is committing 'monetary malpractice,' joining Trump in bashing the central bank",2025-06-12
Americans' views on inflation are finally turning a corner,2025-06-12
Gold Advances on Middle East Tensions and Trump’s Tariff Pledge,2025-06-12
"Stock valuations are hovering at levels that have historically preceded major corrections, Pimco warns",2025-06-12
CNM Q1 Earnings Call: Market Share Gains and Steady Infrastructure Demand Shape Outlook,2025-06-12
Here's How Much Traders Expect Oracle Stock to Move After Earnings,2025-06-12
"Stocks slide, oil and gold jump after Israel strikes Iran",2025-06-13
"Stocks sell off, oil surges as Israel strikes Iran",2025-06-13
"Wall Street is on the cusp of ending the dumbest recruiting cycle known to man, and we all could stand to benefit from it",2025-06-13
Watch These Oklo Levels as Nuclear Power Stock Retreats From Record High,2025-06-13
ADM sets off 'frenzy' in US soybean market ahead of new biofuel blend rule,2025-06-13
NextEra workers net $45 million from sales of company stock,2025-06-13
S&P 500 Heads Into Second Half of 2025 With Record Stock Buyback Potential,2025-06-13
S&P 500 Gains and Losses Today: Oracle Stock Soars to All-Time High on Strong Earnings,2025-06-13
This nuclear stock looks like a big winner as Trump pushes for renewable AI power,2025-06-13
Effort to strip Fed of interest paying power seen likely to bring upheaval to markets,2025-06-13
Oracle's Stock Gains Make Larry Ellison the World's Second-Richest Man,2025-06-13
Wall Street looks past US deficit concerns for now as investors snap up bonds,2025-06-13
Oracle stock touches all-time high after earnings beat,2025-06-13
"OXM Q1 Earnings Call: Tariff Headwinds, Supply Chain Shifts, and Brand Performance Diverge",2025-06-13
GameStop Stock Extends Post-Earnings Decline on $1.75B Convertible Note Offering,2025-06-13
DXPE Q1 Earnings Call: End Market Diversification and Acquisitions Underpin Growth Amid Tariff Uncertainty,2025-06-13
Equities Rise After Fresh Inflation Data; Oracle Rally Helps Lift S&P 500,2025-06-13
Equity Markets Rise Intraday After Producer Prices Report; Oracle Jumps,2025-06-13
BioNTech to Acquire CureVac in $1.25 Billion All-Stock Deal,2025-06-13
4 recent signs that US housing is becoming a buyer's market,2025-06-13
Dow sinks over 750 points after Israel's attack on Iran,2025-06-14
S&P 500 Gains & Losses Today: Index Drops as Middle East Tensions Rise; Oracle Climbs,2025-06-14
3 charts show how the Israel-Iran conflict immediately rocked markets,2025-06-14
Wall Street’s Momentum Machine Faces a Middle East Stress Test,2025-06-14
"Investors eye US protests, Iran tensions as S&P 500 stalls",2025-06-14
"TPI Composites, EchoStar, Commercial Vehicle Group, Jack in the Box, and VF Corp Stocks Trade Down, What You Need To Know",2025-06-14
"The ONE Group, Red Robin, Sabre, Xponential Fitness, and Cadre Stocks Trade Down, What You Need To Know",2025-06-14
"Oxford Industries, Sherwin-Williams, Bill.com, Etsy, and Monday.com Stocks Trade Down, What You Need To Know",2025-06-14
"Chegg, Victoria's Secret, Blink Charging, Applied Digital, and Peloton Stocks Trade Down, What You Need To Know",2025-06-14
U.S. Battery Energy Storage Market Sees Significant Growth,2025-06-14
"Oracle Stock Surges for Second Straight Day After Strong Results, Rosy Outlook",2025-06-14
Adobe Stock Slumps as Results Leave Some Waiting for More Signs of AI Success,2025-06-14
RH Q1 Earnings Call: Tariff Disruptions and Global Expansion Define Outlook,2025-06-14
Tariffs Create Most Patriotic Earnings Season Yet as US Firms Pander to Trump,2025-06-14
Q1 Earnings Highlights: Levi's (NYSE:LEVI) Vs The Rest Of The Apparel and Accessories Stocks,2025-06-14
Q1 Earnings Highlights: Insperity (NYSE:NSP) Vs The Rest Of The Professional Staffing & HR Solutions Stocks,2025-06-14
Reflecting On Safety & Security Services Stocks’ Q1 Earnings: Brink's (NYSE:BCO),2025-06-14
"Reflecting On Beverages, Alcohol, and Tobacco Stocks’ Q1 Earnings: Altria (NYSE:MO)",2025-06-14
Q1 Earnings Outperformers: Vishay Precision (NYSE:VPG) And The Rest Of The Electronic Components Stocks,2025-06-14
"HELOC rates today, June 13, 2025: Home equity interest rates drop (down to 6.68%)",2025-06-14
"Futures Rise, Oil Erases Gains on Calmer Sentiment: Markets Wrap",2025-06-16
Investors (and Trump) are about to find out if Fed still wants rate cuts in 2025,2025-06-16
Traders Hold Their Nerve to Ride Bumpy Emerging-Market Rally,2025-06-16
Japan’s Bond Chaos Heralds More Volatility in Global Markets,2025-06-16
Morning Bid: Markets in wait-and-see mode on Mideast,2025-06-16
Outpatient & Specialty Care Stocks Q1 In Review: Select Medical (NYSE:SEM) Vs Peers,2025-06-16
Watch These Tesla Stock Price Levels as Investors Look Past Musk-Trump Feud,2025-06-16
Crude markets volatile as Israel-Iran conflict escalates,2025-06-16
Fed on Hold Leaves Wall Street Asking What It Will Take to Cut Interest Rates,2025-06-16
Traders Dive Into Options Market as Geopolitical Risk Flares,2025-06-16
Egypt Leads Mideast Stock Losses Amid Strikes; Israel Rebounds,2025-06-16
'It makes sense to be on hold': Why Wall Street strategists think Fed rate cuts aren't coming anytime soon,2025-06-16
"After Trump-Musk feud, here's the next issue for Tesla stock",2025-06-16
"HELOC rates today, June 15, 2025: A small move up for interest rates on home equity lines of credit (to 6.73%)",2025-06-16
BOJ to Slow Bond Market Withdrawal After Standing Pat on Rates,2025-06-17
"Citi Calls Time on Gold’s Rally on Slumping Demand, Fed Cuts",2025-06-17
Analysis-Emerging market local currency debt could end decade-long drought as dollar wanes,2025-06-17
Meta Stock Rises as Company Unveils Plans to Introduce WhatsApp Ads—Watch These Key Levels,2025-06-17
Markets think the Fed is certain to keep rates steady this week. Why 3 experts say that could be a mistake.,2025-06-17
The stock market's secret weapon: Insatiable demand from American retirement accounts,2025-06-17
"Stock market today: Dow, S&P 500, Nasdaq futures fall as Trump calls for evacuation of Iran's capital amid escalating strikes",2025-06-17
Senate committee's changes to tax bill slam US solar stocks,2025-06-17
"3 ways the Israel-Iran conflict could spark a 20% S&P 500 sell-off, RBC says",2025-06-17
S&P 500 Gains and Losses Today: AMD Stock Soars as Analyst Praises Next-Gen Server Rack Architecture,2025-06-17
Palantir Stock Sets All-Time High Monday,2025-06-17
"Plug Power, Sabre, OneWater, Kura Sushi, and American Airlines Stocks Trade Up, What You Need To Know",2025-06-17
"Domo, DigitalOcean, Stitch Fix, BJ's, and Denny's Stocks Trade Up, What You Need To Know",2025-06-17
"Gold price today, Monday, June 16: Gold opens at record high ahead of Fed meeting",2025-06-17
"HELOC rates today, June 16, 2025: Interest rates on home equity lines of credit take a small step lower",2025-06-17
Equities Rebound as Markets Shake Off Middle East Concerns,2025-06-17
"Pending Home Sales Rise in May as Tariff Concerns Ease, Zillow Says",2025-06-17
"Israel-Iran Conflict Complicates US Stock Market Landscape, RBC Says",2025-06-17
Stocks Rise Pre-Bell as Traders Monitor Israel-Iran Conflict; Await Fed Policy Meeting,2025-06-17
"Stock Yards Bank (SYBT): Buy, Sell, or Hold Post Q1 Earnings?",2025-06-17
Stablecoins' market cap surges to record high as US senate passes bill,2025-06-18
Circle Internet Group Stock Jumps on Senate Passage of Stablecoin Legislation,2025-06-18
Israel-Iran conflict fuels best month for energy stocks since 2022,2025-06-18
All eyes on Fed's 'dot plot' as investors look for rate cut clues,2025-06-18
Aurora Cannabis Stock Falls as Canadian Producer Expects International Sales to Decline,2025-06-18
Korn Ferry Stock Soars as Higher Fees Lift Earnings and Revenue,2025-06-18
"SanDisk initiated, Analog Devices upgraded: Wall Street's top analyst calls",2025-06-18
Nucor Stock Rises as Steelmaker Forecasts Improving Q2 Profits,2025-06-18
Broadcom’s 340% Rally Has Wall Street Debating If It's Magnificent Seven Material,2025-06-18
Stock market fear index spikes after Trump’s war threats,2025-06-18
Wall Street Wants In on Crumbl’s Oversized Sugary Cookies,2025-06-18
Analysis-Early Fed chair nomination could rattle markets,2025-06-18
Wall Street Fears Hawkish Fed Will Trigger Stock Market Selloff,2025-06-18
"Gold price today, Wednesday, June 18, 2025: Gold opens strong ahead of Fed projections",2025-06-18
Morning Bid: Oil ebbs again as Fed meets,2025-06-18
Wall St indexes edge higher ahead of Fed's interest rate verdict,2025-06-18
"Trump’s $499 ‘built in the U.S.’ smartphone will likely be made in China, analysts say, making it subject to his own tariff policy",2025-06-18
"A Chinese herbal-medicine stock with no revenue has surged 60,000% this year. 5 things to know about the company's mysterious spike.",2025-06-19
"Microsoft Stock Just Hit a Fresh High; Company Plans to Trim Thousands of Jobs, Report Says",2025-06-19
Markets calm in eye of hurricane,2025-06-19
Regulators' plans for US bank leverage relief may underwhelm US Treasury market,2025-06-19
"S&P 500 Gains & Losses Today: Coinbase Stock Surges, Credit-Card Shares Retreat",2025-06-19
Investors see quick stock market drop if US joins Israel-Iran conflict,2025-06-19
"Smith & Wesson (NASDAQ:SWBI) Misses Q1 Revenue Estimates, Stock Drops 12.4%",2025-06-19
"Stocks are flat, as the Fed’s latest forecast flirts with stagflation",2025-06-19
U.S. Steel Had the Stock Ticker Symbol ‘X’ For a Century. Who Gets It Now?,2025-06-19
Aluminum Market Reacts to Tariff-Induced Price Spikes,2025-06-19
"US rate futures bolster September, October rate cut chances after Fed decision",2025-06-19
"Circle stock soars on stablecoin bill passage, adds to 500% rally: 'History is being made'",2025-06-19
Sixth Street-backed Caris Life valued at $7.7 billion in strong Nasdaq debut,2025-06-19
"US crude inventories fall by most in a year, fuel stocks build, EIA says",2025-06-19
"Wall Street Mixed as Fed Keeps Rates Steady, Maintains Policy Outlook",2025-06-19
"Update: Fed Holds Rate Steady, Sticks to 2025 Policy Outlook Amid Higher Inflation Expectations",2025-06-19
"Fed Keeps Interest Rate Unchanged, Says Economic Uncertainty Has Dropped",2025-06-19
"Fed dot plot reveals more divided central bank, but still points to two rate cuts in 2025",2025-06-19
Carrier revocations overachievement illustrates increasing market vulnerability,2025-06-22
Why a top market strategist says his base case is still a 25% stock drop and a recession in 2025,2025-06-22
Fed governor breaks ranks and says rate cuts could resume next month to prevent further cracks in the job market,2025-06-22
Stock Market’s Path Depends on Fed’s View of What We Don’t Know,2025-06-22
Here are 10 stocks Goldman Sachs expects to be winners after a wild first half for the market,2025-06-22
Tesla stock wobbles as the company rolls out early robotaxi invites,2025-06-22
The bond market has been on a roller coaster ride this year. Here are 3 predictions for what comes next.,2025-06-22
"S&P 500 Gains and Losses Today: Kroger Stock Soars, Accenture Shares Drop",2025-06-22
Wall Street’s First-Half Whiplash Rewards All-Weather Portfolios,2025-06-22
Mild US Inflation Is Backdrop for Fed’s Powell on the Hill,2025-06-22
"2 Cryptocurrencies to Buy Now Before They Soar 140% and 580%, According to a Wall Street Analyst",2025-06-22
"Gold price today, Friday, June 20, 2025: Gold opens lower after Fed holds interest rates steady",2025-06-22
Why Wall Street fears a 33-year-old political outsider,2025-06-22
"Equity Markets Mixed Intraday Amid Middle East Developments, Fed Governor Remarks",2025-06-22
"June Mid-Atlantic Manufacturing Activity Remains in Contraction, Philadelphia Fed Survey Shows",2025-06-22
3 data points define the Fed's one big economic risk,2025-06-22
Circle stock extends stunning rally amid high hopes for crypto 'disruptor',2025-06-22
Dollar firms as markets brace for Iran response to US attacks,2025-06-23
Investors Brace for Market Fallout From U.S. Strike on Iran Nuclear Sites,2025-06-23
"A teenage podcaster shares 4 life lessons from Steve Cohen, Howard Marks, and other Wall Street giants",2025-06-23
Options Traders Wrestle With Stocks’ Muted Reaction to War Risk,2025-06-23
Israeli Stocks Rise as Traders See US Hastening End to Conflict,2025-06-23
Rolls-Royce plots market domination after ‘Turbo Tufan’s’ turnaround,2025-06-23
"What to Expect in Markets This Week:  Investors Digest News of US Strikes on Iran, Await May PCE Inflation, Powell Testimony, Earnings from Nike, FedEx, Micron",2025-06-23
Why Volkswagen is convinced Waymo and Tesla are vulnerable in the $500 billion robotaxi race — ‘not a winner take all market’,2025-06-23
"Bitcoin Price Slips Below $100K, Hinting Oil-Led Risk-Off on Wall Street",2025-06-23
"HELOC rates today, June 22, 2025: The interest rate on a home equity line of credit moves even lower (to 6.68%)",2025-06-23
Fed's Powell faces Congress as Trump rate pressure intensifies,2025-06-24
JPMorgan Sees Asian Tech Stocks Gaining Another 15-20% This Year,2025-06-24
Watch These Tesla Levels as Stock Soars Following Robotaxi Service Rollout,2025-06-24
Jensen Huang Starts Selling Nvidia Stock Under $865 Million Plan,2025-06-24
Here's how Wall Street sees the Israel-Iran conflict affecting recession odds,2025-06-24
The 3 defining moments behind Tesla stock's wild ride this year,2025-06-24
"Stock market today: Dow, S&P 500, Nasdaq futures soar as Trump says Israel, Iran agree to ceasefire",2025-06-24
Exclusive-Trump Organization pays off loan on 40 Wall Street in New York,2025-06-24
Here's How Much Traders Expect FedEx Stock to Move After Tuesday's Earnings,2025-06-24
"The S&P 500 could hit record highs soon if no major retaliation from Iran, Wharton professor Jeremy Siegel says",2025-06-24
"Virgin Australia shares soar 11.4% in debut, boost market value",2025-06-24
"S&P 500 Gains & Losses Today: Robotaxi Drives Tesla Surge, Supermicro Stock Drops",2025-06-24
"Q1 Earnings Highs And Lows: Sirius XM (NASDAQ:SIRI) Vs The Rest Of The Wireless, Cable and Satellite Stocks",2025-06-24
A Look Back at Regional Banks Stocks’ Q1 Earnings: WSFS Financial (NASDAQ:WSFS) Vs The Rest Of The Pack,2025-06-24
ETH Surges 9% as Crypto Market Celebrates Trump's Ceasefire Announcement,2025-06-24
Aptos' APT Gains 6% With High-Volume Buying Amidst Wider Crypto Market Bounce,2025-06-24
Fed's Bowman to Support Rate Cut at July Meeting if Inflation Remains in Check,2025-06-24
'Challenging for investors': What Wall Street strategists are saying about the US strikes on Iran,2025-06-24
Tesla stock pops 8% after 'foundational' robotaxi launch in Austin,2025-06-24
COOP Q1 Deep Dive: Earnings Miss Wall Street Revenue Targets as Rocket Merger Takes Focus,2025-06-25
Gamers are loving Nintendo's Switch 2 — and investors are loving the stock,2025-06-25
Here's How Much Traders Expect Micron Stock to Move After Wednesday's Earnings,2025-06-25
FedEx Stock Slides as Shipping Giant Shelves Full-Year Forecast,2025-06-25
A cease-fire between Israel and Iran hangs in the balance. The markets are holding their nerve.,2025-06-25
Strikes threaten Wall Street's love affair with the Gulf,2025-06-25
Nasdaq 100 Hits Record High as Tech Stocks Soar,2025-06-25
FedEx (NYSE:FDX) Posts Better-Than-Expected Sales In Q2 But Stock Drops,2025-06-25
A Key Gauge Signals Waning Demand for US Dollar in $7.5 Trillion Market,2025-06-25
"Worthington (NYSE:WOR) Delivers Impressive Q2, Stock Soars",2025-06-25
US bond market braces for surge in Treasury supply in second half,2025-06-25
Ambarella's Stock Pops 20% as the Chip Designer Reportedly Mulls a Sale,2025-06-25
Fed's Schmid says there is time to study tariff effects before rate cuts,2025-06-25
Stock futures rise as investors bet that Iran-Israel truce will stick,2025-06-25
"Stock market today: Dow, S&P 500, Nasdaq futures waver as Israel-Iran ceasefire appears to hold",2025-06-25
"Middle East tensions could unleash a 2-part worst-case scenario that hits stocks, Morgan Stanley says",2025-06-25
Coinbase Stock Leads S&P 500 Gainers as Crypto Trading Platform Keeps Rallying,2025-06-25
"Wall Street Climbs, Oil Slides Following Israel-Iran Ceasefire",2025-06-25
Equity Markets Rise Intraday After Israel-Iran Ceasefire; Oil Declines,2025-06-25
"Mid-Atlantic Manufacturing Contraction Surprisingly Improves, Richmond Fed Survey Shows",2025-06-25
"Asian stocks hesitant, dollar slides on Trump's attack on Powell",2025-06-26
Oil rises as draw in US crude stocks signals firm demand,2025-06-26
Dollar hits fresh lows as Trump attacks threaten Fed credibility,2025-06-26
"Buy stocks, sell bonds: How billionaire investor Bill Gross says investors should play an unpredictable market",2025-06-26
4 things Wharton's Jeremy Siegel sees propelling the stock market past record highs,2025-06-26
"Stock market today: Dow, S&P 500, Nasdaq futures hold steady as Trump looks forward to Powell's replacement",2025-06-26
Micron Forecast Draws Muted Response Following 2025 Stock Rally,2025-06-26
"S&P 500 Gains & Losses Today: Paychex Stock Drops; Nvidia, Supermicro Rise",2025-06-26
Watch These QQQ Price Levels as Nasdaq 100 ETF Hits Another Record High,2025-06-26
"MillerKnoll (NASDAQ:MLKN) Reports Upbeat Q2, Stock Soars",2025-06-26
Bank of America Is Bullish on Wingstop Stock. Here's Why,2025-06-26
Here's How Much Traders Expect Nike Stock to Move After Earnings Thursday,2025-06-26
Stunning turnaround: The stock market is on the verge of an all-time record,2025-06-26
Steelcase’s (NYSE:SCS) Q2: Beats On Revenue But Stock Drops,2025-06-26
"Housing market set for the 'worst year in decades,' says Meredith Whitney",2025-06-26
"Mortgage and refinance interest rates today, June 25, 2025: Dropping as deficit concerns grow",2025-06-26
DOGE layoffs are starting to leave their mark on D.C.’s housing market,2025-06-26
Q1 Earnings Outperformers: AGNC Investment (NASDAQ:AGNC) And The Rest Of The Thrifts & Mortgage Finance Stocks,2025-06-26
Asian shares are mostly higher after US stocks rise to the brink of a record,2025-06-27
"Analysis-In dovish tilt, BOJ zooms in on obscure underlying inflation trends",2025-06-27
Watch These Nike Price Levels as Stock Soars After Earnings Report,2025-06-27
"Oil market reflects slim chance of supply disruption, Goldman analysts say",2025-06-27
"HELOC rates today, June 26, 2025: Home equity line of credit interest rates tick down",2025-06-27
"Nike stock surges as company forecasts smaller sales, profit drops while tariff costs near $1 billion",2025-06-27
Watch These Microsoft Price Levels as Stock Continues Hitting All-Time Highs,2025-06-27
Asian Markets in Full Swing as Investors Shake Off Trade Jitters,2025-06-27
"Stock market today: Dow, S&P 500, Nasdaq futures rise as investors bet on Fed rate cut",2025-06-27
"Hong Kong's equity capital markets bounce back in first half, as Shein IPO looms",2025-06-27
Here's how markets are reacting to reports of Trump's latest attempt to undermine Fed Chair Powell,2025-06-27
"At TechCrunch All Stage, Jahanvi Sardana shares how top startups reshape markets",2025-06-27
The stock market is nearing a record high. Here's why.,2025-06-27
Treasury Deal Kills ‘Revenge Tax’ That Spooked Wall Street,2025-06-27
Trading Day: Markets 'run it hot',2025-06-27
S&P 500 Gains and Losses Today: Enphase Energy Stock Surges; Equinix Shares Fall,2025-06-27
Nike Stock Jumps on Better-Than-Expected Results as CEO Touts Progress in Turnaround,2025-06-27
"Mortgage and refinance interest rates today, June 26, 2025: Lower for the week and remaining in a narrow range",2025-06-27
"Hedge funds sell energy stocks as oil slumps, says Goldman Sachs",2025-06-30
Bond Traders Basking in Gains Bet Fed Will Fuel Winning Run,2025-06-30
Wall Street banks are rallying on a 'tale of 2 quarters',2025-06-30
"Trump says ‘Mr Japan’ unfair on cars, floats keeping 25% tariff",2025-06-30
Asian shares are mixed after US stocks hit an all-time high,2025-06-30
1 Profitable Stock with Exciting Potential and 2 to Question,2025-06-30
1 Profitable Stock to Consider Right Now and 2 to Think Twice About,2025-06-30
3 Profitable Stocks to Keep an Eye On,2025-06-30
1 Momentum  Stock to Own for Decades and 2 to Avoid,2025-06-30
2 Cash-Heavy Stocks with Competitive Advantages and 1 to Ignore,2025-06-30
3 Industrials Stocks with Questionable Fundamentals,2025-06-30
1 Cash-Heavy Stock on Our Buy List and 2 to Keep Off Your Radar,2025-06-30
2 Industrials Stocks to Keep an Eye On and 1 to Keep Off Your Radar,2025-06-30
1 Cash-Producing Stock to Target This Week and 2 to Ignore,2025-06-30
1 Mooning  Stock to Target This Week and 2 to Approach with Caution,2025-06-30
Unpacking Q1 Earnings: Photronics (NASDAQ:PLAB) In The Context Of Other Semiconductor Manufacturing Stocks,2025-06-30
"HELOC rates today, June 29, 2025: The interest rate on a home equity line of credit moves lower (to 6.50%)",2025-06-30
"Trump Floats Japan Tariff, Hassett Says Deals After July 4",2025-07-01
"Oil edges down on expectations of more OPEC+ supply, tariff fears",2025-07-01
The stock market has a secret weapon that's powering record highs,2025-07-01
"Stock market today: Dow, S&P 500, Nasdaq futures hold steady after markets close at new highs",2025-07-01
"Stocks are back in 'meltup' mode after a wild first half — and the S&P 500 could soar 60% by 2030, market vet says",2025-07-01
Todd Boehly-backed Accelerant files for NYSE listing as IPO market gathers steam,2025-07-01
Here's Why This Fry Supplier's Stock Fell Monday,2025-07-01
S&P 500 Gains and Losses Today: Index Closes Out Q2 With Another All-Time High,2025-07-01
3 reasons why Palantir's stock price has soared a market-crushing 73% this year,2025-07-01
No Wall Street reaction to truckload carrier Werner’s ‘long overdue win’,2025-07-01
What 5 Wall Street heavyweights expect for markets and the economy in the 2nd half of 2025,2025-07-01
Stock market closes out chaotic quarter on a high note as S&P 500 notches another new record,2025-07-01
"Stock market today: S&P 500, Nasdaq jump to fresh records, capping stunning second-quarter comeback",2025-07-01
"S&P 500, Nasdaq Stretch Record Run as Wall Street Notches Monthly Gains",2025-07-01
"Texas Manufacturing Contraction Improves Less Than Expected, Dallas Fed Survey Shows",2025-07-01
Stocks Advance Pre-Bell as Traders Eye Trump Tax Bill; Labor Market Data on Deck,2025-07-01
Bitcoin Carried Crypto Markets in 2025's First Half as Altcoins Crumbled. What's Next?,2025-07-01
"Gold price today, Monday, June 30: Gold opens below $3,300 after S&P 500 sets new high",2025-07-01
Schroders upgrades global corporate bonds on easing U.S. recession risks,2025-07-02
"Mortgage and refinance interest rates today, July 2, 2025: Mostly unchanged as U.S. budget bill nears finish line",2025-07-02
‘Irrational Exuberance’ Stock Gauge Sparks Fresh Bubble Worries,2025-07-02
Stocks are back near all-time highs. Here are 3 investing mistakes to avoid at the top.,2025-07-02
Wall Street has faith in Trump. It could all end in tears,2025-07-02
Morning Bid: Markets sit tight for trade progress,2025-07-02
3 Reasons to Sell DHI and 1 Stock to Buy Instead,2025-07-02
3 Reasons GPC is Risky and 1 Stock to Buy Instead,2025-07-02
3 Reasons TXN is Risky and 1 Stock to Buy Instead,2025-07-02
3 Reasons to Avoid SLGN and 1 Stock to Buy Instead,2025-07-02
3 Reasons to Sell SNDR and 1 Stock to Buy Instead,2025-07-02
3 Reasons to Sell NPO and 1 Stock to Buy Instead,2025-07-02
Engineering and Design Services Stocks Q1 Earnings: Sterling (NASDAQ:STRL) Firing on All Cylinders,2025-07-02
Q1 Earnings Outperformers: FuelCell Energy (NASDAQ:FCEL) And The Rest Of The Renewable Energy Stocks,2025-07-02
Unpacking Q3 Earnings: Soho House (NYSE:SHCO) In The Context Of Other Travel and Vacation Providers Stocks,2025-07-02
A Look Back at Specialized Technology Stocks’ Q1 Earnings: Napco (NASDAQ:NSSC) Vs The Rest Of The Pack,2025-07-02
Reflecting On Vertical Software Stocks’ Q1 Earnings: Agilysys (NASDAQ:AGYS),2025-07-02
Reflecting On Education Services Stocks’ Q1 Earnings: Bright Horizons (NYSE:BFAM),2025-07-02
"S&P 500, Nasdaq clinch records for third time this week as optimism sweeps Wall Street",2025-07-03
Why Lucid (LCID) Stock Is Up Today,2025-07-03
Why Is Xponential Fitness (XPOF) Stock Soaring Today,2025-07-03
Why Is Olo (OLO) Stock Soaring Today,2025-07-03
"Cadence (CDNS) Stock Trades Up, Here Is Why",2025-07-03
"Bessent Says Fed ‘A Little Off,’ Flags Signal From Two-Year Rate",2025-07-03
Bessent Says Trump to Decide on Any Extension of July 9 Tariff Deadline,2025-07-03
CrowdStrike Stock Hits Record High as Wedbush Calls It Industry 'Gold Standard',2025-07-03
Tripadvisor Stock Jumps as Activist Investor Starboard Value Takes 9% Stake,2025-07-03
"Meta upgraded, PNC Financial downgraded: Wall Street's top analyst calls",2025-07-03
UK Markets Rebound as Starmer Quashes Fears of a Reeves Exit,2025-07-03
"Stocks making big moves yesterday: Tesla, Reddit, Coinbase, Oscar Health, and Intel",2025-07-03
OpenAI Says It Does Not Endorse Robinhood's 'Stock Tokens' of ChatGPT Maker,2025-07-03
Steady job market keeps Fed on hold amid tariff uncertainty,2025-07-03
July's seasonal magic: European stocks' summer rally revealed,2025-07-03
"US labor market adds 147,000 jobs in June while unemployment falls to 4.1%",2025-07-03
"The 5 hottest startups, from robotics to AI, have gained 393% in private market value in 2025",2025-07-03
Datadog Stock Surges as Software Maker to Join S&P 500,2025-07-03
Filecoin Gains as Much as 9% Amid Wider Crypto Market Rally,2025-07-03
Strong June jobs report won't sway Fed on rate cuts: Analyst,2025-07-03
"Trump Amps Up Tariff Pressure, and EU Scrambles to Secure a Deal",2025-07-05
Stock Futures Slide as Tariff Deadline Draws Near: Markets Wrap,2025-07-05
Wall Street was expecting a TACO Tuesday. But Dow futures fall 250 points after Trump says he will set tariffs as high as 70%,2025-07-05
Quant Hedge Funds Ride Whiplash Markets to First-Half Riches,2025-07-05
"Democratic Congressman Suozzi’s $50,000 stock sale took advantage of a loophole in Congressional disclosure rules",2025-07-05
Markets' 90-day tariff pause rollercoaster nears an uncertain end,2025-07-05
Why Wall Street got the jobs number so wrong,2025-07-05
Investors eye tariff deadline as US stocks rally,2025-07-05
The IPO market in 2025 is being driven by a clear theme — bigger is better,2025-07-05
"S&P 500 Is a Touch Away From Triggering Sell Signal, BofA Says",2025-07-05
Wall Street’s hottest debate pits Jim Chanos against Michael Saylor,2025-07-05
"Trump's tax plan won't help Tesla, but 2 other EV companies got a stock boost",2025-07-05
"HELOC rates today, July 4, 2025: Holding steady as prospects dim for a summer interest rate cut",2025-07-05
Unpacking Q1 Earnings: DoubleVerify (NYSE:DV) In The Context Of Other Advertising Software Stocks,2025-07-05
Q1 Earnings Highs And Lows: Guidewire (NYSE:GWRE) Vs The Rest Of The Vertical Software Stocks,2025-07-05
Robinhood is known for its meme-stock and crypto traders. Its CEO says users are embracing passive investing too.,2025-07-05
Expert Who Predicted Tesla Stock Crash Reconsiders — Bitcoin and 3 More Factors To Watch,2025-07-05
More than 200 S&P 500 companies scrubbed 'diversity' and 'equity' from annual reports in 2025,2025-07-06
It’s Déjà Vu for Option Traders as Markets Calm Into Tariffs Day,2025-07-06
'Some complacency has crept in': How FOMO and speculative bets are driving the 2025 market rally,2025-07-06
Stock market melt-up is being fueled by blind belief in lots of rate cuts in 2026,2025-07-06
Trump tariff deadline approaches with stocks at record highs: What to know this week,2025-07-06
"What To Expect in Markets This Week: Tariff Deadline, Amazon Prime Day, FOMC Minutes",2025-07-06
July Market Recap – What Small Carriers Did Right (and Wrong),2025-07-06
Forget fundamentals. 4 everyday investors have made winning stock picks with a much simpler strategy.,2025-07-06
"AI stocks look 'eerily similar' to the dot-com craze, warns CIO overseeing $15 billion. Invest in this 'boring' corner of the market instead.",2025-07-06
"Pittsburgh, St. Louis, and Detroit holding out as the last affordable housing markets",2025-07-06
"The real risk of a recession, and other key points about the US economy right now",2025-07-06
Trump’s Tariff Date Arrives After a 90-Day Rollercoaster,2025-07-06
How Goldman Sachs won big in the Fed’s annual stress test,2025-07-06
US threatens EU with 17% tariff on food exports,2025-07-06
"S&P 500, Nasdaq Stretch Record Closing Runs After Jobs Report",2025-07-06
June Nonfarm Payrolls Top Estimates; Unemployment Rate Unexpectedly Falls,2025-07-06
"HELOC rates today, July 6, 2025: The interest rate on a home equity line of credit stays the same",2025-07-06
Figma Heats Up Summer IPO Market Amid Software Listing Drought,2025-07-07
Stocks tumble after Trump announces tariffs on countries including Japan and South Korea,2025-07-07
Why Lululemon (LULU) Stock Is Falling Today,2025-07-07
Why Bloomin' Brands (BLMN) Stock Is Nosediving,2025-07-07
Why Sirius XM (SIRI) Stock Is Falling Today,2025-07-07
Why Reddit (RDDT) Stock Is Trading Lower Today,2025-07-07
Why Wendy's (WEN) Stock Is Down Today,2025-07-07
Why Lucid (LCID) Stock Is Down Today,2025-07-07
Tesla stock tanks after Trump dismisses Musk’s new political party plan and calls him ‘off the rails’,2025-07-07
Royal Gold Stock Drops as Firm Makes Pair of Acquisitions for About $3.7B,2025-07-07
"Dow, S&P 500, Nasdaq retreat as Trump reignites trade tensions with flurry of letters, August deadline",2025-07-07
Why Magnachip (MX) Stock Is Down Today,2025-07-07
"Illumina (ILMN) Stock Trades Down, Here Is Why",2025-07-07
Why Uber (UBER) Stock Is Up Today,2025-07-07
"Gold price today, Monday, July 7: Gold remains strong as tariff deadline approaches",2025-07-07
Cathie Wood sells $47.9 million of surging crypto stock,2025-07-07
Housing Supply Has Bounced Back In Some Markets,2025-07-07
"Trump Issues New Tariff Rates, Still Open to Negotiations",2025-07-08
"Stock market today: Dow, S&P 500, Nasdaq futures fall as Trump ramps up tariff threats ahead of August deadline",2025-07-08
"Canada's Aura Minerals prepares for Nasdaq listing, targets $2.1 billion valuation",2025-07-08
Stocks slump Monday after Trump threatens new tariffs on certain countries,2025-07-08
Tesla stock sinks after Elon Musk announces new political party,2025-07-08
S&P 500 Gains & Losses Today: Index Falls From Record Level; Tesla Stock Tumbles,2025-07-08
Markets recoil on Trump's latest tariff moves in Asia,2025-07-08
Stocks drop after Trump announces tariffs on countries including Japan and South Korea,2025-07-08
"Market dips after Trump unveils 25% tariffs on South Korea, Japan",2025-07-08
"Tesla stock drops on Musk's battle with Trump over new political 'America Party,' loss of EV tax credits",2025-07-08
BlackRock pushes deeper into private markets with purchase of ElmTree,2025-07-08
"CoreWeave, Core Scientific stocks sink after companies confirm $9 billion deal amid AI data center boom",2025-07-08
"Nasdaq, S&P 500 Retreat as Trump Sets Tariffs Against Trading Partners; Tesla Shares Sink",2025-07-08
Stocks Fall Pre-Bell as Trump Threatens Additional Tariffs on BRICS Allies,2025-07-08
Ask a real estate agent: Is the housing market becoming less competitive?,2025-07-09
"Top Stock Movers Now: Nvidia, AES, WPP, and More",2025-07-09
"Stock market today: Dow, S&P 500, Nasdaq edge higher as Nvidia's market cap hits $4T, Trump unveils more tariff letters",2025-07-09
"Starbucks (SBUX) Stock Trades Up, Here Is Why",2025-07-09
"Hims & Hers Health (HIMS) Stock Is Up, What You Need To Know",2025-07-09
"RadNet (RDNT) Stock Trades Up, Here Is Why",2025-07-09
Why Doximity (DOCS) Stock Is Up Today,2025-07-09
Why Is Plug Power (PLUG) Stock Soaring Today,2025-07-09
"Byrna (BYRN) Stock Trades Up, Here Is Why",2025-07-09
Why Altice (ATUS) Stock Is Up Today,2025-07-09
Why Bloom Energy (BE) Stock Is Trading Up Today,2025-07-09
Stocks Rise Pre-Bell as Investors Digest Trump's Latest Tariff Announcements; Fed Meeting Minutes on Deck,2025-07-09
Equity Markets Mixed Intraday as Trump Announces 50% Tariffs on Copper Imports,2025-07-09
Trump makes new tariff threats from the Philippines to Moldova as his trade letter tally reaches 20,2025-07-09
Wall Street waves off Trump's 200% pharma tariff threat,2025-07-09
CoreWeave-Core Scientific deal pushes AI merger tally over $65 billion as M&A market thaws,2025-07-09
Nvidia becomes first company to reach $4 trillion market value,2025-07-09
Trump's search for Powell's replacement at the Fed is getting louder,2025-07-09
Chinese Property Stocks Jump on Unverified Reports of State Aid,2025-07-10
The markets no longer care what ‘Taco’ says,2025-07-10
World shares mostly gain after big tech rally on Wall Street,2025-07-10
"Morning Bid: Markets shaken, not stirred by Trump's tariffs",2025-07-10
These are the 10 most-shorted stocks in the market right now,2025-07-10
"Nvidia's AI-powered rise to a $4 trillion market cap, in 3 charts",2025-07-10
Watch These Microsoft Price Levels as Stock Closes Above $500 for First Time,2025-07-10
Market Braces for Pivotal 20-Year Japan Bond Sale as Yields Rise,2025-07-10
"Stocks climb on AI and rate cut optimism, unfazed by Trump's tariff moves",2025-07-10
Brazil's markets face testing time after Trump tariff blow,2025-07-10
"Wall St futures ease after Nvidia's $4 trillion run; data, trade talks in focus",2025-07-10
Analysis-Investors look for signs European earnings can defy tariff turmoil,2025-07-10
Nasdaq Rises to Record as Traders Parse Fed Minutes,2025-07-10
"Fed Officials Appear Divided Over 2025 Policy Path, June Meeting Minutes Show",2025-07-10
Equities Rise Ahead of FOMC Minutes; Nvidia Briefly Hits $4 Trillion Market Cap,2025-07-10
"HELOC rates today, July 10, 2025: The home equity line of credit interest rate remains basically unchanged",2025-07-10
Oil edges down amid bearish Trump tariff outlook,2025-07-10
"Bitcoin Bulls Increase Exposure as Trump's Pressure on Fed Pushes $15B Into BTC ETFs, Analyst Says",2025-07-10
"Trump's 50% copper import tariff said to include refined metal, Bloomberg reports",2025-07-12
The riskiest corner of the bond market is pointing to continued strength of the US economy,2025-07-12
Why Wall Street analysts think Alphabet may be the most overlooked Big Tech stock,2025-07-12
S&P 500 Gains & Losses Today: PayPal Stock Drops as Index Retreats From Record,2025-07-12
Battle-Hardened Wall Street Bulls Are Proving Very Hard to Scare,2025-07-12
Markets wobble after Trump threatens Canada with 35% tariff over alleged ‘flow of Fentanyl’,2025-07-12
Stocks drop after Trump announces 35% tariff on Canada,2025-07-12
"Bill.com, Workiva, PagerDuty, BigCommerce, and Q2 Holdings Stocks Trade Down, What You Need To Know",2025-07-12
"RingCentral, Monday.com, Semrush, AppLovin, and Angi Stocks Trade Down, What You Need To Know",2025-07-12
"Stock market today: Dow falls 250 points, S&P 500, Nasdaq retreat from record as Trump escalates tariff threats",2025-07-12
"Petco, LiveRamp, Rapid7, Tenable, and Wix Stocks Trade Down, What You Need To Know",2025-07-12
Markets guru Larry McDonald warns of 'off the charts' complacency — and says Warren Buffett's stock sales are a red flag,2025-07-12
"PubMatic, DoubleVerify, DocuSign, HubSpot, and UiPath Stocks Trade Down, What You Need To Know",2025-07-12
Airline Stocks Cool After Delta Earnings Sent Them Flying,2025-07-12
"Earnings, inflation data confront resilient US stocks rally",2025-07-12
Airline Stocks Soared After Delta's Strong Earnings Report—Watch These Key Price Levels,2025-07-12
"Wall Street Retreats as Investors Monitor Tariffs Updates, Bank Earnings Loom",2025-07-12
Equity Markets Mostly Fall Intraday as Traders Track Tariff Updates,2025-07-12
The TACO trade is backfiring on Wall Street as Trump seizes on stock market highs to charge ahead with tariffs,2025-07-13
Gen Z men are still obsessed with Pokémon cards—using ‘boy math’ to argue that they’ll beat Nvidia stock and the S&P 500. But there’s a catch,2025-07-13
"JPMorgan Says Korean Stock Gauge May Near 5,000 Over Two Years",2025-07-13
"Bitcoin, Ether Tentative, XRP Steady as Trump Announces 30% Tariff on EU and Mexico",2025-07-13
Here's the stock-market playbook for the August 1 tariff deadline,2025-07-13
"Amazon Poised for Earnings Boost Amid More Manageable Tariff Backdrop, Morgan Stanley Says",2025-07-13
Stocks Fall Pre-Bell as Trump Ramps Up Tariff Pressure on Canada,2025-07-13
Five Themes for Investors to Watch as Earnings Season Kicks Off,2025-07-13
"RBC lifts S&P 500 year-end price target to 6,250",2025-07-14
1 Surging  Stock to Keep an Eye On and 2 to Turn Down,2025-07-14
3 Industrials Stocks in the Doghouse,2025-07-14
1 Safe-and-Steady Stock with Exciting Potential and 2 to Brush Off,2025-07-14
3 Cash-Producing Stocks with Mounting Challenges,2025-07-14
3 Low-Volatility Stocks Skating on Thin Ice,2025-07-14
3 Profitable Stocks to Research Further,2025-07-14
2 Momentum  Stocks to Research Further and 1 to Be Wary Of,2025-07-14
3 Industrials Stocks with Open Questions,2025-07-14
1 Oversold Stock Primed to Rebound and 2 to Ignore,2025-07-14
3 Services Stocks in the Doghouse,2025-07-14
Big banks are trying to put Trump tariff tumult in their rear-view mirror,2025-07-14
Shares in German carmakers fall after Trump tariff announcement,2025-07-14
European shares fall on Trump's new tariff threats on EU and Mexico,2025-07-14
Silver Extends Surge as Strong Demand Triggers Market Tightness,2025-07-14
Asian shares are mixed after S&P 500 and Nasdaq composite pull back from their all-time highs,2025-07-14
Bitcoin Hits New All-Time High Above $120K as U.S. Inflation Data Looms,2025-07-14
"Penguin Solutions (PENG) Stock Trades Up, Here Is Why",2025-07-15
Why Nextdoor (KIND) Stock Is Up Today,2025-07-15
Why Nvidia (NVDA) Stock Is Trading Up Today,2025-07-15
Why Semtech (SMTC) Stock Is Trading Up Today,2025-07-15
Why La-Z-Boy (LZB) Stock Is Falling Today,2025-07-15
Why Is Opendoor (OPEN) Stock Soaring Today,2025-07-15
Why Is Jamf (JAMF) Stock Soaring Today,2025-07-15
Why Is Fluence Energy (FLNC) Stock Soaring Today,2025-07-15
"Red Robin (RRGB) Stock Trades Up, Here Is Why",2025-07-15
Why Is First Solar (FSLR) Stock Rocketing Higher Today,2025-07-15
Why FB Financial (FBK) Stock Is Down Today,2025-07-15
"Stock market today: Nasdaq pops on Nvidia boost, while Dow slides after CPI inflation data, bank earnings",2025-07-15
Here’s how inflation may be hitting your summer plans — and where you can benefit from falling prices,2025-07-15
June inflation data reaffirms Fed pause as tariff uncertainty grows,2025-07-15
Newly added S&P 500 crypto stock hits record high after breakout move,2025-07-15
Crypto Week Is Here. Should You Buy MicroStrategy Stock?,2025-07-15
US Home Prices Are Losing Steam With Most Big Markets Below Peak,2025-07-15
"Jerome Powell has more housing problems now, including the Fed's",2025-07-15
"Unity Stock Has Ben Red Hot. Should You Buy, Sell, or Hold U Shares Here?",2025-07-17
Is SoFi Stock a Buy Before its Q2 Earnings on July 29?,2025-07-17
Palantir Stock Keeps Hitting New All-Time Highs,2025-07-17
PepsiCo Stock Climbs on Better-Than-Expected Results as International Sales Gain,2025-07-17
"CSX, Norfolk Southern Stocks Gain on Report Union Pacific is Looking for a Deal",2025-07-17
Signs of Economic Strength Boost Stocks,2025-07-17
Here's Why Sarepta Stock Is Jumping Thursday,2025-07-17
"ADM, Ingredion Stocks Slip as Trump Says Coca-Cola Will Switch to Cane Sugar in the US",2025-07-17
"What the China export easing means for Nvidia, AMD, and other chips stocks",2025-07-17
"Starbucks downgraded, Oracle initiated: Wall Street's top analyst calls",2025-07-17
Oracle Just Hit a New 52-Week High. Should You Buy ORCL Stock Here?,2025-07-17
"Stock market today: Dow, S&P 500, Nasdaq rise as earnings roll in, retail sales jump",2025-07-17
"Goldman Sachs names Khalil as global head of middle market group, memo says",2025-07-17
Stocks Supported by Signs of US Economic Strength,2025-07-17
Abbott Narrows Its Outlook as COVID-19 Testing Demand Wanes. Its Stock Is Falling.,2025-07-17
Morning Bid: Markets calm down after Powell poser,2025-07-17
"I'm the ex-VP of HR at Microsoft. The tech job market feels bleak, but here are 3 reasons not to panic.",2025-07-17
"Mortgage and refinance interest rates today, July 17, 2025: Rates inch up",2025-07-17
"Stocks just hit a 'line of death' last reached at the peak of the dot-com bubble, veteran investor Bill Smead warns",2025-07-19
3 Software Stocks to Buy Now If You’re Worried About Tariffs,2025-07-19
"Wall Street's plans for stablecoin, from Goldman to JPMorgan",2025-07-19
"After Stock Market’s Torrid Run, Earnings Misses Face Punishment",2025-07-19
Vanguard Is Now the Top Investor in MicroStrategy Stock. Should You Buy MSTR Too?,2025-07-19
"As DraftKings Weighs Entry into Prediction Markets, How Should You Play DKNG Stock?",2025-07-19
Robinhood stock is telling the story of the market's march to record highs,2025-07-19
JPMorgan pushes into private company coverage as Wall Street eyes growing opportunity,2025-07-19
"Block Stock Jumps on S&P 500 Inclusion, Replacing Hess",2025-07-19
Climate catastrophes are creating a ‘new market reality’ for insurance carriers,2025-07-19
S&P 500 Gains & Losses Today: Netflix Stock Stumbles After Earnings; Invesco Soars,2025-07-19
3 Tech Stocks With More Potential Than Any Cryptocurrency,2025-07-19
Stocks Finish Slightly Lower on Mixed Earnings Results,2025-07-19
"Earnings live: Second quarter earnings season off to strong start with Tesla, Google on deck",2025-07-19
Should You Buy the Post-Earnings Dip in Netflix Stock?,2025-07-19
What Analysts Think of Alphabet's Stock Ahead of Earnings,2025-07-19
Netflix Stock is Slipping Despite Its Q2 Earnings Beat: How Should You Play NFLX Here?,2025-07-19
Netflix earnings top estimates but stock slips on 'elevated expectations',2025-07-19
Dow Falls as Trump Reportedly Seeks Higher EU Tariffs; Nasdaq Clinches New High,2025-07-20
Threats to the Fed go beyond firing Powell,2025-07-20
"Consumer Sentiment Rises to 5-Month High as Inflation Concerns Ease, Survey Shows",2025-07-20
"Asian stocks firm as investors look to tariff negotiations, earnings",2025-07-22
Dollar indecisive as investors await more tariff clarity,2025-07-22
"Stock market today: Dow, S&P 500, Nasdaq futures trade flat as Wall Street braces for Big Tech earnings",2025-07-22
Biogen beefs up North Carolina manufacturing ahead of potential drug tariff storm,2025-07-22
Decentralized Crypto Exchanges Hit Record Market Share in Q2 Volume: CoinGecko Report,2025-07-22
This High-Yield Dividend Stock (8.3%) Has Analysts Saying ‘Strong Buy’ — Should You?,2025-07-22
Chip giant TSMC is the newest member of the $1 trillion market-cap club,2025-07-22
Stocks are at records. Investors should keep an eye on 5 things that could break the rally.,2025-07-22
S&P 500 Gains and Losses Today: Verizon Shares Surge; Natural Gas Stocks Fall,2025-07-22
Here's How Much Traders Expect Tesla Stock To Move After Earnings Wednesday,2025-07-22
"As Trump Bets Big on Rare Earth Magnets, This Hidden-Gem Stock Could Soar",2025-07-22
Why SentinelOne (S) Stock Is Trading Up Today,2025-07-22
Why One Wall Street Analyst Is Growing More Bullish on This Nvidia Partner's Stock,2025-07-22
"Nio Just Launched a New SUV, and Wall Street’s Paying Attention. Should You Buy the EV Stock Here?",2025-07-22
Stocks Supported by Chip Stock Strength and Lower Bond Yields,2025-07-22
Stocks hit fresh all-time highs as strong earnings continue to power market rally,2025-07-22
"Stock market today: S&P 500 crosses 6,300, Nasdaq notches record with Big Tech set to take earnings spotlight",2025-07-22
Analysts Are Cutting Their Price Targets for UnitedHealth Stock Before Q2 Earnings. Is It Time to Ditch Shares?,2025-07-22
Is Netflix Stock Still a Smart Buy After Q2 Earnings?,2025-07-22
"Comfort Systems (NYSE:FIX) Reports Bullish Q2, Stock Jumps 13.7%",2025-07-24
"Bel Fuse (NASDAQ:BELFA) Beats Expectations in Strong Q2, Stock Soars",2025-07-24
"Boston Beer (NYSE:SAM) Reports Q2 In Line With Expectations, Stock Soars",2025-07-24
How Trump could use a building renovation to oust Fed Chair Powell,2025-07-24
"Charles Schwab authorizes $20 billion stock buyback, declares dividends",2025-07-24
Stocks Close at Record as Alphabet Fuels AI Hopes: Markets Wrap,2025-07-24
S&P 500 and Nasdaq 100 Post Record Highs on Tech Stock Strength,2025-07-24
"Earnings live: Intel to cut 15% of workforce, Deckers stock soars as profits surge",2025-07-24
This Self-Driving Car Stock Is Surging on a Major Nvidia Boost,2025-07-24
"Is Coinbase Stock a Buy, Sell, or Hold After Trump Signed the Genius Act?",2025-07-24
"Intel stock rises on Q2 revenue beat, plans to cut 15% of workforce",2025-07-24
"Tesla stock slides after earnings miss, Musk warns of 'few rough quarters'",2025-07-24
Stock market today: S&P 500 notches 4th consecutive record as Google earnings fuel AI hopes,2025-07-24
What Analysts Think of UnitedHealth Group Stock Ahead of Earnings,2025-07-24
Here's How Much Traders Expect Intel Stock to Move After Earnings Today,2025-07-24
American Airlines Stock Tumbles as Restored Full-Year Earnings Outlook Disappoints,2025-07-24
Stocks Gain on Tech Earnings and US Labor Market Strength,2025-07-24
3 Reasons Why the Crypto Market Isn't in a Bubble (Yet),2025-07-24
Sydney Sweeney is a meme stock icon now,2025-07-25
Watch These UnitedHealth Price Levels as Stock Slumps on DOJ Probe Confirmation,2025-07-25
"Asian stocks slip from highs, dollar gains as markets brace for crucial week",2025-07-25
"3 parts of the market where AI hype is turning into real returns, according to Morgan Stanley",2025-07-25
"Stock market today: Dow, S&P 500, Nasdaq futures trade flat as Trump downplays Powell tensions",2025-07-25
"Where to invest $10,000 right now, according to 6 Wall Street heavyweights",2025-07-25
What the latest meme stock episode is telling us about the stock market,2025-07-25
Watch These Chipotle Stock Price Levels After Post-Earnings Plunge,2025-07-25
Five takeaways from the State of Freight for July: What earnings and the indices are saying about the market,2025-07-25
Market pros break down the bull case for the nascent quantum computing space — and flag 4 stocks for investors to watch,2025-07-25
"Nasdaq, S&P 500 Reach New Highs as Markets Track Latest Earnings",2025-07-25
"Midwest Manufacturing Logs Surprise Growth in July, Kansas City Fed Data Show",2025-07-25
Earnings Reports Leave Equities Mixed Ahead of Trump's Fed Visit,2025-07-25
"Why a 'garbage rally' powered by junk stocks could explain quant hedge funds' no good, very bad summer",2025-07-26
"The latest meme stock mania is being driven by a historic short-squeeze that raises the risk of a downturn, Goldman warns",2025-07-26
"S&P 500, Nasdaq close at records; Deckers soars on UGG demand",2025-07-26
The 3 Buffett-Backed Dividend Stocks That Beat the Market in 2025,2025-07-26
Here's ChatGPT's advice on how to spot the next meme stock,2025-07-26
Cathie Wood is Buying the Post-Earnings Dip in Tesla Stock. Should You?,2025-07-26
Should You Buy the Post-Earnings Plunge in Intel Stock?,2025-07-26
Minimize Your Apple Stock Risk Before Earnings on July 31 with This 1 Options Strategy,2025-07-26
Watch These Deckers Price Levels as UGG Parent's Stock Soars After Earnings Beat,2025-07-26
Solid Corporate Earnings Results Support Stocks,2025-07-26
Wall Street Is Betting on Amazon Stock Ahead of Q2 Earnings. Should You?,2025-07-26
Miner Newmont's Stock Pops as Higher Gold Prices Boost Earnings,2025-07-26
Microsoft Reports Q4 Earnings on July 30. Time to Buy MSFT Stock?,2025-07-26
Positive Earnings Results Lift Stocks,2025-07-26
Hoka and UGG Owner Deckers Stock Jumps After Strong Earnings,2025-07-26
S&P 500 Gains and Losses Today: Deckers Stock Jumps as Global Footprint Grows; Intel Shares Sink,2025-07-26
"As the FCC Approves the Paramount-Skydance Merger, How Should You Play PARA Stock?",2025-07-26
"Is MP Materials Stock a Buy, Sell, or Hold for August 2025?",2025-07-26
S&P 500 and Nasdaq 100 Post Record Highs on Earnings Optimism,2025-07-26
Meme-Stock Roar Fades on Wall Street as Retail Finds New Thrills,2025-07-26
"What To Expect in Markets This Week: Fed Meeting, Tariffs Deadline, July Jobs Report",2025-07-27
Global Money Chases World’s Hottest Major Stock Market in Korea,2025-07-27
Famed market bear Albert Edwards warns of an 'everything bubble' in US stocks and home prices that could soon pop,2025-07-27
3 Top Cybersecurity Stocks to Buy Now,2025-07-27
Alphabet Had a ‘Standout Quarter.’ Should You Buy GOOG Stock Here?,2025-07-27
The V-shaped recovery in stocks is a V-shaped recovery in earnings: Chart of the Week,2025-07-27
What Analysts Think of Meta Stock Ahead of Earnings,2025-07-27
5 silly earnings season stock price moves!,2025-07-27
"Is SentinelOne Stock a Buy, Sell, or Hold in July 2025?",2025-07-27
Why GOOGL Stock May Be the Market’s Next Big Winner,2025-07-27
"Federal Reserve meeting, July jobs report, and Big Tech earnings: What to watch this week",2025-07-27
US lovers of Amazon berry açaí to feel tariff pinch,2025-07-27
Warren Buffett Warns Inflation Turns Business Into ‘The Upside-Down World of Alice in Wonderland’ But Weeds Out ‘Bad Businesses’,2025-07-27
"Mortgage and refinance interest rates today, July 27, 2025: Rates are expected to stay high through 2025",2025-07-27
Stock investors expect rally as Europe clinches US trade deal,2025-07-28
"Tech Earnings, Tariff Deadline and Other Key Things to Watch this Week",2025-07-28
A Data Deluge Brings a ‘Moment of Truth’ for Markets This Week,2025-07-28
‘US exceptionalism roars back’ as markets defy doomsayers and draw record foreign inflows after panic over Trump tariffs,2025-07-28
'Haves and have-nots': The stock market thinks more consumers are reaching a breaking point,2025-07-28
Alphabet Posts Lower Free Cash Flow and FCF Margins - Is GOOGL Stock Overvalued?,2025-07-28
Signs of stock market 'euphoria' on the rise as markets cap 5-day streak of record highs,2025-07-28
Billionaire Paul Singer Is Doubling Down on This Data Center Stock. Should You?,2025-07-28
Return of Meme Stock Mania Has Traders on Alert for Market Froth,2025-07-28
Michael Saylor Is Bringing Bitcoin-Backed Money-Market-Style Vehicle to Wall Street: NYDIG,2025-07-28
White House presses Fed for ‘dramatically lower’ rates as meeting looms,2025-07-28
Are Wall Street Analysts Bullish on CVS Health Stock?,2025-07-30
What Are Wall Street Analysts' Target Price for AT&T Stock?,2025-07-30
Is Wall Street Bullish or Bearish on Carnival Stock?,2025-07-30
Exxon Mobil Stock: Is Wall Street Bullish or Bearish?,2025-07-30
"Asian stocks mixed as investors brace for tariff deadline, Fed",2025-07-30
Wall Street is bullish on Meta's Q2 performance ahead of its earnings report: 'One of the best AI opportunity stocks',2025-07-30
3 reasons the stock market could be overheating this summer,2025-07-30
"Stock market today: Dow, S&P 500, Nasdaq futures push up as Wall Street awaits Fed decision, Big Tech results",2025-07-30
This Dividend Stock Yields 4.5% But Is Down 21% in 2025: Time to Buy?,2025-07-30
Aston Martin warns on annual profit due to tariff disruption,2025-07-30
"HELOC rates today, July 29, 2025: Rates remain steady ahead of this week's Fed meeting",2025-07-30
Equities Retreat Ahead of Fed Policy Decision as Investors Track Corporate Results,2025-07-30
June Job Openings Drop More Than Expected as Markets Await Nonfarm Payrolls Report,2025-07-30
"Equity Markets Fall Intraday Amid Focus on Fed Meeting, Trade Updates",2025-07-30
"Novo Nordisk Names New CEO, Cuts 2025 Outlook; Stock Plunges",2025-07-30
"Stocks Gain Pre-Bell as Investors Monitor Latest US-China Trade Talks; Fed Meeting, Earnings on Deck",2025-07-30
"Spotify stock slides after reporting Q2 loss, weaker forecast after record rally",2025-07-30
"Stock market today: S&P 500 snaps 6-day record streak, stocks fall as earnings flood in, Fed decision looms",2025-07-30
"Markets Weekly Outlook - U.S. Services PMI, Bank Of England Rate Decision And Canadian/NZ Employment",2025-08-01
"EXCLUSIVE: July's 20 Most-Searched Tickers On Benzinga Pro — Where Do Opendoor, Nvidia, Apple Stock Rank?",2025-08-01
Tariffs Blitzkrieg,2025-08-01
RSP: S&P 500 Monthly Dashboard For August,2025-08-01
The Sudden Arrival Of Labor Market Weakness: Here's What It Looks Like,2025-08-01
July Jobs Report: Labor Market Momentum Unravels As Revisions Reveal A Weaker Q2,2025-08-01
"Benzinga Market Summary: S&P Falls On Trump Tariff Announcements, Amazon Slides On Q2 Earnings, Apple Gives Up Earlier Gains",2025-08-01
July Jobs Report: Revisions Show Weakness,2025-08-01
The AI Boom Vs. The Economic 'Kryptonite' Of High-Interest Rates And Tariffs,2025-08-01
'Fed Starts Talks on a More Relaxed Version of Basel III Endgame' - Bloomberg News,2025-08-01
Weak Jobs Report Reignites Prospect Of Imminent U.S. Rate Cuts,2025-08-01
"July Jobs Report Stuns Wall Street, Fed Rate Cut In Play, Key Charts",2025-08-01
"Yes, The Correction Is Here Already",2025-08-01
Reuters Reporting Swiss President Keller-Sutter Saying Government Disappointed By U.S Tariffs Imposed On Country Despite Previous Constructive Talks; 39% Tariff Is Much Higher Than What Was Negotiated And Will Have Negative Effect On Swiss Economy And Bad For Swiss Machinery,2025-08-01
Why Powell Is Right To Pause Despite Trump's Exasperation,2025-08-01
"If I Could Only Buy 2 Dividend Stocks, It Would Be These",2025-08-01
Chart Of The Day: What To Do As Market Concerns Creep In,2025-08-01
Top 10 High-Yield Dividend Stocks For August 2025,2025-08-01
U.S. Fed Keeps Interest Rates On Hold Despite Political Pressure To Cut,2025-08-01
"Stock Market Today: Futures Drop On 'Aug 1' Tariff Deadline Fears, Chevron, Exxon, Apple, Amazon In Focus",2025-08-01
"The 1-Minute Market Report - August 3, 2025",2025-08-02
I'm Buying This Market Dip With Leverage,2025-08-02
Weak Jobs Report Creates A Golden Buying Opportunity For These 3 Stocks,2025-08-02
6 Stocks I'm Buying As AI And Tariffs Battle For Market Dominance,2025-08-02
July Jobs Report: Don't Bet On A Rate Cut,2025-08-02
"Trade And OBBB Deals Sealed, Fed Dread, And AI/Meme Dreams",2025-08-02
July Jobs Report: Weakness In Payrolls Increases The Likelihood Of A September Cut,2025-08-02
"U.S. Tariffs - Liberation Day 2.0, August 1",2025-08-02
S&P 500: Maybe They Did Just Ring A Bell At The Top,2025-08-03
The Market Faces A Major Turning Point After Shocking Jobs Miss,2025-08-03
3 Market Predictions For August,2025-08-03
Federal Reserve Watch: Stay On Policy Rate,2025-08-03
The Market And Economy Start To Converge Again On Jobs Data,2025-08-03
"World Markets Watchlist: August 4, 2025",2025-08-04
"S&P 500: Don't Panic, But Don't Get Complacent",2025-08-04
Weak Economic Data Supports 3 Fed Rate Cuts This Year,2025-08-04
These Investors Have Never Bought So Many U.S. Stocks,2025-08-04
Economics Is Guiding The Markets,2025-08-04
Is A September Rate Cut Now In Play?,2025-08-04
Hints Of Stagflation Complicate The Fed's Next Decision On Interest Rates,2025-08-04
Best And Worst Historical S&P 500 August Performers,2025-08-04
"Reuters Cites Brazil Finance Minister Haddad Saying We Will Have No Difficulty Directing These Products To Other Countries, But Other Sectors Concern Us; Inflation Is Falling, Soon Interest Rates Will Follow Suit; Contingency Plan For Steeper U.S. Tariffs Has Small Primary Impact; Our Concern Is With Sectors That Are Producing Custom Articles For Partners In The U.S.; I Think A 10% Tariff For Embraer Is Already Too Much, Embraer Is A Major Partner In American Regional Aviation",2025-08-04
"Reuters Cites Brazil's Haddad Saying We Have To Improve Data Processing Capacity In Brazil, Especially For Reasons Of National Sovereignty;  We Don't Want Only China Or The EU To Invest In Brazil, We Want The U.S. To Invest Too; We Are Too Big A Country To Serve As A Satellite Of An Economic Bloc; U.S. Needs To Understand That Brazil Wants Partnerships, But Not As A Satellite, Not As A Colony; Beef And Coffee Are Items That Can Have A New Destination After Steeper U.S. Tariffs",2025-08-04
July AAII Asset Allocation Survey: Stock Allocations Rise,2025-08-04
Does This Whiplash Market Signal A Paradigm Shift In Investing?,2025-08-04
SP500: Recession Or Growth Scare?,2025-08-04
"Billions Are Flowing Into SPY While IVV Bleeds—Same Index, Different Story",2025-08-04
Prepare Before The Market Makes Its Move,2025-08-04
August Market Volatility Returns Amid Payroll Miss And Fed Uncertainty,2025-08-04
"Benzinga Market Summary: EU To Suspend US Countertariffs For Six Months, S&P Gains, US Dollar Index Falls",2025-08-04
"Macro Insights From July 2025: Pandora's Box, Market Anxiety, & A Tariff Resurrection",2025-08-04
"S&P 500 Momentum Reverses As Fed Signals No Rate Cut, Bad Jobs Report",2025-08-04
Chart Of The Day: Massive Jobs Revisions Worrying Wall Street,2025-08-04
How Unusual Was July's Jobs Report Revision? Here's What My Analysis Found,2025-08-05
SGOV Pulls In $1.1B as Markets Rebound From Friday Rout,2025-08-05
S&P 500 may face selling pressure as systematic funds reach full exposure,2025-08-05
S&P 500 Shows A Decline After The U.S. Services PMI Miss,2025-08-05
Stocks See Support from Strong Earnings and Rate Cut Speculation,2025-08-05
"Stocks Drop On Tariffs Risk, Palantir Hits $400B: Markets Today - Archer-Daniels-Midland (NYSE:ADM)",2025-08-05
Major indexes are lower after President Trump suggested he would announce new tariffs on semiconductors and pharmaceuticals.,2025-08-05
Commodities Extend Rally As World Stocks Retreat In July,2025-08-05
"The Value Of $1,000 Invested In The S&P 500",2025-08-05
"Recession Talk Is Back, But Confirming Data Still Missing",2025-08-05
U.S. Tug-Of-War: Earnings Vs. Tariffs,2025-08-05
The Fed Will Cut Rates,2025-08-05
A Recession Is Coming: Are You Prepared?,2025-08-05
"Stock Market Today: US Stock Futures Inch Higher, As Analysts Warn of Volatile August—AMD, Pfizer, Caterpillar In Focus",2025-08-05
"Dissent Emerges At The Fed, Trade Agreements Surge",2025-08-05
S&P 500 Rises Over 2% In July To Extend Summer Surge,2025-08-05
"Labor Market Stalls Amid Surge In Long-Term Unemployment, New Job Seekers",2025-08-05
The Fed Put And The Trump Call: Goldilocks Zone For Investors,2025-08-06
U.S. Equity ETF Demand Surged Last Week Despite Market Selloff,2025-08-06
'Lula rejects 'humiliation' of calling Trump over US-Brazil tariff'- Reuters Exclusive,2025-08-06
'Swiss President Set to Leave Washington Without Lower Tariffs'- Bloomberg,2025-08-06
Wall Street Is Betting Big on New Record Gold Prices. Here Is the Top-Rated Stock to Buy.,2025-08-06
'Swiss President Discussed Tariffs With US Secretary of State' - Bloomberg News,2025-08-06
SCHD: Time To Buy Before The Impending Market Rotation (Upgrade),2025-08-06
"Benzinga Market Summary: S&P Rises After White House Says Apple Will Announce $100B US Investment, Shopify Stock Surges On Q2 Earnings, US Dollar Index Falls",2025-08-06
Top 50 High-Quality Dividend Stocks For August 2025,2025-08-06
Shares of companies within the broader materials sector are trading lower as global markets continue to decline following President Trump's announcement of sweeping tariffs.,2025-08-06
The Fed Set To Move Faster To Stave Off Recession Risk,2025-08-06
Consolidative Phase Continues In FX Market As Key Events Loom,2025-08-06
Pokémon Cards Crush S&P 500? Redditor Says Even Warren Buffett May Need To 'Rethink' His Strategy Amid Massive Returns,2025-08-06
"Stock Market Today: US Futures Edge Higher As Investors Await Earnings From McDonald's, Uber And Walt Disney",2025-08-06
"Initial Unemployment Claims Up 7K, Higher Than Expected",2025-08-07
'US Hits One-Kilo Gold Bars With Tariffs In Blow To Refining Hub Switzerland' - Financial Times,2025-08-07
"Trade Update: Reciprocal Tariffs, Fragile Deals And Legal Uncertainty",2025-08-07
Dow Jones And Major U.S. Indices Drop From Key Levels - Technical Outlook,2025-08-07
Stocks Rally on Positive Tariff News ad Rate Cut Hopes,2025-08-07
"Exchange-Traded Funds, Equity Futures Higher Pre-Bell Thursday as Trump Links Chip Tariff Relief to US Factory Plans",2025-08-07
Dividend Growth Investing Vs. The Market - Who Wins? (Part 2),2025-08-07
"Reuters Cites Swiss Govt Saying The Newly Imposed U.S. Tariffs Place A Substantial Strain On Switzerland's Export-Oriented Economy; If These Tariffs Remain In Place For An Extended Period, The Economic Outlook Is Likely To Worsen Further Compared To The June Projections; Federal Council Also Intends To Make Full Use Of Its Scope For Action Under Forthcoming Legislation And Existing Regulations To Ease The Burden On Businesses; We Plan To Extend Short Time Working Compensation Entitlement Period",2025-08-07
"Reuters Cites Swiss Govt Saying Federal Council To Continue Negotiations With The U.S.; We Will Also Shortly Engage In Detailed Discussions On Potential Relief Measures For Swiss Businesses And Continue To Assess The Need For Further Economic Policy Action; As Of Today, Nearly 60% Of Swiss Exports To The U.S. Are Subject To Additional Tariffs; At Present, Tariff Countermeasures In Response To The U.S. Tariff Increases Are Not Being Considered",2025-08-07
"Stock Market Today: US Futures Rise Amid Russia Peace Talk Update—Investors Await Eli Lilly, Block Earnings (UPDATED)",2025-08-07
Anticipated BOE Rate Cut Doesn't Prevent Sterling From Pushing Higher,2025-08-07
U.S. Stock Market Hot Streak Defies Economic Slowdown Signals,2025-08-07
Confidence In A September Fed Cut May Be Overdone,2025-08-07
"Markets Weekly Outlook - U.S. Inflation, EU/U.K. GDP And RBA Meeting To Shape Market Moves",2025-08-08
Stocks Supported by Robust Earnings and Rate Cut Hopes,2025-08-08
"Exchange-Traded Funds, Equity Futures Higher Pre-Bell Friday Ahead of Fed Board Changes",2025-08-08
"Shares of European banks are trading higher following reports suggesting that the European Commission will delay the impact of the Fundamental Review of the Trading Book to help banks in the region remain competitive. Also, Fed Chair Powell's recent monetary policy comments may be providing support.",2025-08-08
"Reuters Cites UBS Saying If U.S. Tariff On Gold Sticks, Expect Premium Between Comex Futures And London Ones To Rise Further, As Will Arbitrage Opportunities Between Alternative Refinery Hubs; Any Direct Impact On The London Benchmark Should Be Short-Lived",2025-08-08
Will Tariff Revenue Reduce U.S. Fiscal Risk?,2025-08-08
'DORK' Meme Stock Mania Flames Out — Costs Investors $13.1 Billion,2025-08-08
Stock Market Pro Expects Trouble If This Doesn't Happen,2025-08-08
"U.S. Tariffs Roil Gold Futures, While Greenback Steadies",2025-08-08
"Reuters Reported India Pauses U.S. Arms Purchases Including P8I Aircraft, Stryker Vehicles, Javelin Missiles, Cancels Defense Minister's U.S. Visit, Awaits Trade-Tariff Clarity, Signals Willingness To Cut Russian Oil Imports",2025-08-08
"Stock Market Today: S&P 500, Nasdaq 100 Futures Rise As Trump Appoints New Fed Governor—Beauty Health, RealReal, Twilio In Focus On Q2 Earnings",2025-08-08
British American Tobacco: After A Double This Stock Is Fully Valued And Ripe For A Pullback (Rating Downgrade),2025-08-08
Gold Stocks Re-Taking The Macro As It Creeps Counter-Cyclical,2025-08-09
"Forget The S&P 500, Here's Where I'm Investing Instead",2025-08-09
The Eternal Debate Over Valuations,2025-08-09
S&P 500: Prep For A Red August (Technical Analysis),2025-08-10
"The 1-Minute Market Report August 9, 2025",2025-08-10
Markets Brace For Inflation's Big Return,2025-08-10
S&P 500 Snapshot: Inches Off Record High,2025-08-11
This Market Signal Has Not Occurred Since 2006,2025-08-11
Tariffs As A Geopolitical Tool: Short And Long-Term Market Implications,2025-08-11
"Benzinga Market Summary: S&P Pulls Back Ahead Of The Close, Trump Administration Reportedly Extends China Tariff Deadline",2025-08-11
The Real Estate Market In 11 Charts,2025-08-11
"Reuters Reports Brazil's Haddad Says Virtual Meeting With Bessent Has Been Called Off; No Fresh Date For Call With Bessent; We Asked U.S. Treasury To Reschedule Meeting With Bessent When They Informed Us Of Cancellation, Soon Noticed That Would Not Be The Case; We Are Carrying Out Structural Reforms In The Export Guarantee Fund; Measures Will Allow For Some Public Procurement; We Are Not Even Able To Sit Down At The Table To Negotiate With The U.S. On Tariffs",2025-08-11
The Data Is In: Tariffs Are A Tax On American Consumers,2025-08-11
Wall Street Lunch: AMC Entertainment Rallies As Audiences Return In Q2,2025-08-11
Is The Market Too Optimistic Here?,2025-08-11
Why I'm Not (Yet) Worried About The Worst US Jobs Report In 5 Years,2025-08-11
"The Market's Betting On A September Fed Cut, It Shouldn't",2025-08-11
Why The Impact Of Tariffs Is Not Yet Reflected In The CPI,2025-08-11
"August 2025 Macro Outlook: Fiscal Flows, Bank Credit, And Fed Policy Implications",2025-08-11
Early Q3 U.S. GDP Nowcasts Point To Economic Slowdown,2025-08-11
What To Do With These Seven Stocks After They Plunged,2025-08-11
"Stock Market Today: S&P 500, Nasdaq 100 Futures Rise After A Stellar Week: Nvidia, AMD, Western Union In Focus (UPDATED)",2025-08-11
The Game Theoretical View On U.S.-Canada Tariffs,2025-08-11
S&P 500 Or Just Mag 7: Here's Why Mega Cap Stocks Keep Rising Despite All Odds,2025-08-11
S&P 500 Earnings: Estimated EPS And Revenue Growth Rate Improvements Are Remarkable,2025-08-11
Federal Reserve Watch: The Bernanke Plan Is Working,2025-08-11
"Consumer Price Index: Inflation Holds Steady At 2.7% In July, Lower Than Expected",2025-08-12
"Benzinga Market Summary: S&P Rises Following July CPI Report, Airline Stocks Gain On Rising Fairs And Falling Gasoline Prices, Intel Stock Rises After CEO Meets With Trump",2025-08-12
AIER's Everyday Price Index Notches A Slight 0.10% Gain In July 2025,2025-08-12
Tariffs Causing Inflation? Not So Fast!,2025-08-12
"July CPI: Inflation Persists, But Path To September Cut Stays Clear",2025-08-12
10 Undervalued Dividend Growth Stocks: August 2025,2025-08-12
Keith Fitz-Gerald And David Keller On Current Market Trends And Why You Shouldn't 'Should' Your Portfolio,2025-08-12
Stocks Rise After An In-Line July CPI Report: Here Are The Key Charts,2025-08-12
July CPI: Lower Rate Outlook Despite Rising Core Inflation,2025-08-12
The Achilles Heel Of This Market Is Back,2025-08-12
"Stock Market Today: S&P 500, Nasdaq 100 Futures Rise As July CPI Rises Below Consensus View—AST SpaceMobile, BigBear.AI, Intel In Focus (UPDATED)",2025-08-12
"RBA Delivers Dovish Cut, U.K.'s Labor Market Stabilizes, Attention Now U.S. CPI",2025-08-12
Labor Market: Supply Constraints Potentially Exacerbating Demand Softness,2025-08-12
Speculation Grows For A Fall Fed Rate Cut,2025-08-12
"Ray Dalio Warns Real Estate Investment In 2025 Faces Interest Rate Risks, Tax Challenges: 'Not An Effective Investment Strategy'",2025-08-12
July CPI Report: Tariffs Coming In Slow But Steady,2025-08-13
What To Do With These Three S&P 500 Stocks After They Dropped By 10%,2025-08-13
Global Stocks Are Crushing Wall Street And Trump's Tariffs In 2025,2025-08-13
"The Fed Can't Cut In September, Yet The Expectations Of Cuts Inflate The Bubble",2025-08-13
"When Leaders Meet: Trump & Putin, Reagan & Gorbachev, And The Markets Of 1985",2025-08-13
"Benzinga Market Summary: S&P Continues Higher, Grocery Stocks Fall As Amazon Expands Grocery Delivery, CoreWeave Falls On Mixed Q2 Results",2025-08-13
"Fear Not, The Jobs Market Is Doing Just Fine",2025-08-13
Bull Market Or Bad Measuring Stick,2025-08-13
Enough Is Enough: AI Is Driving Us To Sell Our S&P 500 Position,2025-08-13
"Chart Of The Day: Is It 1, 2, 3 Cuts Ahead At The Fed?",2025-08-13
"Stock Market Today: S&P 500, Nasdaq Futures Advance After Hitting Fresh Record—CoreWeave, Cisco, CarParts.Com Earnings In Focus",2025-08-13
Sentiment And Stock Prices Diverge,2025-08-14
Forget The September Rate Cut,2025-08-14
Russia-USA Talks In Alaska Could Have Big Impact On Markets Worldwide,2025-08-14
"S&P 500's Homerun/Strikeout Scenario, And How I'm Positioning For It",2025-08-14
July PPI: Broad-Based Gains Signal Tariff Impact Across Supply Chain,2025-08-14
"Benzinga Market Summary: July PPI Comes In Higher Than Expected, S&P Regains Most Losses, US Dollar Index Rises, Gold Pulls Back",2025-08-14
Record Buybacks And IPO Rush Point To Relentless Market Strength,2025-08-14
"Investors Are Finally ""Chasing This Market""",2025-08-14
Time To Lower The Fed's Policy Rate Of Interest,2025-08-14
The Reason The Fed Cuts Rates Is More Important Than If Or When,2025-08-14
"Stock Market Today: S&P 500, Nasdaq Futures Decline—Deere & Co., Dlocal, Applied Materials In Focus (UPDATED)",2025-08-14
"Expert Accuses Fly-E Of 'Pump-And-Dump' Scheme, Warns Of 'Severe Stock Collapse' Amid Troubling Safety Record",2025-08-14
Not All Value Indexes Are Created Equal: Russell Vs. S&P,2025-08-14
Strong Earnings And Favorable Inflation Readings: What's Next For U.S. Equities?,2025-08-14
"Rates Spark: A 3% Inflation Environment, And Still On The Rise",2025-08-14
CPI Prints In Line With No Significant Tariff Impact,2025-08-14
"Markets Weekly Outlook: Jackson Hole, NZ Rate Decisions And U.K./EU Inflation Data",2025-08-15
Finding Value In An Expensive Market,2025-08-15
Federal Reserve Watch: Is It Time To Stop Quantitative Tightening,2025-08-15
"Hedge Fund Elliott Management's Q2 Moves Include Positions Tied To S&P 500, Nasdaq, Nvidia (CORRECTED)",2025-08-15
"Cash Will Be King Soon, 4 Out Of 5 Market Top Signs Are Here",2025-08-15
"UnitedHealth's Best Day Since 2008, Intel's Best Weekly Gain In Decades: What's Moving Markets Friday?",2025-08-15
S&P 500: Profit Margins Cannot Hold,2025-08-15
The Market May Have Hit Its Liquidity Breaking Point,2025-08-15
"July Retail Sales, Trade Prices, Industrial Production: Consumer Spending Holds Up As Supply Stagnates",2025-08-15
"Benzinga Market Summary: UnitedHealth Stock Rises On Berkshire Stake, S&P And Nasdaq Pull Back, Trump to Meet Putin In Alaska",2025-08-15
It's 'Do Or Die' For Powell: The Jackson Hole Speech Preview,2025-08-15
Tariffs Are Starting To Take A Toll,2025-08-15
"Stock Market Today: Nasdaq 100 Futures Tumble Amid Mixed Trade— UnitedHealth, 180 Life Sciences, Intel In Focus (UPDATED)",2025-08-15
Trump Says Will Be Setting Tariffs On Steel And Chips Next Week And Week After; Says Rate Is Going To Be Lower At The Beginning,2025-08-15
"Fear, Greed And The Myth Of Stock Market Highs",2025-08-15
"Bill Gates Leans Heavily On Warren Buffett's Playbook, Pumps More Into Berkshire — 67% Of His Foundation's Portfolio Sits In Just These 3 Stocks",2025-08-15
Chart Of The Day: Is The PPI Proof Of An Inflation Problem?,2025-08-15
Why Noodles & Co. Stock Plunged 29% And Then Rallied 8% After Hours,2025-08-15
"Mortgage Rates Hit 10-Month Low, Giving Trump More Ammo To Push Fed For Aggressive Cuts",2025-08-15
"The 1-Minute Market Report, August 16, 2025",2025-08-16
"Tariffs, Producer Prices, And Small-Cap ETFs: A Pressure Test For Margins",2025-08-16
Consumer Sentiment Falls In August Amid Rising Inflation Worries,2025-08-16
S&P 500: Caution Comes At A Price (Technical Analysis),2025-08-17
Yen Carry Trade Unwind Threatens Global Markets,2025-08-17
Why Does The Stock Market Exist? Here Is The Secret,2025-08-17
Inflation Fails To Chill Fed Cut Momentum,2025-08-17
Five Things Fed Chair Powell Might Address At Jackson Hole,2025-08-17
Inflation Data Sends Markets To New Highs,2025-08-17
SCHB: A Total Market Play With Selective Outperformance Windows,2025-08-17
S&P 500 Snapshot: Index Up Nearly 10% YTD,2025-08-17
FXI: Why A Bad Chinese Economy Could Be Good For China Stocks,2025-08-18
2025 Jackson Hole Preview: Interest Rate Cuts And Fed Independence As Possible Discussion Points,2025-08-18
This Week Is All About The Fed,2025-08-18
Stocks Vs. Bonds Revisited: A Long-Term Look,2025-08-18
"Market Talk, Economy & Bond Market",2025-08-18
MGK: Focused On The Mega-Cap Segment Of The S&P 500,2025-08-18
"Warren Buffett, Cathie Wood Share 2 Stock Investments In Common: Can You Guess What They Are?",2025-08-18
"Benzinga Market Summary: S&P Flat, Trump Meets Zelensky And European Leaders",2025-08-18
Markets Could Rise Amid Peace In Europe,2025-08-18
Hints Of Rising Inflation Complicate Fed's Next Policy Meeting,2025-08-18
Equities: All Eyes On The Fed,2025-08-18
6 Undervalued Semiconductor And Software Stocks Flashing Strong Value Signals,2025-08-18
"Stock Market Today: Nasdaq 100 Futures Slip— Palo Alto, XP, Allarity Earnings In Focus (UPDATED)",2025-08-18
S&P 500 Rises As Fed Thinks About Next Move For Interest Rates,2025-08-18
Weekly Market Pulse: Big Rate Cuts? Not Right Now,2025-08-18
"S&P 500: Investors Are Euphoric, I'm Cautious",2025-08-18
Growth Stocks Flash Bullish 'Golden Cross' On AI Spending Spree: Expert Reveals Next Wave Of Winners Beyond Chipmakers,2025-08-18
CPI And GDP Update,2025-08-19
"Benzinga Market Summary: S&P And Nasdaq Fall Amid Weakness In Chip Stocks, Bitcoin Pulls Back",2025-08-19
The 3 Possible Outcomes Of Jerome Powell's Speech And What It Means For Markets,2025-08-19
Will The Fed Cut Rates Next Month?,2025-08-19
"Fed Rate Cuts Won't Trigger Stock Market Boom Investors Are Hoping For, Warns Goldman Sachs",2025-08-19
"Stock Market Today: S&P 500, Nasdaq 100 Slip, But Dow Futures Rise—Intel, Palo Alto, Home Depot In Focus (UPDATED)",2025-08-19
"If You Own These 5 Tech Stocks, Watch Out — Their Momentum Is Fading Fast",2025-08-19
Summer 2025 Snapshot Of Expected Future S&P 500 Earnings,2025-08-19
Dan Ives Disagrees With Sam Altman For Saying AI Is In A Bubble: 'The Next Two To Three Years Will Be A Tech Bull Market',2025-08-19
What To Do With Nine Of The Bottom Performing S&P 500 Stocks,2025-08-20
Jackson Hole: What If Powell Raised The Fed's Inflation Target To 3%?,2025-08-20
"S&P 500: Sick Puppies Dominate, But Here's A Trio Of A-List Stocks To Consider",2025-08-20
SPY Or XMAG & MAGS? The Case For Splitting The Index,2025-08-20
S&P 500: 5 Signs Flashing Yellow,2025-08-20
The Market Is Rotating Again,2025-08-20
Jackson Hole: Will Powell Finally Respond To Trump's Provocations?,2025-08-20
"Benzinga Market Summary: S&P And Nasdaq Falls Amid Drop In Tech Stocks, Trump Calls On Fed Governor Cook To Resign, Target Reports Earnings And Announces CEO Change",2025-08-20
Fed Cuts Ahead: Unlocking The Bull Market's Next Big Catalyst,2025-08-20
"Stock Market Today: Nasdaq, S&P 500, Dow Futures Drop—Target, Lowe's, TJX Companies Earnings In Focus (UPDATED)",2025-08-20
Four Financial Stocks Just Cracked Top 10% Growth Rankings — Could They Be Market's Next Big Winners?,2025-08-20
Support For Stocks Builds Despite Mixed Data,2025-08-20
Reading The Rubble: Gauging Recovery Odds When The Market Slides,2025-08-21
Will Powell Deliver Final Blow At Jackson Hole?,2025-08-21
"Benzinga Market Summary: Walmart Falls On Mixed Earnings, S&P Continues Lower, Jackson Hole Economic Policy Symposium Begins",2025-08-21
Unexceptional US Stock Market Earnings?,2025-08-21
"White House Trade Advisor Navarro Says 'Nonsense' That India Needs To Buy Russian Oil; See Doubling Of India Tariffs Taking Place August 27; India Doesn't Want To Recognize Its Role In Bloodshed; India Is 'Laundromat' For The Kremlin; Powell Is So Anti-Trump It's Unsettling; No Comment On Whether Eu Wine Will Be Exempt; On EU: Maintain Tariffs On Steel, Aluminum; No Deal More Important Than With European Union; On EU, Will Impose 15% Tariff On Autos, Drop From 25%",2025-08-21
"Berkshire Hathaway: A Weak Investment In The Modern Market, A Hold Ahead Of 'Buffett Premium' Erosion",2025-08-21
Powell's Jackson Hole Speech May Trigger A Massive Bear Steepener,2025-08-21
Forget The Cut: Jackson Hole Will Decide The Market's Fate,2025-08-21
The Stock Market: Private Vices And Some Public Benefits,2025-08-21
"Stock Market Today: Dow, S&P 500 Futures Tumble As Jobless Claims Increase— Walmart, Intuit, Ross Stores Earnings In Focus (UPDATED)",2025-08-21
5 Healthcare Stocks On Fire This Week,2025-08-21
Curveballs: Tariffs And Shifting Cost Dynamics,2025-08-21
The Appeal Of Small-Cap Stocks,2025-08-22
S&P 500 Snapshot: The Jackson Hole Rally,2025-08-22
The AI Bubble Is Leaking: Prepare For A Major Market Reversal,2025-08-22
SPMO: Detailed Review Of Invesco's $11.5B S&P 500 Momentum ETF,2025-08-22
"Navigating Choppy Waters: Interest Rate Cuts, Inflation, And War",2025-08-22
President Trump On Social Media Posts That He Is Conducting  A Tariff Investigation On Furniture Imports Within Next 50 Days; Tariff Rate Not Yet Determined,2025-08-22
"Powell In Jackson Hole, A Little Too Late - Danielle DiMartino Booth",2025-08-22
"Benzinga Market Summary: S&P Rises As Powell Suggests Policy Adjustment, US Dollar Pulls Back, Gold Rises",2025-08-22
What Powell Did And Didn't Say At Jackson Hole,2025-08-22
Federal Reserve Watch: Mr. Powell Opens The Door,2025-08-22
Wall Street Roundup: Markets Celebrate Powell's Jackson Hole Comments,2025-08-22
The Strategy Shift In The Markets As Tech Stock Rally Takes A Pause,2025-08-22
Fed Chair Powell Pivots To Cutting Mode,2025-08-22
Markets Rally As Powell Flags Downside Employment Risks At Jackson Hole,2025-08-22
Reuters Reports Deutsche Bank Expects Fed To Cut Interest Rates By 25 BPs In September And December Vs Prior Forecast Of Only December Cut In 2025,2025-08-22
U.S. GDP Nowcasts Continue To Indicate Slower Q3 Growth,2025-08-22
"For Someone With 'Limited Knowledge, Funds And Kids To Feed' Is Stock Trading Worth It Or Is It 'Just Another Form Of Gambling?'",2025-08-22
EU-USA Trade Framework Should Instill Market Optimism,2025-08-22
"Stock Market Today: Dow, S&P 500 Futures Rise As Wall Street Awaits Powell's Jackson Hole Keynote—Azitra, Zoom Among Top Movers (UPDATED)",2025-08-22
Do Extreme Concentration And Bad Breadth Signify A Bubble?,2025-08-22
"Powell At Jackson Hole: Rate Cut Likely, Or Is It?",2025-08-23
Fed Rate Cuts Don't Mean Lower Bond Yields,2025-08-23
"Likely Rate Cuts Will Provide Crucial Tailwinds, Expected Mixed Inflation",2025-08-23
Rate Cuts In Focus: Diverging Data And The Politics Of Monetary Policy,2025-08-23
Weekly Commentary: Discounting The Loss Of Fed Independence,2025-08-23
"In Jackson Hole, Chair Powell Hints At Near-Term Rate Cuts And Reiterates Long-Term Approach",2025-08-23
Fed Minutes Reveal Governors' Thought Process Behind July Rate Hold,2025-08-23
S&P 500: One Day Does Not Make A Trend (Technical Analysis),2025-08-24
"S&P 500: You're Less Diversified Than You Think, These ETFs Prove It",2025-08-24
"5 Financial Stocks Struggle With Expansion, Lagging Behind Sector Peers",2025-08-24
"Unpacking Powell's Speech: Opening The Path To S&P 500 At 7,000",2025-08-24
Ben Graham's Folly: The Stock Market Is Never A Voting Machine,2025-08-24
Powell Pivot Sparks REIT Rebound,2025-08-24
Jackson Hole: Investors Missed Powell's Note About The Neutral Interest Rate,2025-08-24
Market Valuations Don't Matter... Until They Do,2025-08-24
Markets Weekly Outlook - Fed Chair Pivot Ignites Rally Ahead Of U.S. PCE And Japanese Inflation Data,2025-08-24
"Benzinga Market Summary: S&P Roughly Flat, Roblox Rises As Wedbush Maintains Bullish Rating, Rail Stocks Fall On CNBC Report Indicating Berkshire Is Not In The Market To Buy Another Railroad Co.",2025-08-25
Watching Critical Mineral Stocks; U.S. Department Of The Interior Issues Geological Survey; Updates List Of Critical Minerals,2025-08-25
Shares of retail stocks are trading lower after President Trump suggested an increase in tariffs on Chinese products coming into the US.,2025-08-25
"CNBC Cites White House Official Saying ""Furniture Tariffs Will Be Imposed As Part Of National Security Investigation Into Lumber""",2025-08-25
"'An Influential Vaccine Panel's Task Force Will Be Led By A Member Who Has Previously Expressed Distrust In The Covid Vaccine; Retsef Levi, An Operations Professor At MIT, Will Lead The Covid-19 Immunization Task Force; Levi Has Previously Said The Covid Shots Should Be Removed From The Market And Has Called The Safety Of mRNA Shots Into Question' - Bloomberg News",2025-08-25
Sell The 'Fed Cut' Rally,2025-08-25
"The Fed Seems More Bullish, But I'm Not",2025-08-25
S&P 500 Climbs As Fed Opens Door To Resuming Rate Cuts,2025-08-25
The Contradictory Message Of Chair Powell's Jackson Hole Address,2025-08-25
Markets Consolidate After The Big Moves Before The Weekend,2025-08-25
"Stock Market Today: Nasdaq 100, Dow Futures Fall After Friday's Rally—Intel, PDD, Keurig Dr Pepper In Focus",2025-08-25
The Stocks Being Left Behind,2025-08-25
Weekly Market Pulse: A One-Handed Economist,2025-08-25
Dollar Index Outlook: What's Driving The U.S. Dollar After Powell's Friday Remarks? (Technical Analysis),2025-08-26
Nvidia Q2 Preview: 'Saying This Is The Most Important Stock In The World Is An Understatement' (CORRECTED),2025-08-26
The Fed's Coming Stagflation Trap,2025-08-26
Fed's Reverse Repo Is Finally Drained,2025-08-26
The Red Flag That Presaged Dot-Com Crash And The Great Recession Is Back,2025-08-26
"On Interest Rates, Unemployment, Tariffs Pass-Through, And Why I Am Hyper Bullish",2025-08-26
A Major Move Is Ahead For Interest Rates (Technical Analysis),2025-08-26
Weak Job Market Warning,2025-08-26
"S&P 500 Losers: 22 Stocks With Negative Returns Over Past 10 Years, And This One's Getting The Boot",2025-08-26
Inflation Fears Fuel The Bear Steepener,2025-08-26
President Trump Says Furniture Tariff Will Be Done Pretty Quickly; Reiterates Furniture Tariff Will Be 'Very Substantial',2025-08-26
A Hawkish Cut Is Not What The Market Should Be Clamoring For,2025-08-26
"Benzinga Market Summary: President Trump Moves To Terminate Fed's Cook, Trump Media & Technology Group Rises After News To Establish Trump Media Group CRO Strategy, July's Month-Over-Month Durable Goods Orders Data Reported Above Estimates",2025-08-26
Firing Of Cook Positive For Rates And Stock Market,2025-08-26
Fed Errs By Citing Trump Tariffs As Reason For Tight Money,2025-08-26
"Stock Market Today: S&P 500, Nasdaq 100 Futures Slip After Trump Fires Fed Governor Lisa Cook—Interactive Brokers, PVH Corp, Okta In Focus (UPDATED)",2025-08-26
Core Vs Headline: What Really Drives Inflation Calculations,2025-08-26
5 Regional Bank Stocks Exploding Higher,2025-08-26
Market Sees Challenge To Fed's Independence By Trump's Attempt To Fire Cook,2025-08-26
Powell Suggests A Change To Fed Policy,2025-08-26
"Nvidia, PCE Inflation, And Auto Sales May Shape The September Backdrop",2025-08-27
"Benzinga Market Summary: S&P Moves Higher Ahead Of NVIDIA Earnings, American Eagle Rises On Travis Kelce Collaboration",2025-08-27
Jerome Powell Has Just Added More Fuel To This Bull Market,2025-08-27
When Will Tariffs Fully Hit The Price Indices?,2025-08-27
There Is An Eerie Calm In Markets,2025-08-27
Inflation Dragon And Yield Starvation: Problem For Retirees,2025-08-27
"Stock Market Today: Dow, S&P 500 Futures Rise, Wall Street Awaits Nvidia Earnings— MongoDB, nCino, Snowflake In Focus (UPDATED)",2025-08-27
Ben Graham Misquoted: The Stock Market Is Never A Weighing Machine,2025-08-27
Is The Sharp Rise In Electricity Prices An Early Inflation Warning?,2025-08-27
EU Rushes To Scrap Tariffs On US Goods To Unlock Lower American Auto Duties: These Exporters Stand To Gain Big,2025-08-27
Canada's Investment In US Stocks Hits Highest Level Since 1990s Despite Trade Tensions: 'Buy Canadian...Doesn't...Apply To Investment Portfolios',2025-08-27
Are U.S. Importers Ready For The New Tariff Landscape?,2025-08-27
"US Tariffs On Most Imports From India Rise To 50% As Scheduled, With An Additional 25% Duty Tied To Russian Oil Purchases Taking Effect",2025-08-27
"Q2 GDP Second Estimate: Real GDP At 3.3%, Higher Than Expected",2025-08-28
"Nasdaq Leads U.S. Indices In Indecisive Moves Post Nvidia Earnings: Dow Jones, S&P 500, Nasdaq Overview (Technical Analysis)",2025-08-28
Fresh Bond Market Stress Is A Big Potential Warning Sign For Stocks,2025-08-28
New GDP Numbers: What Do They Show?,2025-08-28
Trump's Fed Makeover And What It Means For Markets,2025-08-28
"Major indexes are higher as investors assess NVIDIA's earnings report and broader tech sector implications. Additionally, US Q2 GDP growth beat expectations.",2025-08-28
"Benzinga Market Summary: US Q2 GDP Growth Beats Estimates, Analysts Raise NVIDIA Price Targets After Co. Reports Better-Than-Expected Earnings, S&P Rises",2025-08-28
Housing: 5 More Signs Of A Rapidly Deteriorating Market,2025-08-28
Fed Narrows 11th Consecutive Quarterly Loss Due To Quantitative Tightening,2025-08-28
Updating Gold Ratios To Cyclical Markets,2025-08-28
I Was Right About The Fed And Gold,2025-08-28
Does Dividend Reinvesting Turn 38%-Yielding YMAX Into A Market-Beater?,2025-08-28
Markets Continue To Expect Fed Will Cut Rates Next Month,2025-08-28
"Stock Market Today: Nvidia Drags Down Nasdaq Futures, Dow Trades Higher—Dollar General, Dell, Best Buy In Focus (UPDATED)",2025-08-28
Billionaire Investor Paul Singer Has Over Half Of Elliott Investment's Portfolio Invested In These Four Stocks,2025-08-28
Top 5 Biotech Stocks With Strong Momentum,2025-08-28
QMMM Holdings Under Scrutiny As Report Exposes WhatsApp Stock Promotion Campaign: The Bear Cave Flags 'Severe Stock Collapse' Risk,2025-08-28
Powell Scraps 'Make-Up' Inflation Playbook In Jackson Hole,2025-08-28
"Markets Weekly Outlook: U.S. Non-Farm Payrolls, U.S. ISM Services PMIs And Eurozone Inflation",2025-08-29
S&P 500 Earnings: S&P 500 EPS Growth For 2025 Has Risen From 8% To 10% Since Late June,2025-08-29
Tariffs Are Taxes,2025-08-29
Federal Reserve Watch: How Things Are Shaping Up,2025-08-29
Markets Brace For September Showdown: Fed Meeting Looms As Small Caps Lead,2025-08-29
The Coming White-Collar Recession,2025-08-29
July PCE Data: Unfolding Stagflation Should Worry The Fed,2025-08-29
The Market Is Teaching The Bears A Lesson,2025-08-29
Who's In Charge Of The U.S. Economy (If Not The Fed)?,2025-08-29
The Liquidity Drain Could Be About To Hit Markets,2025-08-29
'South Africa's Halts Parcel Deliveries to US Over Trump Tariffs'- Bloomberg,2025-08-29
Inflation Revival - Tariffs Start Hitting Consumers Directly Today,2025-08-29
"Stock Market Today: Dow, Nasdaq, S&P 500 Futures Tumble As PCE Index Ticks Up In July—Dell, Marvell, Alibaba Earnings In Focus (UPDATED)",2025-08-29
4 Consumer Cyclical Stocks That Are Flashing Strong Fundamental Signals,2025-08-29
"Top Hedge Fund Picks From Goldman Sachs Outperform S&P 500, Powering 16% Gains In 2025",2025-08-29
"Taiwan President Tells US Senator Wicker Hopes To Boost Weapons Design, Tariff Talks, Security, And Uphold People's Self-Determination",2025-08-29
Why A Government Shutdown Is Unlikely To Alter The Stock Market's Course,2025-08-29
4 Big Reasons Why American Markets Continue To Rise,2025-08-30
How Much Riskier Is The Russell 2000 Vs. The S&P 500?,2025-08-30
U.S. ETF Growth Easily Outpaces Market Gains Since 2020,2025-08-30
"Core PCE Inflation Rises 2.9% In July, As Expected",2025-08-30
"The 1-Minute Market Report August 31, 2025",2025-08-31
Top 10 High-Yield Dividend Stocks For September 2025,2025-08-31
3 Market Predictions For September,2025-08-31
SPLG: S&P 500 Dashboard For September,2025-08-31
Flawed Jobs Data Threatens Fed's September Rate Cut,2025-08-31
Inflation: Stable Now,2025-08-31
August Job Report Preview: Weak Report To Cement The September Fed Cut,2025-08-31
Market Efficiency Is Impossible: Here Is Why And Why It Matters,2025-08-31
How High Can Gold Stocks Go?,2025-08-31
Meme Markets: Investing Vs. Entertainment,2025-08-31
S&P 500 Snapshot: Inflation Worries Snap 3-Week Win Streak,2025-08-31
The Fed Will Cut Interest Rates In September? Don't Be So Sure,2025-09-01
Why Traders Fear September: 10 S&P 500 Stocks To Watch As Weak Seasonality Kicks In,2025-09-01
Why Equity Markets Keep Trending Higher Despite Ongoing Uncertainty,2025-09-01
The Labor Market's Soft Underbelly Emerges,2025-09-01
Fed Developments And Their Potential Impact On VTI In September,2025-09-01
Top 15 High-Growth Dividend Stocks For September 2025,2025-09-01
"Trump's Pause On Solar, Wind Project Approvals Impacts These 3 Stocks, With Their Valuation Scores Slipping",2025-09-01
Inflation Declined In July,2025-09-01
Are Markets Open On Labor Day? Here's What's Open And What's Closed On September 1,2025-09-01
2% Inflation Target: Is It Time For A Change?,2025-09-02
We Need To Pay Attention To The Housing Market,2025-09-02
The 'Ninja Rally' Is Real—And It's Stealing Wall Street's Swagger,2025-09-02
"Don't Be The Last Bull To Leave The Party, A Recession Is Coming",2025-09-02
The Option Market Says Prices Are Going Higher,2025-09-02
The September Curse: Wall Street's Most Dangerous Month Is Here,2025-09-02
No September Market Dip?,2025-09-02
"August U.S. Manufacturing PMIs: Tariff Costs Drive Inflation, Hurt Foreign Demand",2025-09-02
Jumbo 50 Bps Cut? Why September 9 Matters More Than The Jobs Report,2025-09-02
"SH: When The S&P 500 Goes Low, This Inverse ETF Goes High",2025-09-02
'India Challenges High US Tariffs on Some Copper Imports at WTO'- Bloomberg,2025-09-02
"EXCLUSIVE: August's 20 Most-Searched Tickers On Benzinga Pro – Where Do Opendoor, Palantir, BitMine Immersion, Apple Stock Rank?",2025-09-02
"Benzinga Market Summary: S&P Falls Amid Rising Yields, US Revokes TSMC's Waiver For China Shipments",2025-09-02
S&P 500 Mostly Moving Sideways As August 2025 Ends,2025-09-02
AGNC Investment: Excited For The Future After Fed Chair Powell's Jackson Hole Address,2025-09-02
Why I Believe We're Entering The Biggest Market Rotation In Decades,2025-09-02
Bill Ackman Has 70% Of His Portfolio Invested In These 5 Stocks: Here's What Q2 13F Filings Show,2025-09-02
"Stock Market Today: Dow, Nasdaq, And S&P 500 Futures Tumble To Kick Off September On A Weak Note—Nio, Signet, Zscaler In Focus (UPDATED)",2025-09-02
Weekly Market Pulse: The Sound Of Silence,2025-09-02
Dow Jones Forms Rising Wedge: What It Means For The Index,2025-09-03
Trouble Brewing In Private Markets,2025-09-03
The Fed Battle,2025-09-03
The Second Inflation Mountain: Real Risk Or Overblown Fear?,2025-09-03
XDTE: S&P 500 Based ETF Uses A Synthetic Covered Call Strategy To Generate Income,2025-09-03
Cooling U.S. Jobs Market Becoming More Apparent,2025-09-03
"TOPT: The S&P 500 Acts More Like A 20-Stock Index, This ETF Proves It",2025-09-03
July JOLTS: More Evidence That The Labor Market Weakened This Summer,2025-09-03
Are We Currently In A Market Bubble Like The One In 1999-2000?,2025-09-03
"Most Tariffs Declared Illegal, Will It Affect Inflation?",2025-09-03
"Benzinga Market Summary: Macy's Rises On Strong Earnings And Guidance, Alphabet Rises Judge Issues Sealed Decision Rejecting DOJ Request To Break Up Key Google Assets, S&P Gains",2025-09-03
"Stock Market Today: S&P 500 Futures Rise, Dow Slips Amid Mixed Trade—Google, Dollar Tree, Campbell's In Focus (UPDATED)",2025-09-03
ValuEngine Weekly Market Summary And Commentary,2025-09-03
3 Oil & Gas Stocks Too Cheap To Ignore,2025-09-03
World Stocks Lead August Surge: Broad-Based Rally Lifts Most Assets,2025-09-03
Keeping Cool In Volatile Markets: The Upside Of Defensive Equity Strategies,2025-09-03
Troubled Times Haven't Worried Stocks,2025-09-03
"C3is Plunges Nearly 6% After-Hours Following $5.3 Million Q2 Loss, But CEO Underscores 'Tariff-Proof' Fleet As Key Advantage Amid US-China Tensions",2025-09-03
"Marjorie Taylor Greene Hits Homerun Again, Buys Alphabet Stock 5 Days Before Favorable Antitrust Ruling: Here Are Some Other New Trades",2025-09-03
"How Stocks, Bonds, And Fed Might React To Preliminary Estimates For Annual Benchmark Revision",2025-09-03
"Benzinga Market Summary: S&P Rises, American Eagle Shares Surge On Strong Earnings, Salesforce Pulls Back",2025-09-04
August ADP Employment Points To Slower Hiring Pace Ahead Of Jobs Report,2025-09-04
The Fed Is A Soap Opera...,2025-09-04
Relatively Loose Macro Conditions Remain A Tailwind For Stocks,2025-09-04
Bad Jobs Data: A Domino That Could Take Down Unrealistic Home And Stock Prices,2025-09-04
FELC: Active ETF Targeting Capital Appreciation With S&P 500 Stocks,2025-09-04
The Great Disconnect: AI Stocks Soar While The Economy Stalls,2025-09-04
Softer U.S. Economic Growth Expected For Q3 GDP Report,2025-09-04
"Stock Market Today: Dow Futures Slip, Nasdaq Rises As Trump Files Tariff Appeal—American Eagle, Salesforce, Lululemon In Focus (UPDATED) - Apple (NASDAQ:AAPL), American Eagle Outfitters (NYSE:AEO)",2025-09-04
3 Tech Infrastructure Stocks Look Ready To Fly,2025-09-04
"Sydney Sweeney, Travis Kelce Collabs Net American Eagle 700,000 New Customers But It Braces For $70 Million Hit From Trump's Tariffs",2025-09-04
"Dollar Tree CEO Sees Trump's Tariffs As One Of The 'Largest Challenges,' Implements 'Five Levers' Strategy To Deflect Impact",2025-09-04
Fed Watch: Independence And Filtering Out The Noise,2025-09-04
Rates Spark: A Beige Book That Smells A Tariff Stutter,2025-09-04
VHT: A Popular Choice For Investing In U.S. Health Care Stocks,2025-09-05
"Powerball Hits $1.8 Billion: 10 Things To Buy With Winnings, Including Cryptocurrency, Stocks, Gold And Tesla Vehicles",2025-09-05
Federal Reserve Watch: Getting Set For A Rate Reduction,2025-09-05
Trump Was Right: August Jobs Show Powell Is 'Too Late',2025-09-05
August's Labor Data Gives The Fed The Green Light To Cut,2025-09-05
Is The Stock Market Overbought?,2025-09-05
Can Stocks Defy September's Bad Reputation For Markets?,2025-09-05
August Job Report Triggers Recession Warning,2025-09-05
5 Clear Signs Of A Market Bubble,2025-09-05
The Fed's Beige Book Says It's Time To Invest For Stagflation,2025-09-05
August Employment Report: Slow Job Gains Make A Fed Rate Cut Very Likely,2025-09-05
Are Rate Cuts The Right Move?,2025-09-05
August Jobs Report: Another Weak Report Heightens Pressure For Rate Cuts,2025-09-05
"Wall Street Roundup: Jobs Data, Gold Highs, AI + Tariff Impact",2025-09-05
An Economy Built On Fear: Will Rate Cuts Save It?,2025-09-05
The U.S. Tariff Saga Hasn't Reached Its Climax Yet,2025-09-05
U.S. Job Worries Intensify Calls For Immediate Fed Rate Cuts,2025-09-05
"Tariffs Are Taxes: Ergo, Tax Cuts Are Coming",2025-09-05
"Benzinga Market Summary: Jobs Data Comes In Softer Than Expected, Nasdaq Rises While S&P Dips Slightly, Gold Gains As Dollar Drops",2025-09-05
"Jobs Shock: 22K Hires, 4.3% Unemployment -- 50 Bps Is Now On The Table",2025-09-05
Top 50 High-Quality Dividend Stocks For September 2025,2025-09-06
Ultra Bullish On Unemployment Ticking Up To 4.3% In August,2025-09-06
August Jobs Report: Catalyst For A 50bps Rate Cut?,2025-09-06
"Mueller Water Products: Secular Growth Tailwinds, Margin Expansion Potential And Attractive Valuation Support A Buy",2025-09-06
Principal Well-Being Index: Small Businesses Not Yet Increasing Prices,2025-09-06
"The S&P 500, Dow And Nasdaq Since 2000 Highs As Of August 2025",2025-09-06
"CIO Notebook: U.S. Non-Farm Payrolls Disappoint, All Signs Point To Fed Cuts",2025-09-06
"Tails We Win, Heads You Lose': How The U.S. Has Managed To Avoid A Recession, For Now",2025-09-06
My Thoughts About That August Jobs Report,2025-09-06
S&P 500: Pain Is Necessary (Technical Analysis),2025-09-07
PXF: International Value Stocks Outperform The SPY,2025-09-07
"The 1-Minute Market Report September 7, 2025",2025-09-07
This Week Could Bring The Fed's Worst Nightmare: Stagflation,2025-09-07
"My Cocktail For The Upcoming Correction: 1 REIT, 1 BDC And 1 ETF",2025-09-07
The Nihilist Defense Of The Efficient Market Hypothesis,2025-09-07
August CPI Preview: Muted Inflation Consistent With Recession,2025-09-07
The Weakest Jobs Market Since 2020: What Investors Need To Know,2025-09-07
S&P 500 Earnings: Continued Upward Pressure On Forward S&P 500 Estimates,2025-09-08
"Benzinga Market Summary: S&P Flat, Consumer Credit Rose In Jul., EchoStar To Sell Spectrum Licenses To SpaceX",2025-09-08
The Bond Market Is Pricing A Recession,2025-09-08
Slowing Labor Market Strengthens The Case For A Fed Rate Cut Next Week,2025-09-08
The S&P 500 Continues Mostly Sideway Trajectory,2025-09-08
Will Powell Hint At 100 Bps Cuts And Ignite A Bull Run?,2025-09-08
"Friday's BLS Jobs Report: The Good, The Bad & The Ugly",2025-09-08
Why The Fed Should Cut Rates Very Soon,2025-09-08
Weekly Market Pulse: The Slowdown Continues,2025-09-08
"Beth Kindig Warns Of AI Software 'Bubble' Risk Amid R&D Stage, Says True Value Lies In Stocks That Are 'Participating Right Now'",2025-09-08
"Oh Boy, The Entire Stock Market Hinges On Just 1% Of Stocks",2025-09-08
Chart Of The Day: Just How Much Could The Fed Cut Now?,2025-09-08
"Stock Market Today: Dow, Nasdaq Futures Rise As Market Bets On September Rate Cut—Robinhood, Applovin, Caseys General In Focus",2025-09-08
These 4 Precious Metals Stocks Outshine As Gold Rallies,2025-09-08
"Interest Rate Cut Bets Intact After -911k Jobs Revision, US Dollar Steady. Will Recession Fears Grow?",2025-09-09
'Trump tells EU to hit China and India with 100% tariffs to pressure Putin'- Financial Times,2025-09-09
"Billions Exit SPY, Yet The S&P 500 Party Goes On: What's Happening?",2025-09-09
Labor Market Woes Worsen With Latest Revisions,2025-09-09
A Triple Whammy Scenario For Long-Term Treasury Yields,2025-09-09
What To Do With These Seven S&P 500 Stocks That Slumped,2025-09-09
"NFIB Optimism, Labor Revisions Feed Into Fed Policy Debate",2025-09-09
U.S. Job Revisions Make An Even Stronger Case For Rate Cuts,2025-09-09
Bondzilla: Japan's Bond Market Goes Nuclear,2025-09-09
This Bond ETF's Wild Rally Echoes The Pandemic Market Chaos,2025-09-09
We Are Not Facing A Recession,2025-09-09
August CPI Preview: Impact Of Higher Inflation On Fed's Expected Policy Path,2025-09-09
"Stock Market Today: Nasdaq, Dow Futures Gain Ahead Of Apple's 'Awe Dropping' Event—Nebius, Fox, Oracle In Focus (UPDATED)",2025-09-09
3 Bloated Software Stocks Screaming 'Short Me' At Insane Valuations,2025-09-09
This Ain't No Stock Market Bubble,2025-09-09
Gary Black Says This Could Spark Strong Rally In Tech And Growth Stocks If Recession Risks Stay Low,2025-09-09
ValuEngine Weekly Market Summary And Commentary,2025-09-09
Slower Job Growth Likely Solidifies September Rate Cut,2025-09-09
AI 'Revolution Is Here'—287 S&P 500 Firms Cite Artificial Intelligence On Earnings Calls In Q2,2025-09-09
"Curveballs: Inflation, Yields, Wages, Job Market, Housing",2025-09-09
AI Has Become The Economy And Market,2025-09-10
Treasury Yields: How Low Can We Go?,2025-09-10
PPI Cools Notably: Is a 50 bps Rate Cut in the Works?,2025-09-10
What Should You Expect During A Bull Market For Stocks?,2025-09-10
Trump Was Right To Panic: Can The Fed Fix It?,2025-09-10
Weaker Labor Market: Fed Must Move,2025-09-10
"Exchange-Traded Funds Higher, Equity Futures Mixed Pre-Bell Wednesday Ahead of Key Inflation Data",2025-09-10
"'EU is unlikely to hike tariffs on India, China at Trump's request'- Reuters",2025-09-10
Inflation Is More Important Than Jobs At This Point,2025-09-10
Weak Jobs Report All But Locks In Fed Rate Cut; All Eyes On Inflation Data,2025-09-10
EIA Weekly Distillates Stocks 4.715M Barrel Build Vs 0.200M Barrel Build Est.,2025-09-10
Don't Let The U.S. Mega-Caps Obscure Profits Across The Market,2025-09-10
"Stock Market Today: Dow Futures Slip, Nasdaq Rises As Producer Prices Edge Down 0.1% In August— Chewy, GameStop, Oracle In Focus (UPDATED)",2025-09-10
Is This Year's Leadership In Foreign Stocks Fading?,2025-09-10
Back To School For The Markets: 3 Themes For Investors To Watch,2025-09-10
3 Real Estate Stocks Flash Strong Momentum Signals As Fed Is Expected To Cut Rates,2025-09-10
India Chief Economic Adviser Says US Tariffs And GST Reforms To Trim FY26 GDP Growth Estimates By 0.2%–0.3% To 6.3%–6.8%,2025-09-10
"CPI Inflation Dishes Up Another Nasty Surprise, As It Tends To Do",2025-09-11
Fed Cut Locked: Why CPI Isn't Enough (And Jobs Are Cracking),2025-09-11
"'US to urge G7 to impose high tariffs on China, India over Russian oil purchases'- Financial Times",2025-09-11
"Despite Rate Cuts, The S&P 500 Still Flags 5 Bubble Signs",2025-09-11
A Hesitant FX Market After The As-Expected September CPI Release (Technical Analysis),2025-09-11
3 Factors Point To A Possible Bullish Market In The Coming Months,2025-09-11
S&P 500: The Boiling Frog Syndrome Of The Equity Market,2025-09-11
AIER's Everyday Price Index Rises 0.21 Percent In August 2025,2025-09-11
FBS Analysis Shows Ethereum Positioning as Wall Street’s Base Layer,2025-09-11
"Consumer Price Index: Inflation Rises 2.9% In August, As Expected",2025-09-11
Fiscal Stimulus Meets Fed Easing,2025-09-11
The Bond Market Is On A Collision Course With Stagflation,2025-09-11
"Inflation Is Rising As Rates Are Set To Fall, What Investors Can Expect",2025-09-11
"Benzinga Market summary: S&P Rises Following CPI And Jobless Claims Data, Chip Stocks Continue Higher On AI Optimism",2025-09-11
SPXL: A Leveraged Take On The S&P 500,2025-09-11
"Exchange-Traded Funds, Equity Futures Higher Pre-Bell Thursday Ahead of Consumer Inflation Report",2025-09-11
Job Worries Push The U.S. Fed Into Action,2025-09-11
"Recession Alarm Bells: The Jobs Market, Lumber, ISM And Fed Rate Cuts",2025-09-11
"Sergio Gor, Trump Nominee To Be Ambassador To India, Says U.S., India 'not That Far Apart' On Tariffs Deal",2025-09-11
"U.S. Inflation Remains Hotter Than Hoped, But The Fed's Focus Is Now Jobs",2025-09-11
A Case For Cuts? What To Expect From The U.S. Fed,2025-09-12
S&P 500 Earnings: 2026 Expected S&P 500 EPS Hasn't Wavered Much From Expected 14% Growth Rate,2025-09-12
What Might Stock Markets Do If The FOMC Cuts Rates By Only 25 Bps,2025-09-12
"BlockchainFX Raises $7.24M in Presale as First Multi-Asset Super App Connecting Crypto, Stocks, and Forex Goes Live in Beta",2025-09-12
Fed Funds Rate Cuts Won't Necessarily Lower Residential Mortgage Rates,2025-09-12
The U.S. Labor Market Isn't What It Seems: Cracks Are Widening,2025-09-12
The Fed Won't Fix This,2025-09-12
Jobs Or Inflation - What's Driving The Fed's Next Move?,2025-09-12
Federal Reserve Watch: Steady As She Goes,2025-09-12
What's At Stake As U.S. Supreme Court Considers Tariff Case,2025-09-12
Stock Market On Top of the World Ahead of Fed Meeting,2025-09-12
5 Variables Every Investor Must Watch Before The Fed Speaks,2025-09-12
"What Looms Ahead After The Dow Jones Topped A Record Of 46,000",2025-09-12
"Trading Trump: Change Brings Short-Term Market Volatility, But Also Long-Term Winners & Losers",2025-09-12
The Market Is Scaling The Wall Of Worry,2025-09-12
"Benzinga Market Summary: S&P Flat For Session, Tesla Shares Rise, Consumer Sentiment Falls",2025-09-12
Rate Cuts Should Overwhelm Transitory Stagflation,2025-09-12
"Fresh Market Highs, Here's What I See",2025-09-12
"Stock Market Today: S&P 500 Futures Slip, Nasdaq Rises Amid Mixed Trade— Adobe, Warner Bros, Super Micro In Focus (UPDATED)",2025-09-12
August CPI Inflation: A Rate Cut Won't End The Uncertainty,2025-09-12
3 Dividend Stocks I'm Buying As Irrational Exuberance Takes Over,2025-09-13
"Inflation Is Not A Virus, And It's Not Going Up",2025-09-13
S&P 500 Snapshot: 4-Day Win Streak Snapped,2025-09-13
S&P 500: The Fed Cut Fade (Technical Analysis),2025-09-14
Fed Cuts And BoJ Hikes Could Finally Break The Yen Carry Trade,2025-09-14
"Liquidity, Macro And Valuations Are Warning You",2025-09-14
"The 1-Minute Market Report - September 14, 2025",2025-09-14
U.S. Indices Surge With Nasdaq And S&P 500 Leading Before The FOMC Rate Decision,2025-09-15
"OEF: You Know The S&P 500, Now Meet The S&P 100",2025-09-15
"Since 1980, This Is How Rate Cuts Impact The S&P 500 Near All-Time Highs",2025-09-15
Small-Cap Comeback? IWM Tops SPY With Fed Cuts On The Horizon,2025-09-15
Why Have We Forgotten What A Recession Looks Like?,2025-09-15
The Fed Could Break The Market,2025-09-15
"The Fed Is Asleep, Powell Has Been Too Slow With Rate Cuts",2025-09-15
"S&P 500: A Simple Strategy For The Next 12 Months, With Tight Risk Management",2025-09-15
"Benzinga Market Summary: Tesla Rises After Elon Musk Purchases Shares, Nasdaq And S&P Rise, Trump And Xi To Meet Friday; Trump Hints At TikTok Deal",2025-09-15
Expectations Of September 2025 Rate Cut Lock In As S&P 500 Reaches New Heights,2025-09-15
Markets Continue To Signal Risk-On For Global Strategies,2025-09-15
"FOMC Preview: Deteriorating Jobs Market Will Force Fed's Hand, But Rate Cuts Won't Be Enough",2025-09-15
The Fed Is In Focus,2025-09-15
SPYI: Smart And Income-Rich Way To Invest In The S&P 500,2025-09-15
"Stock Market Today: S&P 500, Nasdaq, Dow Futures Rise— Nvidia, Hain Celestial, Check Cap In Focus (UPDATED)",2025-09-15
4 Tech Stocks That Look Overpriced — Do You Own One?,2025-09-15
The Fed Preview: Expect A 25 BPS Cut And Negative Stock Market Reaction,2025-09-15
I'm Seeing A Market Shift Few Are Ready For,2025-09-15
The Fed's Hot Potato,2025-09-15
Weekly Market Pulse: Nuance Is Subtle,2025-09-15
"Retail Sales Up 0.6% In August, Higher Than Expected",2025-09-16
Stock Owners Have Learned To Love The Bomb,2025-09-16
"Benzinga Market Summary: S&P Pulls back Slightly Ahead Of Fed Meeting, Oil Rises, Novo Nordisk Gains On Plans To Seek US approval For High-Dose Wegovy",2025-09-16
Tariffs At The Supreme Court: The Federalist Society Against The Heritage Foundation,2025-09-16
The Market Shrugs At Solid Macro Data Ahead Of The Fed's Decision,2025-09-16
Introducing TMC Research's Recession Probability Indicator,2025-09-16
5 Clear Signs The U.S. Is Likely Heading Into Recession Next Year,2025-09-16
U.S. Q3 GDP Report Still On Track To Report Slower Growth,2025-09-16
"A Fed Divided, But It May Not Matter",2025-09-16
U.S. Recession Probability As Fed Finally Set To Resume Rate Cuts,2025-09-16
"Stock Market Today: Nasdaq Futures Gain, Dow Slips As FOMC Begins Its 2-Day Meet — Tesla, Adtran, Ferguson In Focus (UPDATED)",2025-09-16
"Gold Smash Records At $3,700 As Analysts Say This Rally Is Just The Beginning Of A New Cycle For Precious Metals And Mining Stocks",2025-09-16
The New Fed Board Seems Dovish,2025-09-16
Why Most People May Be Wrong About The Market Right Now,2025-09-16
3 BlackRock Debt Funds Dwindle In Quality Amid Falling Treasury Yields,2025-09-16
Falling Rates And Rising Earnings May Be A Potent Mix For Markets,2025-09-16
"S&P 2025 Target Raised To 7,000 On AI Momentum And Fed Clarity",2025-09-16
Cranking Up The Inflation Machine: Fed Delivers Rate Cut,2025-09-17
This Fed Meeting Must Have Been A Circus,2025-09-17
Fed Watch: Will It Be DéJà Vu All Over Again?,2025-09-17
"Federal Reserve Resumes Rate Cuts, Extends Inflation Runway",2025-09-17
FBI Director Kash Patel Bought 2 Stocks In 2025 — One's Already A Meme Favorite,2025-09-17
Fed Cuts 25bp And Signals Just Three More Will Be Enough,2025-09-17
Federal Reserve Moves... Down 25 Basis Points,2025-09-17
What Powell Did And Didn't Say At The Fed Meeting,2025-09-17
"Benzinga Market Summary: S&P Volatile After Fed Cuts Rates As Market Assesses Powell's Comments, Dollar Gains; Lyft Surges On Waymo Partnership, Uber Falls",2025-09-17
"Inflation Expectations, Tech Valuations, Healthcare Opportunities",2025-09-17
When The Fed Cuts: Lessons From Past Cycles For Investors,2025-09-17
"Benzinga Market Summary: Nasdaq And S&P Drop Ahead Of Fed Decision, NVIDIA Falls On Reports China Barred Domestic Firms From Buying Co.'s AI Chips",2025-09-17
Little Faith That The Federal Reserve Can 'Thread The Needle',2025-09-17
Federal Reserve Should Save Cuts To Clean Up The Bubble Fallout,2025-09-17
EIA Weekly Distillates Stocks 4.046M Barrel Build Vs 1.100M Barrel Build Est.,2025-09-17
The Federal Reserve Is In The Hot Seat Today As Stagflation Risk Lurks,2025-09-17
"September 2025 Macro Outlook: Fiscal Flows, Bank Credit, And Fed Policy Implications",2025-09-17
"Consumers Keep Spending, No Recession On The Horizon",2025-09-17
"Stock Market Today: S&P 500 Futures Dip, Dow Rises Ahead Of FOMC Decision On Interest Rates—General Mills, New Fortress, Cracker Barrel In Focus (UPDATED)",2025-09-17
"Jim Cramer Pushes For 'Gone Meme' Stock List As Opendoor Surges, Suggests IonQ's Meme Moment Is Over",2025-09-17
"Powell Pivots, Fed Cuts Rates As Jobs Market Weakens",2025-09-18
"Fed Pivots: What The Rate Cut Means For Bonds, Gold, And AI Stocks",2025-09-18
The Stage Is Set For A Sizeable Equity Market Pullback,2025-09-18
"Benzinga Market Summary: NVIDIA And Intel Soar On Investment And Data Center/PC Chip Deal, S&P Rises,  AMD Falls In Reaction",2025-09-18
Markets Still Expect Lower Yields After Fed Rate Cut,2025-09-18
"Recession, Inflation, Or Goldilocks - What's Your Bet?",2025-09-18
The Fed Is Going To Turbocharge The Bull Market,2025-09-18
The Market May Be About To Be Turned Upside Down,2025-09-18
"Stock Market Today: S&P 500, Nasdaq Futures Rise Following Fed Rate Cuts— Nvidia And Intel In Focus After $5 Billion Investment Deal (UPDATED)",2025-09-18
"The Fed Will Cut Rates Again, And Again",2025-09-18
"Big Tech Stocks Mirror Dotcom Bubble But On 'Steroids,' Says Top Analyst: Could Repercussions Be More Pronounced Than 1999 Crash?",2025-09-18
3 Gold Mining Stocks Shine As Prices Hit Records,2025-09-18
"September FOMC: Fed Delivers First Cut Since 2024, But Tone Stays Firm",2025-09-18
Weekly Market Pulse: An Energetic Market,2025-09-18
The Fed's Big Decision,2025-09-18
"NIE: Market Valuations Appear Stretched, But This Fund's Has Improved",2025-09-18
"Trump Tariffs Force Cracker Barrel To Cut Products, Squeeze Suppliers Amid $25 Million Hit And Rebrand Fiasco",2025-09-18
"Fed Delivers Dovish Shift, Restarts Rate-Cutting Cycle",2025-09-18
The Real Winner Of Rate Cuts,2025-09-19
Federal Reserve Watch: Has The Fed Changed Directions?,2025-09-19
DXY: Post-FOMC U.S. Dollar Surge Shifts Global Markets (Technical Analysis),2025-09-19
Fed Abandons Its New Monetary Policy Framework With 25 Basis Point Rate Cut,2025-09-19
I'm Raising Cash: 5 Warning Signs Of A Market Bubble Are Here,2025-09-19
Key Factoids Point To How Overvalued The Nasdaq Has Become,2025-09-19
Interest Rate Cuts: Sectors Poised To Benefit More Than The S&P 500,2025-09-19
Fed Cuts Could Spark A Surge In The 10-Year Yield,2025-09-19
The Current Round Of Rate Cuts Will Likely Spur The Global De-Dollarization Trend,2025-09-19
Fed Cuts Its Target Interest Rate And Signals More To Come,2025-09-19
Expect Interest Rates To Plunge As We Barrel Toward A Recession,2025-09-19
Brodrick And Eade On What's Really Powering The Rally In Stocks And Metals,2025-09-19
"Stock Market Today: Dow, S&P 500 Futures Rise Ahead Of Trump-Xi Call— FedEx, MoneyHero, Lennar In Focus (UPDATED)",2025-09-19
EQL: Broad Market ETF With Low Tech Exposure And A Tilt To Value,2025-09-19
"CIO Notebook: Fed Makes A Move, Adds Fuel For Future Cuts",2025-09-19
"Inflection Points: No Reservations, Just Valuations",2025-09-19
"The 1-Minute Market Report, September 21, 2025",2025-09-20
Investing Outlook As Central Banks Begin Rate Cuts,2025-09-20
3 Electrical Equipment And Parts Stocks Flashing Strong Signals,2025-09-20
Markets Weekly Outlook - PMI And PCE In The Spotlight As U.S. Dollar Remains Sensitive To U.S. Labor Data,2025-09-20
Confusion In The Jobs Market,2025-09-20
S&P 500 Snapshot: Index Finishes The Week At Record High,2025-09-20
The Market Setup Has Rarely Been This Treacherous,2025-09-21
Why I'm Positioning My Portfolio For The Fed's Most Dangerous Gamble Yet,2025-09-21
Overbought Conditions Across Multiple Markets,2025-09-21
Chicago Fed National Activity Index: Economic Growth Increased In August,2025-09-22
Weekly Commentary: The Fed And The Third Mandate,2025-09-22
"Building A $100,000 Dividend Portfolio: Maximizing SCHD's Income With September's Top High-Yield Stocks",2025-09-22
History Often Repeats: Why The Housing Bubble And Stock Market Could Go Bust In 2026,2025-09-22
H1B Fee: A Tariff On Talent That Could Slow U.S. Growth,2025-09-22
The Market Is A Weighing Machine... Eventually,2025-09-22
"Could Rate Cuts, Economic Resiliency Spark An End-Of-Year Rally?",2025-09-22
Where Is The Fed Taking Interest Rates?,2025-09-22
"U.S. Treasury Secretary Bessent Says U.S. Will Not Impose New Conditions, Demands On Argentina In Exchange For Market Intervention; IMF Reluctant To Make Program Adjustments Before Argentine Election; Spoke With IMF Managing Director Georgieva About Argentina This Week, Satisfied With Their Position",2025-09-22
"U.S. Treasury Secretary Bessent Says I Don't See Danger Of Financial Contagion; We See Shift To Right In Other Latin American Countries, Including Colombia; Want To Solidify That; Don't Think Mistakes Were Made, But Markets Overshoot; We Are Comfortable Intervening As Long As Countries Maintain Sound Economic Policies; We Think Reforms In Argentina Are Going 'Quite Well'; No Demands From U.S. In Exchange For Intervention; No One Should Doubt The Resolve Of This Administration",2025-09-22
"U.S. Treasury Secretary Bessent Says U.S. Action To Support Argentina Will Be 'Large And Forceful'; Decision On U.S. Intervention Will Be Made After Trump-Milei Meeting In New York On Tuesday; U.S. Won't Take Action Until After That Meeting; Briefed Other Finance Ministries On Argentine Situation, Says Some May Also Intervene; IMF Unable To Make Adjustments To Argentina Program; I Don't See Danger Of Financial Contagion",2025-09-22
U.S. Treasury Secretary Bessent Says U.S. Will Impose Sanctions On Other Brazilian Officials 'If Necessary'; Any Brazilian Financial Institution That Deals With Sanctioned Individuals Should Consider Those Actions Carefully,2025-09-22
Mega- And Micro-Cap Stocks Are Battling For First Place In 2025,2025-09-22
St. Louis Fed's Musalem Says Bankers Say That Conditions Are Good Right Now,2025-09-22
S&P 500 Reaches New Height As Investors Shift Time Horizon,2025-09-22
Markets: Bullish Vs. Bearish Case,2025-09-22
3 IT Stocks Set For Breakout Amid Surging Momentum,2025-09-22
"Stock Market Today: Dow, Nasdaq 100 Futures Slip After A Stellar Week—Fox, Oracle, Dell In Focus On TikTok Investment",2025-09-22
15-Year Bull Markets: Signs Of A Potential Major Top (Or Not) And Knowing What Hasn't Worked,2025-09-22
"Housing Set To Become 'Even Less Affordable' As Tighter Supply Faces Rising Demand With Rate Cuts: Focus On Buffett's LEN, DHI Play",2025-09-22
Why I Believe The Market Rally Is Losing Steam,2025-09-23
Time Is Running Out For The Economy: 4 Underfollowed Indicators Predict Recession,2025-09-23
More Fed Interest Rate Cuts: Yielding Independence To Stay Independent,2025-09-23
Fed's 25 Bps Cut May Backfire Spectacularly,2025-09-23
Fed Rate Cut: Powell Pushes Back,2025-09-23
"Benzinga Market Summary: S&P Pulls Back, Intel Continues Higher, Disney To Reportedly Raise Disney+ Prices",2025-09-23
The Stock Market Rally Isn't Over Yet,2025-09-23
Searching For Alternatives To Inflation Metrics,2025-09-23
"Since 1970, This Is The Average Return Of The S&P 500 After An Interest Rate Cut",2025-09-23
U.S. Recession Risk Is Still Low - Will It Last?,2025-09-23
Where Will $7.7 Trillion In Money Markets Go?,2025-09-23
"Stock Market Today: Dow Futures Rise, Nasdaq, S&P 500 Slip Amid Mixed Trade—Kenvue, Micron Tech, Nvidia In Focus (UPDATED)",2025-09-23
Rethink Your Strategy If You Ever Want To Beat The Market Again,2025-09-23
Why This Fed Rate Cut Is Terrible News For Some Dividend Stocks,2025-09-23
MicroCloud Hologram Stock Soars Over 22% After-Hours On Quantum Breakthrough,2025-09-23
"South Korea's Lee Says Wants U.S. To Keep In Mind South Korea's FX Market Is Not The Same As Japan's; U.S. Secretary Of The Treasury Bessent Says U.S.-South Korea Alliance Is Strong, Difficulties Can Be Overcome",2025-09-24
"South Korea President Lee, Meeting U.S. Treasury Bessent, Says Tariff Talks Should Be 'Commercially Rational' And Benefit Both Countries' Interests",2025-09-24
The Market Is Headed Towards A Hard Reset,2025-09-24
Seasonal Research: Absence Of Summer Market Selloff Increases Odds Of Autumn Correction,2025-09-24
"Benzinga Market Summary: S&P Pulls Back As Investors Assess Fed Commentary And Recent Highs, Gold Slips As Dollar Gains, Chinese Stocks Rise As Alibaba Reportedly Plans to Expand AI Infrastructure",2025-09-24
U.S. Q3 GDP Nowcasts Indicate Solid Growth After Fed Rate Cut,2025-09-24
Why The Correction Is Starting,2025-09-24
Stock Market Volatility May Be About To Make A Big Return,2025-09-24
5 Clear Signs Of Market Euphoria,2025-09-24
"Reported Earlier: ""The U.S. Will Soon Follow Through On Its Pledge To Lower European Car Tariffs To 15% From 27.5%, President Trump's Top Envoy To The European Union Said"" - WSJ",2025-09-24
"Record Market Highs, Real Economic Risks: What's Next For Investors",2025-09-24
Powell Said Stocks 'Highly Valued' – Remember After 'Irrational Exuberance' Stock Bubble Inflated More Before Crash,2025-09-24
EIA Weekly Distillates Stocks 1.685M Barrel Draw Vs 1.500M Barrel Draw Est.,2025-09-24
S&P 500: Buy Put Spreads Before The Tide Turns,2025-09-24
Brazil's VP Alckmin Says Good Chemistry Between Lula And Trump Could Lead To A Solution About U.S. Tariffs On Brazilian Goods,2025-09-24
"U.S. Treasury Secretary Bessent On Argentina, Says Working With Them To End The Tax Holiday For Commodity Producers Converting Foreign Exchange; Have Talked To Numerous U.S. Companies Who Intend To Make Substantial Foreign Direct Investment; Trump Has Confidence In Its Economic Plans; Will Work On Its Principal Repayments After Election; U.S. Treasury Remains Fully Prepared To Do What Is Necessary",2025-09-24
"U.S. Treasury Secretary Bessent On Argentina, Says We Stand Ready To Do What Is Needed To Support It; Ready To Purchase Argentina's USD Bonds And Will Do So As Conditions Warrant; Prepared To Deliver Significant Stand-by Credit Via The Exchange Stabilization Fund, Discussed With Milei's Team; Currently In Negotiations With Argentine Officials For A $20B Swap Line With The Central Bank; Will Work To Prevent Excessive Volatility; U.S. Stands Ready To Purchase Secondary Or Primary Government Debt",2025-09-24
"Stock Market Today: S&P 500, Nasdaq, Dow Futures Gain Despite Powell's Cautious Take On Stocks— Micron Tech, Cintas, KB Home In Focus (UPDATED)",2025-09-24
Why The S&P 500 Could Be The Biggest Risk In Your Portfolio Right Now,2025-09-24
Powell Discovers Valuations,2025-09-24
Federal Reserve Watch,2025-09-25
"Q2 GDP Third Estimate: Real GDP At 3.8%, Higher Than Expected",2025-09-25
Analyzing A New Direction For The Federal Reserve,2025-09-25
"What Slowdown? Q2 GDP Growth Revised Up To Hot Zone Of 3.8%, Stronger Consumer Spending And Private Fixed Investment",2025-09-25
How Does The Federal Reserve Set Interest Rates?,2025-09-25
Is A Highly Valued Stock Market A Warning Or The New Normal?,2025-09-25
"Forget Rate Cuts: The ""X-Factor"" That Could Turbocharge The Market",2025-09-25
"US Q2 GDP, Third Estimate: Upward GDP Revision Counters Slowdown Narrative",2025-09-25
"Benzinga Market Summary: S&P Falls As Oracle And Tesla Slip, Medical Technology Stocks Fall Amid US Probe Of Imports",2025-09-25
Weekly Economic Pulse: A Goldilocks Rate Cut,2025-09-25
President Trump Say: Going To Take Tariff Money And Give To U.S. Farmers; Going To Distribute Farmer Aid Until Tariffs Kick In To Their Benefit,2025-09-25
"President Trump, With Turkey's Erdogan, Says We're Going To Talk About Tariffs",2025-09-25
"Correction Or Not, Keep On Riding The Rally",2025-09-25
Why Stocks Haven't Crashed (Yet?),2025-09-25
"Stock Market Today: S&P 500, Nasdaq And Dow Jones Futures Flat, As Investors Brace For Multiple Fed Official Remarks — Costco Earnings In Focus",2025-09-25
"Wall Street Slip: A Closer Look At The Dow, S&P 500, And Nasdaq Decline",2025-09-25
Dow Jonesing For Lithium,2025-09-25
Inflation Still Over Target In August,2025-09-26
"Core PCE Inflation Holds Steady At 2.9% In August, As Expected",2025-09-26
U.S. Core PCE Inflation Rises As Expected,2025-09-26
"Benzinga Market Summary: S&P Rises Ahead Of Close, PCE Inflation Comes In Line with Estimates, Trump Announces Tariffs Which Include Pharmaceuticals, Furniture And Trucks; Intel Rises On Proposed 1:1 Domestic-To-Imported Chip Ratio Requirement",2025-09-26
Mobius' Favorite Global Markets For 2025-2026,2025-09-26
Record High Stock Buybacks Could Hint At An AI Bubble,2025-09-26
Why Stock-Pickers Could Lead The Coming Decade,2025-09-26
Raise Cash: Jerome Powell Sounds The Valuation Alarm On Stocks,2025-09-26
Bond King's Dire AI Warning: A Major Market Reversal Could Be Coming,2025-09-26
Bitcoin's Weakness Warns Of Liquidity Trouble For Stocks,2025-09-26
"August Personal Income And Outlays: Solid Spending, Slowing Incomes, And Sticky Inflation",2025-09-26
"Shares of companies in the broader retail sector are trading higher amid overall market strength. The sector may be rising amid hopes of easing Us-China trade tensions following recent comments from US President Trump, which could alleviate some supply chain uncertainty.",2025-09-26
"Benzinga Market Summary: S&P Flat, PCE Inflation Comes In Line with Estimates, Trump Announces Tariffs Which Include Pharmaceuticals, Furniture And Trucks; Intel Rises On Proposed 1:1 Domestic-To-Imported Chip Ratio Requirement",2025-09-26
Fragile Crossroads For The S&P 500,2025-09-26
"Consumers Splurge, Intel, GlobalFoundries, Lilly, Paccar, American Woodmark Benefit From New Tariffs",2025-09-26
S&P 500: P/E And Interest Rates Scare Me More Than Record Buffett Indicator,2025-09-26
The Impact On The Economy And Markets Of The Looming Government Shutdown,2025-09-26
Market Outlook: I Still Don't See 1999 Or 2008 Signs Yet,2025-09-26
Rates Spark: Whimsical Data Clouds The Fed's Path,2025-09-26
Rising Yields Break The 'Unbreakable' Rally In S&P 500,2025-09-26
Markets Weekly Outlook - Getting Ready For September NFP Week,2025-09-27
"U.S. GDP Is Hot, Consumer's Not",2025-09-28
"The 'Pain Trade' Is Higher, Stay Long Through Q3 Earnings Season",2025-09-28
S&P 500: This Trend Is About To Break (Technical Analysis),2025-09-28
How To Survive A 30% Market Crash In Retirement,2025-09-28
The Market Faces A Surprising End-Of-Year Pain Trade,2025-09-28
Markets Detached From Economic Fundamentals,2025-09-28
"Since Bad Things Are Happening To Good Stocks, This May Help (Technical Analysis)",2025-09-28
"The 1-Minute Market Report - September 28, 2025",2025-09-28
S&P 500 Snapshot: First Weekly Loss In A Month,2025-09-28
S&P 500 Holds Above Key Support As Investors Brace For Jobs Report,2025-09-29
Why We Still Like Japan In Global Stocks,2025-09-29
Jobs Report In Focus As Fed Signals More Rate Cuts,2025-09-29
"Benzinga Market Summary: S&P Marginally Higher, Piper Sandler Raises NVIDIA Price Target, Gold And Bitcoin Rise Ahead Of Potential Government Shutdown",2025-09-29
What The Fiscal Crisis Means For Stocks,2025-09-29
Why The Jobs Report In September 2025 Matters More Than Ever,2025-09-29
'Swiss Offer Trump Sweetener on Gold to Get Better Tariff Deal'- Bloomberg,2025-09-29
"Gold Soars On Shutdown Fears But Physical Demand Weakens, Buying Stocks For Window Dressing but Rebalancing Ahead",2025-09-29
Cheapest S&P 500 Stocks Ranked: 30 Best Value Buys,2025-09-29
RSI (Relative Strength Index): Timing The Next Correction,2025-09-29
"President Trump Posts On Truth Social ""I Will Be Imposing A 100% Tariff On Any And All Movies That Are Made Outside Of The United States. Thank You For Your Attention To This Matter. Make America Great Again!""",2025-09-29
S&P 500 Retreats As Investors Shift Focus To Q2 2026,2025-09-29
"Stock Market Today: Nasdaq, Dow, S&P 500 Futures Rise As Government Shutdown Looms— Kellanova, Carnival Corp, Jefferies In Focus (UPDATED)",2025-09-29
4 Biotechnology Stocks That Outshine In Momentum Amid Strong Technicals,2025-09-29
S&P 500 Earnings: What's Expected For Q3 '25? A Brief History Of Tech Sector EPS Growth,2025-09-29
"Trump's 100% Drug Tariff Will Hit Americans, Economist Says Buyers 'Eat The Cost,' Not Foreign Firms",2025-09-29
"U.S. Economy: AI Mania, Fed Policy, And Q4 Market Risks",2025-09-29
More Record Closing Highs as Fed Government May Be Closing,2025-09-30
"Labor Market In New Era Of Low Churn, Uneasy Calm, Government Job Losses, And Crackdown On Illegal Immigration",2025-09-30
Buy High Visibility Cash Flows For The Rate Cut Cycle,2025-09-30
"September Charts: Stocks Defy Seasonal Weakness, Tech Led The Charge",2025-09-30
3 Market Predictions For October,2025-09-30
Investors 'Play With Fire' As The Market Appears Ripe For A Plunge,2025-09-30
"Since 1974, This Sector Has Beaten The Market 75% Of The Time After Interest Cuts",2025-09-30
S&P 500: Expect More Of The Same,2025-09-30
"Benzinga Market Summary: S&P Flat As Government Shutdown Looms, Gold Rises Amid Uncertainty, CoreWeave Surges On Meta Contract; Oil Dips On Reports OPEC+ Will Boost Pace Of Output Hikes",2025-09-30
"Stocks Pause, But Rate Cuts, Economic Growth May Provide Support",2025-09-30
This Market Is Not As Expensive As Advertised,2025-09-30
"Stock Market Today: Nasdaq, Dow Futures Slip As Shutdown Standoff Drags On—Cigna, Wolfspeed, Nike In Focus (UPDATED)",2025-09-30
September Labor Market Report Preview: On The Brink Of A Recession,2025-09-30
Single Stock Volatility Jumps Higher As Earnings Approach,2025-09-30
"Marjorie Taylor Greene Loads Up On Six-Figure Treasury Bill— Diversifies Portfolio With Bitcoin ETF, Tech Stocks",2025-09-30
Top 15 High-Growth Dividend Stocks For October 2025,2025-10-01
Markets Surge Higher Despite Shutdown Anxiety Fire,2025-10-01
"9 Stocks Turn $10,000 Into $181,172 In 9 Months",2025-10-01
SDS: Benefits And Risks Of The -2x S&P 500 Leveraged ETF,2025-10-01
"Benzinga Market Summary: S&P Pares Earlier Losses Despite US Government Shutdown, Pharma Stocks Gain Amid Pfizer's Deal With TrumpRx, Gold And Bitcoin Rise",2025-10-01
EIA Weekly Distillates Stocks 0.578M Barrel Build Vs 1.685M Barrel Draw Prior,2025-10-01
Nice-To-Haves: Amazon And Top Consumer Discretionary Stocks For Q4,2025-10-01
"Stock Market Today: S&P 500, Dow, Nasdaq Futures Decline Following Government Shutdown—Nike, Ryvyl, Conagra Brands In Focus",2025-10-01
Everything You Thought About The Market Is About To Change,2025-10-01
MoneyMasters Podcast 10-2-25- The Hidden Side of the Stock Market's Hot Streak,2025-10-02
"FIW: Water Valuations Recover, But Earnings Signals Disappoint",2025-10-02
Demographic Trends Bode Ill For The Economy And The Markets,2025-10-02
The Labor Market Continues To Unravel,2025-10-02
AI Capex Should Cripple Next Profit Cycle For S&P 500,2025-10-02
"Benzinga Market Summary: S&P Dips Slightly Amid US Government Shutdown But Hovers Near Record, Tesla Rises On Q3 Delivery Figures, Bitcoin Rises, Chip Stocks Surge",2025-10-02
September Labor Market Data: Who Needs A Jobs Report?,2025-10-02
B2BROKER Taps Finery Markets to Power Institutional Crypto OTC on B2TRADER,2025-10-02
Should Investors Be Worried About Inflation?,2025-10-02
"The ADP Report Says Layoffs Are Starting, Recession Is Near",2025-10-02
'US May Ease Tariffs on Scotch Whisky to Help Bourbon Industry' -Bloomberg,2025-10-02
"Macro Insights From September 2025: A Government Shutdown, The Fed's Gamble, And A Bubble Ready To Burst",2025-10-02
"ADP Jobs Report: Winners, Losers, And Not Much In Between",2025-10-02
Trump's Tariffs Kept Market Unfazed As Leveraged ETFs See 74% Inflow Since April Lows: 'Risk Appetite Is Incredibly Strong',2025-10-02
"Stock Market Today: Dow Futures Slip, S&P 500 Rises Amid Mixed Trade—Berkshire, Occidental, Fermi In Focus",2025-10-02
SPY and Jobs- What's Next for the Stock and Labor Markets,2025-10-02
The Truth About Market Impacts Of Government Shutdowns,2025-10-02
Portfolio Signals To Watch At Market Highs,2025-10-02
3 Consumer Cyclical Players With Improving Valuation That Should Be On Investors' Radar,2025-10-02
AI: The Bubble Driving The Economy And The Markets,2025-10-03
ISM Services Also Points To A Recession,2025-10-03
"'Republican Senator Moreno Says President Trump Considering Significant Tariff Relief For U.S. Auto Production; GM, Tesla, Toyota, Ford Could See Significant Tariff Relief' - Reuters Exclusive",2025-10-03
4 Hot Chip Stocks You Can't Ignore,2025-10-03
Interest Rate Implications From U.S. Government Shutdown,2025-10-03
No News Is Good News: Pre-markets Up on Dormant BLS Report,2025-10-03
U.S. Business Surveys Strengthen The Case For Rate Cuts,2025-10-03
"Exchange-Traded Funds, Equity Futures Higher Pre-Bell as Investors Eye Another Interest Rate Cut for 2025",2025-10-03
Federal Reserve Watch: The Money Is Piling Up,2025-10-03
"Benzinga Market Summary: S&P Moves Higher Despite Government Shutdown, Applied Materials Drops On Commerce Department Export Restrictions, USA Rare Earth Stock Rises On White House Discussions",2025-10-03
Stocks And Funds Shoot Higher Despite Bubble Fears — What's Next?,2025-10-03
Top 50 High-Quality Dividend Growth Stocks For October 2025,2025-10-03
Time for Emerging Markets ETFs?,2025-10-03
"GDP Stays Strong, But Job Cuts And Shutdown Cloud Q4 Outlook",2025-10-03
"Stock Market Today: Nasdaq, S&P 500 Futures Gain On 3rd Day Of Government Shutdown—Rumble, Riggeti, Kodiak In Focus (UPDATED)",2025-10-03
Promised Recession... So Where Is It?,2025-10-03
Upside Inflation Bias Continues As Fed Faces Data Blackout,2025-10-03
"Dot-Com Bubble Clone Or Bull Market? Get Ready For 1999-Style Market Melt-Up, Warns Fidelity's Timmer As He Notes 'Juicy' Similarities",2025-10-03
"As U.S. Stocks Hit Records, Do Mexican Equities Offer Diversification Opportunities?",2025-10-03
"The 1-Minute Market Report - October 5, 2025",2025-10-04
5 Dividend Stocks I Can't Wait To Buy In October (Plus Macro Update),2025-10-04
Government Shutdown 2025: Why Prolonged Gridlock Could Trigger Sharp Interest Rate Cuts,2025-10-04
SPUS: 10 Stocks To Complement This Shariah-Compliant S&P 500 ETF,2025-10-05
A Major Stock Market Storm Is About To Be Unleashed,2025-10-05
"Why I Think The S&P 500 Has Become Irrelevant, And What I'm Doing About It",2025-10-05
Why Is The Fed Putting So Little Weigh On Its Inflation Mandate?,2025-10-05
S&P 500 Snapshot: 6-Day Win Streak,2025-10-05
"World Markets Watchlist: October 6, 2025",2025-10-06
The Market Is Being Driven By Open AI,2025-10-06
Unemployment Is Still Rising Without The BLS Data,2025-10-06
President Trump Says Canada's Carney Will Likely Ask About Tariffs During Meeting,2025-10-06
Stocks Don't Mind Gridlock Or Shutdowns,2025-10-06
This Hasn't Happened Since 1966 And Proves We're Just Entering A Bull Market,2025-10-06
U.S. Government Shutdown Unlikely To Materially Impact Markets,2025-10-06
My Top 5 Biotech Stocks Big Pharma Could Buy Next,2025-10-06
"If You'd Invested $1,000 in the SPDR S&P 500 ETF Trust (SPY) 5 Years Ago, Here's How Much You'd Have Today",2025-10-06
"Exchange-Traded Funds, Equity Futures Higher Pre-Bell Monday Amid AMD-OpenAI AI Chip Deal, Rate Cut Hopes",2025-10-06
How To Know When The Market Has Topped,2025-10-06
The Oncoming Recession Risks A Market Collapse,2025-10-06
The U.S. Is In Recession: 1 Million Layoffs In 2025 And LEI Data Says It All,2025-10-06
3 Undervalued Energy Stocks Turning Into Hot Buys,2025-10-06
S&P 500 Rises To Record Highs After U.S. Government Shuts Down,2025-10-06
"UPDATE: Citizens Initiated Coverage On TKO Group Holdings With Market Outperform Rating, Announced Price Target Of $240",2025-10-06
"Stock Market Today: Dow Jones, Nasdaq, Futures Gain As Government Enters 2nd Week Of Shutdown—Plug, Lithium Americas, UiPath In Focus (UPDATED)",2025-10-06
The Wildest Market Prediction I've Ever Made,2025-10-06
"Weekly Market Pulse: No Data, No Problem",2025-10-06
S&P 500: An Unprecedented Opportunity (Technical Analysis),2025-10-06
SCHF: A Low-Cost Route To Developed Market Stocks Outside The U.S.,2025-10-07
Why All This Talk About An AI Bubble Is Good For Stocks,2025-10-07
Trump Sparks A 2025 IPO Boom: 5 New Stocks Have Rallied Over 400%,2025-10-07
"'Mercuria, Partners Group pledge US energy investments to help lower Swiss tariffs'- Reuters Exclusive",2025-10-07
"Canada's Carney Says In Areas Where We Compete, We Have To Come To Agreement That Works; President Trump Says Working Closely On Golden Dome For U.S. And Canada; Will Have Tariffs With Canada",2025-10-07
President Trump Says Will Talk About Lowering Tariffs On Canadian Sectors; We Have Natural Business Conflict With Canada; We've Made Compromise Even On Steel,2025-10-07
Tech Stocks Still Lead Equity Sectors This Year,2025-10-07
SPX Options Jump To Record 74% Market Share,2025-10-07
September ETF Flows: Markets At The Monetary Policy Inflection Point,2025-10-07
"Stock Market Today: Dow Jones, Nasdaq 100, S&P 500 Futures Turn Green—Trilogy Metals, AMD, Applovin In Focus (UPDATED)",2025-10-07
The Hidden Side Of The Stock Market's Hot Streak,2025-10-07
A Tale Of Two Markets: SPX Options' Expanding Lead Vs. E-Minis,2025-10-07
Politico Reported Trump Administration Officials Exploring Sale Of Parts Of Federal Government's $1.6T Student Loan Portfolio To Private Market,2025-10-07
"3 Gold Mining Stocks Sparkle With Momentum Gains As Yellow Metal Nears $4000 Per Ounce Mark, Experts Say They Remain Undervalued Despite Stellar Rally",2025-10-07
"BARK CEO Shifts Focus From Institutional to 'Sophisticated Retail Investors' On X And Discord, Saying They Drive 'Performance Of A Stock Much More'",2025-10-08
S&P 500 Nears Historic Bubble Levels As Investors Question Durability Of Rally,2025-10-08
3 Values In An Overbought Market,2025-10-08
EIA Weekly Distillates Stocks 2.018M Barrel Draw Vs 0.730M Barrel Draw Est.,2025-10-08
"When Stocks Sink, Who Swims? Comparing Performance Across Asset Classes During S&P 500 Selloffs",2025-10-08
"Stock Market Today: S&P 500, Nasdaq 100, Dow Jones Futures Rise—Nuburu, AZZ, Joby Aviation In Focus (UPDATED)",2025-10-08
"A 'Fairly Highly Valued' Market: A Fed Chair Opines On Stocks, But Should We Listen?",2025-10-08
"OpenAI, Nvidia And Oracle Building A High-Tech House Of Cards? Expert Warns 'Infinite Money Glitch' Could Trigger AI-Led Job Losses And Market Chaos",2025-10-08
Fed's Room To Ease Keeps Us Risk-On,2025-10-08
"U.S. Recession: Not Yet, But Possibly Soon",2025-10-08
EMF: Emerging Markets Are Back In Vogue And This Fund Is Outperforming,2025-10-08
3 Apparel Stocks See Sharp Drop In Momentum Rankings This Week,2025-10-08
IEMG: Emerging Markets Are Finally Outperforming The S&P 500,2025-10-08
Charting Market Views On Interest Rates With Richard Clarida,2025-10-08
A Major Market Shift Could Be Coming,2025-10-09
S&P 500: A Bear Thesis Always Sounds More Exciting,2025-10-09
Treasury Secretary Bessent Says Minister Caputo Informed Me Of His Close Coordination With IMF On Argentina's Commitments Under Its Program; Look Forward To The Meeting Between President Trump And President Milei On October 14,2025-10-09
"Treasury Secretary Bessent Says Today We Directly Purchased Argentine Pesos;  Additionally, We Have Finalized A $20B Currency Swap Framework With Argentina's Central Bank;  The U.S. Treasury Is Prepared, Immediately, To Take Whatever Exceptional Measures Are Warranted To Provide Stability To Markets; We Also Discussed Argentina's Investment Incentives, And U.S. Tools To Powerfully Support Investment In Our Strategic Partners",2025-10-09
PFXF: Preferred Stock ETF Without Banks,2025-10-09
U.S. Stocks Sector Divergence Raises Red Flags,2025-10-09
Micro-Cap Stocks Are Outperforming This Year,2025-10-09
What Will Prick The So-Called Stock Market Bubble,2025-10-09
"Stock Market Today: S&P 500, Nasdaq Futures Slip As Fed Minutes Signal Tariff-Related Uncertainty—PepsiCo, Delta, Levi Strauss In Focus (UPDATED)",2025-10-09
3 Shipping Stocks Quietly Soaring Up Value Charts This Week,2025-10-09
Tame Tariff Impact Gives The U.S. Fed Room To Cut,2025-10-09
"AAPL, COST, MA, GE And More In Focus As Quality Stocks Suffer Worst Market Lag Since Dot-Com Bubble",2025-10-09
This Time Really Is Different - The Market Shift No Investor Can Ignore,2025-10-09
U.S. Tariffs Persist Beyond The Headlines,2025-10-09
"Dan Ives Says Q3 Tech Earnings Will 'Exceed The AI Hype,' Expert Adds Tariff Impact On Other Firms Will Be 'Much Less Than Anticipated'",2025-10-09
U.S. Government Shutdown Forces Fed To Navigate Uncertainty Without A Compass,2025-10-09
"October 2025 Trading Outlook: Fiscal Flows, Bank Credit, And Fed Policy Implications",2025-10-10
"Shutdown Threatens Next Week's Inflation Report, Making Fed's Job Harder",2025-10-10
Are AI Stocks As Solid As You Think They Are?,2025-10-10
Federal Reserve Watch: Bank Liquidity,2025-10-10
Credit Spreads May Be Flashing Warning Signs For The Stock Market,2025-10-10
"Benzinga Market Summary: S&P Falls On President Trump's Social Media Post About Increased Tariffs On Chinese Products, Crude Falls On Ceasefire In Gaza, Government Shutdown Enters Day 10",2025-10-10
Don't Waste Your Time Timing Bubbles: Subscriptions Make This Market Nothing Like 1999,2025-10-10
GDP Nowcasts Still Indicate Moderate U.S. Growth For Q3,2025-10-10
Logistics Data Points To An Imminent Recession,2025-10-10
"Stock Market Today: Dow Jones, Nasdaq, S&P 500 Futures Advance— Applied Digital, Stellantis, Elastic In Focus (UPDATED)",2025-10-10
"Loss-Making Russell 2000 Stocks Drive Surprise Rally, Says Liz Ann Sonders",2025-10-10
"The 1-Minute Market Report - October 12, 2025",2025-10-11
"Weekly Indicators: Treasury Removes Fiscal Data, While Trade Wars Roil Stocks Again",2025-10-11
Trump's 100% Tariff On China May Cause The Economy To Spiral Toward A Recession,2025-10-11
Winter Is Coming? Firms' Cost And Price Expectations In The Wake Of Tariff Hikes,2025-10-11
Government Shutdown: What Investors May See In The Market,2025-10-11
Trump Relights The Tariff Fuse,2025-10-11
"Markets Weekly Outlook: Geopolitical Peace And Turmoil, Third Week Of Shutdown",2025-10-11
S&P 500 Snapshot: Largest Loss In 6 Months,2025-10-11
"A 'Key Reversal' Can Mean A Sustained Correction, Here's Why Not",2025-10-12
"S&P 500: Don't Be Scared, Be Prepared (Technical Analysis)",2025-10-12
The Stock Market Sell-Off May Have Only Been The Start,2025-10-12
Don't Be Fooled By The Tariff Bears Again,2025-10-12
Market Crack Or Beginning Of Something Bigger,2025-10-12
Tariff Tantrum 2: Air Gap Or Market Correction Coming?,2025-10-12
The Huge U.S. Bond Market And The U.S. Dollar Blow Off The 'Debasement Trade',2025-10-13
"World Markets Watchlist: October 13, 2025",2025-10-13
IEFA: International Stocks To Benefit From Higher GDP Growth In 2026,2025-10-13
"Benzinga Market Summary: S&P Rises On Trump's Eased China Tone, Broadcom Surges On OpenAI Partnership, Rare Earths Continue Higher",2025-10-13
One Does Not Simply Impose 100% Tariffs On China,2025-10-13
S&P 500 Drops As U.S.-China Tariff War Reignites,2025-10-13
Are We Looking At A Market Meltdown?,2025-10-13
"S&P 500 Earnings: Crude Oil, First Brands, And Financials Set The Tone This Week",2025-10-13
The Stock Market And The China Tariffs,2025-10-13
"Stock Market Today: Dow Jones, S&P 500 Rally After Trump Hints At De-Escalation With China— Tesla, Meta And Other Mag 7 Stocks In Focus (UPDATED)",2025-10-13
Weekly Market Pulse: The Return Of Tariff Man,2025-10-13
China's Trade Resilience Shows That U.S. Tariffs Aren't Everything,2025-10-13
"Trump Hits China Again—Markets Stumble Into The Close, Soybean Stocks Soar",2025-10-14
"Benzinga Market Summary: S&P Rises, Shaking Off Earlier Trade Fears, Oracle To Deploy 50K AMD AI Chips, Oil Falls",2025-10-14
SWAN ETF: A Smart Move As Markets Get Shaky,2025-10-14
The Markets Are Living On Borrowed Time,2025-10-14
Treasury Secretary Bessent Says U.S. Assistance To Argentina Not Predicated On Swap With China Being Closed; Happy With Current Currency Arrangement,2025-10-14
ASHR: A Window To Mainland China's 300 Largest Stocks,2025-10-14
What Gold's Huge Rally Signals Could Be Next For The Market,2025-10-14
Taco Traders Meet Cahn; Bank Earnings; New AMD Win; Rush To Buy Quantum And Nuclear Stocks,2025-10-14
"SPY: Decade-High Valuation, Escalating Trade Tensions, And AI Bubble Keep Me Bearish",2025-10-14
7 Reasons The Market Rebound Is A Dangerous Trap,2025-10-14
Fall 2025 Snapshot Of The S&P 500's Market Cap,2025-10-14
"Stock Market Today: Dow Jones, Nasdaq Futures Tumble Ahead Of Big Bank Earnings—Goldman Sachs, JPMorgan, Citigroup In Focus (UPDATED)",2025-10-14
Pony.ai Received CSRC Approval for Proposed Hong Kong Stock Exchange Listing,2025-10-14
U.S.-China Tensions Put A Damper On Stocks While Gold Rises,2025-10-14
5 Trend Indicators For Deciding If The Bull Market Is Breaking Down,2025-10-15
Dow Jones: Trump Says It Will Take Time To End India's Oil Purchases From Russia; Says Modi Assured Him 'There Will Be No Oil Bought From Russia',2025-10-15
IMF Warning On Public Debt May Have Shifted Paradigm On Market Valuations,2025-10-15
Powell Confirms Liquidity Strains Are Real,2025-10-15
Global Market Perspectives: Against All Odds,2025-10-15
Now Belongs To Active Stock Picking - Slowing Momentum And Rising Dispersion,2025-10-15
"Benzinga Market Summary: S&P Turns Positive Amid Market Volatility As Investors Assess Trade, Bank Earnings And AI Momentum; WH Budget Chief Reportedly Sees Federal Layoffs Over 10,000",2025-10-15
US Treasury Secretary Bessent Says U.S. We Are Working On $20 Billion Private Sector Facility For Argentina That Would Sit Alongside Swap Line And Invest In Debt; Support For Argentina Is Like An Economic 'Monroe Doctrine' For U.S. Influence In Latam Region; Not Concerned About Systemic Economic Risk From Argentina,2025-10-15
"US Treasury Secretary Bessent Says  U.S. Treasury Purchased Argentine Pesos In Open Market This Morning; As Long As Argentina Continues Enacting Good Policy They Will Have U.S. Support; Election Victory For Milei's Party Would Strengthen His Ability To Veto Bad Policies; Asked If U.S. Treasury Could Buy Argentine Debt, Says 'We Could' But Does Not Elaborate; Argentina Swap Line Will Be Backed By Special Drawing Rights Held In U.s. Exchange Stabilization Fund Converted To Dollars",2025-10-15
Powell-Triggered Stock Buying Outweighs Trump Post On Soybeans And Cooking Oil; Walmart Moves to Agentic Commerce,2025-10-15
Forget Tariffs - The Real Market Killer Is Already Here,2025-10-15
"Stock Market Today: S&P 500, Nasdaq Futures Rise— Bank Of America, Morgan Stanley, Abbott Earnings In Focus (UPDATED)",2025-10-15
Powell Paves The Way For A Year-End Rally,2025-10-15
Fed Chair Powell: Balance Sheet Reduction May End Soon,2025-10-16
Is Bitcoin's Popularity Undermining Its Use For Hedging Stock Market Risk?,2025-10-16
The Fed Just Told Us When QT Will End,2025-10-16
High Stakes For VOO And SPY: The S&P 500's Lofty Valuations Put ETF Strategies To Test,2025-10-16
"Stock Buying On New AI Data, Potential China Truce Extension, LAC And ABAT Show Insanity",2025-10-16
"Live On CNBC, Bill Baruch Announces Bought More SPDR S&P 500; Bought More iShares Core S&P Small-Cap ETF",2025-10-16
EIA Weekly Distillates Stocks 4.529M Barrel Draw Vs 2.018M Barrel Draw Prior,2025-10-16
Chair Powell's New Revelations On Monetary Policy,2025-10-16
The Impact Of U.S. Stock Buybacks: Theory Vs Practice,2025-10-16
"Stock Market Today: S&P 500, Nasdaq, Dow Jones Futures Rise—Salesforce, Hewlett-Packard Enterprise, Charles Schwab In Focus (UPDATED)",2025-10-16
Climbing Limo GDP Forecast For Q3 2025,2025-10-16
Federal Reserve Beige Book Gives The Greenlight To Further Rate Cuts,2025-10-16
"This Week In Markets: Volatility, Trade Tensions, And Earnings Beats",2025-10-17
The Market's Liquidity Source Is Running Dry,2025-10-17
4 Signs The Market Is Overdue For A Correction,2025-10-17
"Wall Street Roundup: Financial Earnings, Golden Highs, Data Dearth",2025-10-17
What The Bond Market Can Tell Investors About The Health Of The Economy,2025-10-17
"Stock Market Today: S&P 500, Nasdaq, Dow Jones Futures Dragged By Financial Stocks—American Express, CSX Corp, Standard Lithium In Focus (UPDATED)",2025-10-17
"U.S.-China Rare Earth Feud Jolts Markets, Oct. 24 May Decide The Trend",2025-10-18
"Markets Weekly Outlook - Tesla, Netflix Earnings, U.S. CPI And China's 5-Year Plan In Focus As U.S.-China Tensions Simmer",2025-10-18
S&P 500 Earnings: Financial Sector Earnings Push Forward Estimates Higher,2025-10-19
Stock Volatility Has Increased Since The 10/11 Plunge - Solution? AI Dilution,2025-10-19
S&P 500: Resolution Is Due (Technical Analysis),2025-10-19
This Unbelievably Strong Stock Market,2025-10-19
A Perfect Storm May Be Brewing Beneath The Market's Surface,2025-10-19
Why The Fed Might Cut Rates After The September CPI Report,2025-10-19
S&P 500 Snapshot: Volatile See-Saw Week,2025-10-19
"World Markets Watchlist: October 20, 2025",2025-10-20
"However AI Turns Out, The S&P 500 Is A Short",2025-10-20
Trump's 'Drill Baby Drill' Plan Just Backfired—Oil Stocks Haven't Been This Cheap In Years,2025-10-20
2 Signs A Market Correction Might Be Around The Corner,2025-10-20
Vanguard's VOO ETF Shrugs Off Every Market Scare,2025-10-20
"The Market Peak Is Here, Don't Be The Last Bull To Raise Cash",2025-10-20
Outdated GINIs And Narrow-Minded Unemployment Metrics Mask Serious Economic Issues,2025-10-20
S&P 500 And Gold Volatility Traits,2025-10-20
Credit Markets: A Storm Is Brewing,2025-10-20
The Last Puff Of The Bull Market Cigar,2025-10-20
Repo Market's Warning Light Is Flickering,2025-10-20
Choke Points And Tariffs: Welcome To The Next Phase Of U.S.-China Trade Tensions,2025-10-20
Will Friday's Delayed CPI Report Derail The Fed's Rate Cut Plans?,2025-10-20
My Top 3 Pharma Stocks,2025-10-20
Gold's Path To $10K May Start With Blow-Off Top; Market Bets On Trump-China Deal,2025-10-20
"Benzinga Market Summary: Rare Earths Continue Higher, White House Economic Advisor Kevin Hassett Thinks Shutdown Could End This Week, S&P Rises",2025-10-20
"Not A Bubble (Yet), But One Spark Can Torch This Market - I'm Selling The S&P 500 Today",2025-10-20
S&P 500 Rebounds On Favorable U.S.-China Tariff War News,2025-10-20
"September CPI Preview - Goods Inflation Rising, But Market Rents Falling",2025-10-20
The Fed Is Setting The Stage For A Major Market Reversal,2025-10-20
3 Things That Could Finally Prick The Market Bubble,2025-10-21
The Underappreciated Risk That Could Spark A Sharp Market Decline,2025-10-21
Trouble Brewing In The Fed's Repo Market,2025-10-21
Gold Overtakes Stocks As Investor Favorite — Massive ETF Inflows Signaled Market Jitters Last Week,2025-10-21
"Smart Money Sells Quantum, Nuclear And Space Stocks; Earnings, Inflation Data Awaited",2025-10-21
2 Arguments Against S&P 500's Concentration Risks,2025-10-21
3 Top Systemic Risks To The Stock Market Bubble,2025-10-21
'Carney Says Canada-US Tariff Deal 'Possible' by Next Week'- Bloomberg,2025-10-21
Equity Market Outlook Q4 2025,2025-10-21
What Do Bond Market Drawdowns Tell Us About Diversification?,2025-10-21
"Benzinga Market Summary: Gold Pulls Back After Recent Momentum, S&P Flat, GM Rises On FY25 Guidance Hike",2025-10-21
Bears Will Continue To Get Trampled By This Bull Market,2025-10-21
Capital Markets Outlook Q4 2025: Kicking The Can Down The Tightrope,2025-10-21
The Outlook For S&P 500 Dividends In October 2025,2025-10-21
Brad Simpson On The Current Market Risks And How To Manage Them,2025-10-21
Bullish For Chinese Stocks: 'Strong Buys' For A Trade War,2025-10-21
"Stock Market Today: S&P 500, Dow Jones, Nasdaq Futures Climb—Netflix, Coca-Cola And RTX Corp In Focus",2025-10-21
AI's Bubble Watch: Central Banks Flag Dotcom-Level Valuations,2025-10-21
"Automakers Urge Trump Administration Not To Impose New Tariffs On Factory Robots, Industrial Machinery; Tesla Says Trump Administration Should Not Impose Tariffs On Robots Or Industrial Machines Being Used For U.S. Manufacturing",2025-10-22
When Treasury Yield Patterns Signal Recessions,2025-10-22
"President Trump Posts On Truth Social ""The Cattle Ranchers, who I love, don't understand that the only reason they are doing so well, for the first time in decades, is because I put Tariffs on cattle coming into the United States, including a 50% Tariff on Brazil. If it weren't for me, they would be doing just as they've done for the past 20 years — Terrible! It would be nice if they would understand that, but they also have to get their prices down, because the consumer is a very big factor....""",2025-10-22
"Benzinga Market Summary: S&P Falls As Texas Instruments And Netflix Drop, US Government Shutdown Enters 22nd Day, Intuitive Surgical Rises On Earnings Beat",2025-10-22
"'Trump, Lula Seek Meeting in Malaysia as Brazil Eyes Tariff Cut'- Bloomberg",2025-10-22
EIA Weekly Distillates Stocks 1.479M Barrel Draw Vs 4.529M Barrel Draw Prior,2025-10-22
Will Friday's CPI Release Clarify Or Blur The Inflation Outlook?,2025-10-22
'Fed Floats Plan With Much Smaller Capital Hikes for Big Banks; Officials Have Calculated That Terms Of Fed's Plan Would Lead To An Increase Of About 3% And 7% In Aggregate For Most Big Banks; Fed Floats Plan With Much Smaller Capital Hikes Of Between About 3% And 7% For Big U.S. Banks' - Bloomberg News,2025-10-22
"Shutdown Or Not, Inflation Will Print",2025-10-22
How I'm Investing In The Weirdest Market I've Ever Seen,2025-10-22
What The Smart Money Signals Could Be Next For This Bull Market,2025-10-22
"Stock Market Today: Dow Jones, Nasdaq Futures Inch Lower—Tesla, SAP And IBM In Focus",2025-10-22
Will QT Finish Before Powell's Chairman Term Ends?,2025-10-22
"President Trump Posts On Truth Social ""The Ronald Reagan Foundation has just announced that Canada has fraudulently used an advertisement, which is FAKE, featuring Ronald Reagan speaking negatively about Tariffs. The ad was for $75,000,000. They only did this to interfere with the decision of the U.S. Supreme Court, and other courts. TARIFFS ARE VERY IMPORTANT TO THE NATIONAL SECURITY, AND ECONOMY, OF THE U.S.A. Based on their egregious behavior, ALL TRADE NEGOTIATIONS WITH CANADA ARE HEREBY TERMINATED""",2025-10-23
A 5% Correction Is More Likely Than A Year-End Rally,2025-10-23
Falling Mortgage Rates Further Reduce Demand In The Housing Market (Not So Paradoxically),2025-10-23
S&P 500 Slips As Weak Earnings And Trade Jitters Test Market Momentum,2025-10-23
"Benzinga Market Summary: S&P Moves Higher, Oil Surges On US-Russia Sanctions, Molina Healthcare Falls On Weak Guidance",2025-10-23
EFV: International Value Stocks Offer A Good Hedge If AI Disappoints,2025-10-23
U.S. Q3 GDP Appears To Remain On Growth Track,2025-10-23
"Markets Price In Another Fed Rate Cut Next Week, But Friday's Delayed Inflation Report Could Muddy The Waters",2025-10-23
SPXU: Understanding The Risks Of A -3X Leveraged S&P 500 ETF,2025-10-23
Inflection Points: Tariffs In The Wind,2025-10-23
"Stock Market Today: Dow Jones, S&P 500 Futures Slide Amid US-China Trade Tensions—Tesla, IBM, American Airlines In Focus (UPDATED)",2025-10-23
"Consumer Price Index: Inflation Rises To 3.0% In September, Lower Than Expected",2025-10-24
AIER's Everyday Price Index Inches Up Again In Sept. 2025,2025-10-24
"September Inflation Pleases Market, But Caution Lies Ahead",2025-10-24
AI's Potential To Decimate The Jobs Market,2025-10-24
"'Ontario set to pull anti-tariff ads after Trump calls off trade talks, source says'-The Globe and Mail",2025-10-24
Federal Reserve Preview: Inching Closer To Neutral,2025-10-24
"September Consumer Price Index Less Than Expected, But Still Warm",2025-10-24
Federal Reserve Watch: Working Out,2025-10-24
Cooler U.S. Inflation Gives The Green Light To Rate Cuts,2025-10-24
"Fed To Disclose And Solicit Feedback On Stress Test Models, Scenarios For First Time Under New Proposal; U.S. Federal Reserve Proposes Changes To Boost Bank Stress Test Transparency; Fed Vice Chair For Supervision Bowman Says Changes Would Improve Bank Capital Planning; Fed Governor Barr Objects To Proposed Changes, Warning It Will Weaken Test And Lower Bank Capital",2025-10-24
Wall Street Roundup: Are We In A Bubble?,2025-10-24
September U.S. CPI: Soft CPI Keeps Fed On Course For Rate Cuts,2025-10-24
Warren Buffett Bets On Banks: How Much Has Oracle Of Omaha Made From Financial Stocks Since Q2?,2025-10-24
"Benzinga Market Summary: S&P Rises On Softer-Than-Expected Sept. CPI Figures, Trump Ends Trade Negotiations With Canada, Michigan Consumer Sentiment Falls In October",2025-10-24
"CPI At Long Last: Inflation Eases In September, Clearing The Way For A Fed Rate Cut",2025-10-24
"September CPI: Quenches Recent Data Drought, Inflation Rangebound",2025-10-24
"Stock Market Today: S&P 500, Nasdaq, Dow Futures Rise As September CPI Comes In Cooler Than Expected —Intel, Ford, Procter & Gamble In Focus (UPDATED)",2025-10-24
SPY: Brace For Recessionary Bear Market With A Bubble Burst,2025-10-24
The Hidden Weakness In The Jobs Market Could Cause A Major Market Disruption,2025-10-24
"Cracks Emerge Beneath Market Resilience, Challenging Areas Of The U.S. Economy",2025-10-24
"The 1-Minute Market Report October 26, 2025",2025-10-25
The Fed Faces A Lose-Lose Situation After September's CPI Report,2025-10-25
What Will Markets Do After Near-Likely FOMC Rate Cut,2025-10-25
"This Week In Markets: Earnings, Inflation, And Geopolitical Shifts",2025-10-25
"Markets Weekly Outlook: Trump-Xi Meeting, Earnings And Central Banks",2025-10-25
"The Great China Discount, What's Beneath The Hang Seng Index",2025-10-26
Tightening Market Liquidity Signals The Fed's QT Endgame Is Near,2025-10-26
The Fed Preview: Another 25bps Cut Under The 'Blurred Vision',2025-10-26
Fed Cleared For Descent,2025-10-26
"Treasury Secretary Bessent On NBC's ""Meet the Press"" Sunday, Said Regarding China Trade Talks, Expects Deferral On Rare Earth Export Controls, Added Benefits For U.S. Farmers",2025-10-26
The Fed's Most Dangerous Gamble Could Be Our Biggest Opportunity,2025-10-26
"Treasury Secretary Bessent Said US, China Have Reached Trade Framework",2025-10-26
Slower Inflation But Rising Uncertainty In September,2025-10-27
Why The Market Won't Go Down,2025-10-27
This Is How Hard It Is To Justify Investing In The S&P 500,2025-10-27
AI Could Backfire: The Mother Of All Job Losses And Plunging Stocks Are Big Risks,2025-10-27
"Benzinga Market Summary: Stocks Rise On US-China Trade Hopes, Argentina Stocks Climb On Milei Midterm Election Victory, Gold Pulls Back",2025-10-27
Fed Trumps China Tariffs,2025-10-27
A Bull Market Can Remain Irrational Longer Than Anyone Imagines,2025-10-27
Overseas Markets Outperformed US YTD; China Exuberance Fuels Buying,2025-10-27
Lower-Than-Expected Inflation And Potential Trump-Xi Trade Deal Boost S&P 500,2025-10-27
New Inflation Data Doesn't Change Our Expectations For Fed Easing,2025-10-27
The Stock Market: Three New Historic Highs,2025-10-27
GVIP: Guru Replication ETF Outperforming The Market,2025-10-27
The Great Housing Gridlock: Why It Could Spark The Next Market Shift,2025-10-27
"Stock Market Today: Nasdaq, Dow Jones, S&P 500 Futures Climb Ahead Of Busy Week On Wall Street—Novartis, Nucor, Waste Management In Focus (UPDATED)",2025-10-27
Rates Spark: Focus On Quantitative Tightening Tweaks From The Fed,2025-10-28
"Benzinga Market Summary: Nuclear Stocks Rise On Cameco Deal With Brookfield And US Government, NVIDIA To Make Investment In Nokia, S&P Rises",2025-10-28
Where Is This Bull Market's Second Wave,2025-10-28
AI's Black Swan: The Data Center Power Drain That Forces Higher Interest Rates,2025-10-28
How Quantitative Tightening Helped Eliminate The Fed's Operating Losses,2025-10-28
Single Stock Volatility Bid Ahead Of Tech Earnings,2025-10-28
"Stock Market Today: Dow Jones, S&P 500 Pare Losses As United Parcel Service And UnitedHealth Soar After Beating Q3 Earnings (UPDATED)",2025-10-28
Earnings Should Fuel More Bull Market Gains,2025-10-28
"U.S. Recession Probability Falls After Fed Resumes Rate Cuts, Set To Fall Further",2025-10-28
White House Says US And Japan To Secure Critical Minerals Supply Chains By Addressing Non-Market Policies And Unfair Trade Practices,2025-10-28
Fed Cuts Rates By 25bp And Suggests Another In December Is Not A Foregone Conclusion,2025-10-29
Fed Watch: 'Risk Management' Continues,2025-10-29
October FOMC: Powell Pushes Back On December Cut Expectations,2025-10-29
"President Trump Posts On Truth Social ""South Korea has agreed to pay the USA 350 Billion Dollars for a lowering of the Tariff's charged against them by the United States. Additionally, they have agreed to buy our Oil and Gas in vast quantities, and investments into our Country by wealthy South Korean Companies and Businessmen will exceed $600B. Our Military Alliance is stronger than ever before and, based on that, I have given them approval to build a Nuclear Powered Submarine..""",2025-10-29
Wall Street Lunch: Powell Plays The Grinch,2025-10-29
Home Prices And The Jobs Market Are Poised For A Downward Spiral In 2026,2025-10-29
Fed Board Breaks Ranks In Both Directions Over Rate Cuts,2025-10-29
Fed To Cease Reducing Its Securities Portfolio,2025-10-29
"Federal Reserve Cuts 25 Bps, Ends QT, And Stocks Fell",2025-10-29
Fed Cuts Key Overnight Rate By 25 bps,2025-10-29
Nvidia's 2 Surprises; NVDA Soars On Trump-Fueled Hopes of China Blackwell Sales; Fed In Focus,2025-10-29
"The Bond Market Is Downplaying Fiscal And Inflation Risks, Focusing On Rate Cuts And Softer Economic Growth",2025-10-29
EIA Weekly Distillates Stocks 3.362M Barrel Draw Vs 1.800M Barrel Draw Est.,2025-10-29
Foreign Stocks Still On Track To Outperform U.S. In 2025,2025-10-29
3 Firms In S&P 500 Worth Over $4 Trillion Each,2025-10-29
My Biggest Market Fear - And Why I'm Still Buying,2025-10-29
Global Exchange: How Investors In Asia Pacific Markets Are Positioning For What's Next,2025-10-29
"Pivot Points: Rediscovering Europe, Japan And Emerging Markets",2025-10-29
EMXC: Emerging Markets Exposure Without China Tariff Risk,2025-10-30
S&P 500 Steadies As Fed Caution And Mixed Earnings Test Rally Strength,2025-10-30
'Fed's Bowman Moves to Reduce Bank-Supervision Unit By About 30%' - Bloomberg News,2025-10-30
3 Market Predictions For November,2025-10-30
"Benzinga Market Summary: Meta And Microsoft Fall On Earnings, Weighing On S&P,  Gold Climbs Higher, US And China Reach Rare Earth Deal",2025-10-30
Fed's Powell Raises Doubts About Another Rate Cut,2025-10-30
The Fed Delivers - Disinflation Should Resume Followed By Soft Landing,2025-10-30
Government Shutdown Can Encourage Another Rate Cut,2025-10-30
I Was Right About Inflation - And It's About To Change Everything,2025-10-30
"Data Absent, Fed Continues On Its Rate Cut Path",2025-10-30
The Fed Could Be On The Verge Of Unleashing A Major Market Shift,2025-10-30
Trump Says Tariffs On China To Drop To 47% From 57% And Confirms Agreement For Immediate Resumption Of Soybean Purchases,2025-10-30
Fed Delivers Despite Data Drought,2025-10-30
"Benzinga Market Summary: S&P And Nasdaq Close Higher Amid Strength In Amazon, Oil Drops From Highs As Trump Denies Venezuela Strikes",2025-10-31
Fed Cuts Rates For Second Straight Meeting,2025-10-31
"No Data, No Problem: S&P 500's October Rally Defies The Government Shutdown",2025-10-31
"Trump Finally Made A Deal With Xi, And It Looks Favorable For Semiconductor Stocks",2025-10-31
The Market Is Due For A Correction Here,2025-10-31
Dow Jones Industrial Average Vs. Nasdaq: Rethink Blue Chips' Safety,2025-10-31
Fed's Hammack Says Discount Window Is Not Meant To Be A Bank's First-Choice Funding Tool; It's A Backup Tool; Fed's Bostic Says It's A Challenge To Articulate The Appropriate Use Of The Discount Window,2025-10-31
"S&P 500: The Most Hated Rally May Still Have Legs, But Risks Loom",2025-10-31
"Fed's Hammack Says Stablecoins Are Exciting Technology, Time Will Tell For Its Use-Cases; Banking System Is Broadly In Very Good Shape; Banking System Could Withstand Somewhat Of A Default Cycle, Though That's Not My Base Case",2025-10-31
Fed's Hammack Says We've Been Encouraging Banks To Think If Using Discount Window Would Make So; If So They Should Test It; Seen Good Progress In 4th District Where Banks Are Discount-Window Ready; Doesn't Make Sense For All Banks; Fed's Bostic Says Quite Important That Banks Are Discount-Window Ready,2025-10-31
"Since 1800, The Market Has Taught This Lesson, But Few Learn",2025-10-31
Top 15 High-Growth Dividend Stocks For November 2025,2025-11-01
Wall Street Enters Its Strongest Month: These 7 Stocks Often Crush It,2025-11-01
"Weekly Indicators: Rate Cut Aids Yield Curve, While Service Sector May Be Suffering",2025-11-01
"The 1-Minute Market Report November 2, 2025",2025-11-01
"Markets Weekly Outlook - BoE Meeting In Focus, U.S. Government Shutdown Continues",2025-11-01
"Banks Borrow Record $50 Billion At Fed's New SRF Amid Hot Repo Rates, ON RRPs Spike To $52 Billion In Opposite Direction",2025-11-01
S&P 500 Snapshot: Index Posts 2.3% Gain In October,2025-11-01
Best And Worst Stocks And ETFs Through October,2025-11-02
Markets Face A 2018 Shock As Liquidity Evaporates,2025-11-02
Billionaire Warns The Coming AI Shockwave Could Reshape The Market,2025-11-02
"Fed Cuts, Yields Jump, REITs Dip",2025-11-02
My Current View Of The SP 500 Index: November 2025 (Technical Analysis),2025-11-02
Top 10 High-Yield Dividend Stocks For November 2025,2025-11-02
Fed QT Ends - What Does That Mean For Markets?,2025-11-02
"Reality Is One Thing, Markets Are Another",2025-11-03
"Benzinga Market Summary: S&P Rises As Amazon Gains On AWS-OpenAI Partnership, NVIDIA Rises On Reports US Approved Microsoft To Ship Chips For Use In UAE",2025-11-03
Buffett Sells Stocks – Here Is What Prudent Investors Should Do Now; OPEC+ Changes Stance,2025-11-03
"The 4 ""Ingredients"" For A Major Stock Market Correction Have Arrived",2025-11-03
Stock Market Strength Isn't Undermining Gold,2025-11-03
"Stock Market Today: Dow Jones, Nasdaq Futures Rise After Stellar October Gains— Micron Technology, Palantir, Hims & Hers In Focus (UPDATED)",2025-11-03
S&P 500 Reacts To Fed's Game Of Keep Away With December 2025 Rate Cut,2025-11-03
"Big Picture: Earnings, Easing Fed, Shutdown, And Speculative Trends",2025-11-03
Monthly Market Review: Is This A Bubble?,2025-11-03
S&P 500 Earnings: Check The S&P 500 EPS Revisions For 2027,2025-11-03
Secular Bull And Bear Market Trends: October 2025,2025-11-04
"AI Euphoria, Rate Cuts, And Tariffs: The Perfect Storm For The Oncoming Recession",2025-11-04
"Market Driven By Fear, Yet S&P 500 Near Record Highs",2025-11-04
SPY Tops ETF Charts As Investors Tune Out The Fed And Chase The Rally,2025-11-04
"Watching Airline Stocks; Shares Move Lower, DOT Warns Of Potential U.S. Airspace Shutdowns, Mass Flight Delays Next Week Amid Government Shutdown",2025-11-04
"U.S.-China Deal Provides Clarity, A December Fed Cut Looks Uncertain",2025-11-04
The Market Is In A 'Classic Price Bubble',2025-11-04
"Smart Money Sells Palantir, Quantum Computing, And Space Stocks; Gold Gives Up Momo-Induced Gains",2025-11-04
"Macro Insights: Growing Fear, Market Signals, And 'Smart Money'",2025-11-04
"Stock Market Today: S&P 500, Nasdaq Futures Fall As Uber Drops Nearly 6% After Q3 Miss—AMD, Palantir, Denny's In Focus (UPDATED)",2025-11-04
Manufacturing Has A Tariff Problem,2025-11-04
U.S. Dollar Jumps: Fed Rate Cut Bets Fall & Strong U.S. Data,2025-11-05
The Real Unemployment Rate Is Obscured And Worsening,2025-11-05
"JP Morgan's Dimon Says Bank Invested $2 Billion In Detroit Over The Last Decade; Says Bank's Investments In Detroit Helped Reduce Unemployment, Bring Growth; Says Argentina Can Receive $100B In Foreign Investment If President Milei Is Able To Continue Reforms",2025-11-05
Netflix Joins The (Much Smaller) Stock-Split Club,2025-11-05
Tim Kaine Issues Statement On Supreme Court Hearing Arguments On Cases Challenging Trump's Tariffs,2025-11-05
"Benzinga Market Summary: Supreme Court Hears Arguments Over Tariffs, Chip Stocks Rise, Pinterest Sinks On Earnings And Guidance",2025-11-05
Nasdaq Pulls Back to Support Zone; Momo Aggressively Buys Stocks; Whales Dump $45B of Bitcoin,2025-11-05
Blow-Off Top Signs Show The Tech Stock Bubble Could Be Bursting,2025-11-05
Stocks Have History On Their Side Heading Into Year-End,2025-11-05
"Stock Market Today: Dow, S&P 500, Nasdaq Futures Slip But McDonald's Rises After Q3 Beat— AMD, Qualcomm, Robinhood In Focus (UPDATED)",2025-11-05
What? Valuations Matter?,2025-11-05
Valuations Scream Warning Through A Megaphone,2025-11-05
Markets Start Q4 Strong: Stocks Lead October Gains,2025-11-05
Curveballs: U.S. Employment Outlook - Finding Positives In A Mixed Job Market,2025-11-06
The Correction Is Just Getting Started,2025-11-06
"Benzinga Market Summary: S&P Falls As Chicago Fed President Expresses Rate Cut Uncertainty Amid Lack Of Data, Chip And Tech Stocks Pull Back, Airline Stocks Fall As FAA Cuts Air Traffic",2025-11-06
MoneyMasters Podcast 11-6-25- Does AI Stock Sell Off Mean the Bull Market is Ending,2025-11-06
No Bubble Bursting Yet: Stocks Are Going Higher,2025-11-06
"Stocks Are Overvalued, Expect Losses And Low 10-Year Forward Returns: Update October 2025",2025-11-06
Decoding The S&P 500: When Human Sentiment Meets Artificial Intelligence (Technical Analysis),2025-11-06
"The Market Is Cracking Quietly: Breadth, Job Cuts, And A Fragile Recovery",2025-11-06
The Federal Reserve's AI Challenge,2025-11-06
A Market Crash Is Imminent,2025-11-06
Supreme Court Tariff Skepticism Could Rally Stock Markets Worldwide,2025-11-06
ILF: Latin America Large-Caps Resistant To AI-Valuation Jitters,2025-11-06
Brace For Volatility: The Supreme Court Is Likely To Strike Down The Trump Tariffs,2025-11-06
November Is The Best Month — And 5 Stocks Are Already On Fire,2025-11-06
Say Goodbye to Nancy Pelosi's Stock Picks—Here's When and Why,2025-11-06
Russia Sanctions Could Make For An Interesting End Of Year For Markets,2025-11-06
Solving For 2026 - 5 Themes For Navigating Markets,2025-11-06
"Stock Market Today: S&P 500, Nasdaq Futures Pare Losses To Trade Higher—Coherent, Marvell Tech, Applovin, Apple In Focus (UPDATED)",2025-11-06
Top 50 High-Quality Dividend Growth Stocks For November 2025,2025-11-06
Managers Refine How They Navigate AI Market Concentration,2025-11-06
This Market Correction Will Separate The Wheat From The Chaff,2025-11-07
"Benzinga Market Summary: S&P Falls Amid Weak Consumer Sentiment And Government Shutdown Worries, Tech Stocks Fall On Valuation Worries",2025-11-07
Market Minute 11-7-25- Flights Grounded Amid Record Shutdown,2025-11-07
"Exchange-Traded Funds, Equity Futures Lower Pre-Bell Friday as Tech Valuations Come Under Pressure",2025-11-07
Federal Reserve Watch: Keep Your Eye On The Money Stock,2025-11-07
S&P 500: AI Fatigue Meets All-Time High Streak,2025-11-07
Fearing AI Valuation Concerns? Tap 3 High-Dividend ETFs,2025-11-07
The Stock Market's Decline May Still Have Much Further To Unwind,2025-11-07
"Macro Fog Thickens, But Market Sentiment Still Points To Another Rate Cut",2025-11-07
Top Economist Warns US Stock Valuations Are At 'Historically Extreme' Levels — Could Correction Happen Soon?,2025-11-07
"Stock Market Today: S&P 500, Nasdaq Futures Down As Tech Stocks Fall— Tesla, Expedia, IREN, Archer Aviation In Focus (UPDATED)",2025-11-07
Don't Blame The Decline In Stock Prices On Layoffs,2025-11-07
S&P 500 Concentration Is Worrying Me More And More,2025-11-07
What Is The Best S&P 500 Replacement For Dividend Investors: VIG Vs. DGRO Vs. DGRW,2025-11-07
'Money Printing' By The Fed: Fact Or Fiction?,2025-11-07
7000 Or Bust: Why Equity Valuations Can Stay Elevated,2025-11-07
"The 1-Minute Market Report - November 9, 2025",2025-11-08
Why Investors Should Expect October 2025 Consumer Price Index To Rise,2025-11-08
The One Chart Every S&P 500 Investor Needs To See Right Now,2025-11-08
"The Data Fog Envelopes Jobs, Prices And Tariffs",2025-11-08
Markets Weekly Outlook: Traders Get Impatient For The U.S. Shutdown To End,2025-11-08
S&P 500 Snapshot: 3-Week Win Streak Snapped,2025-11-08
ADX: Solid Equity Income Fund That Outperforms S&P 500,2025-11-09
The Market Is Turning Against AI Spending,2025-11-09
"S&P 500: 8 Stock Market Red Flags, 3 Ways To Potentially Profit From A Big Decline",2025-11-09
Repo Market: Critical Warning Or Bullish Signal,2025-11-09
President Trump Says We Will Bring India Tariffs Down At Some Point,2025-11-10
3 Stocks Showing Relative Strength as Markets Pull Back,2025-11-10
5 Defensive Consumer Plays to Watch If Markets Keep Slipping,2025-11-10
Why The End Of The U.S. Shutdown Sparks A Huge Rally In Stocks,2025-11-10
"Benzinga Market Summary: S&P Rises As Lawmakers Advance Plan To End Government Shutdown, Gold Continues Higher, Broader Tech Stocks Gain",2025-11-10
Market Minute 11-10-25- Shutdown Vote Hopes Propel Stocks Higher,2025-11-10
'Switzerland Moves Close to Securing Improved 15% US Tariff Deal' - Bloomberg News,2025-11-10
Don't Expect S&P 500 Earnings To Call A Market Top,2025-11-10
Does AI Stock Sell-Off Mean The Bull Market Is Ending?,2025-11-10
S&P 500 Falls As AI Tech Stocks Get Reality Checked,2025-11-10
"Inflation Picture Is Not Pretty, The Fed Should Worry",2025-11-10
My Toughest Market Call In 14 Years - And Why I Refuse To Ignore It,2025-11-10
Zacks Investment Ideas feature highlights S&P 500,2025-11-10
"Stock Market Today: S&P 500, Nasdaq Futures Rise As Nvidia, TSMC, Occidental Petroleum Lead Advances",2025-11-10
RSP: Broad Market ETF Without Mega-Cap Risk,2025-11-11
SPY’s 50-Day Moving Average Streak is Going Strong. The Rest of the Market is Sending Up Flares.,2025-11-11
Is the S&P 500 Poised for a New High? ETFs to Consider,2025-11-11
Active Vs. Passive In The Era Of AI Valuations,2025-11-11
Trump's $2k Tariff 'Dividend' Could Add Fuel To The Rally In 2026,2025-11-11
Dreaded AI Bust Is Here — Wipes Out $1.1 Trillion In Stock Value,2025-11-11
Economies And Markets: Moving To A Bifurcated Reality?,2025-11-11
"Benzinga Market Summary: NVIDIA Falls As SoftBank Sells Stake, Dragging S&P Lower, CorWeave Cuts Guidance, Novo Nordisk Rises",2025-11-11
Wall Street Lunch: Meta's Chief AI Scientist Yann LeCun Plans To Exit,2025-11-11
High CapEx Hangover: Meta's Plunge Could Be A Sign Of 2026 Tech Correction,2025-11-11
"Market Peaks Vs. Troughs: Timing Risk, Return Premiums, And The Healing Power Of Time",2025-11-11
S&P 500: 1 Reason To Be Afraid And 3 To Be Happy About The Crash,2025-11-11
"Stock Market Today: S&P 500, Nasdaq Futures Drop Despite Senate Passing Resolution To Reopen Government—Nvidia, Paramount Skydance In Focus (UPDATED)",2025-11-11
The End Of The REIT Bear Market Is Likely Near,2025-11-11
Protecting Your Portfolio As AI Valuation Concerns Weigh On The Market,2025-11-11
Stock Correlations Bid As Mag-10 Stocks Underperform Broader Market,2025-11-11
"Since 1950, This Data Has Anticipated The Year-End Rally In The S&P 500",2025-11-11
NOBL: Is This S&P 500 Dividend Aristocrats ETF Dead Weight? (Rating Downgrade),2025-11-12
"When The Correction Arrives, These Are The Corners To Stash Away",2025-11-12
'Wall Street CEOs Flock To White House Dinner With Trump' - Financial Times,2025-11-12
Buffett Is Underwater Vs. S&P 500 In 2025: $137 Million Loss On Pool Corp Stock Since Q2 Not Helping,2025-11-12
"Stock Market Today: Dow Jones Index Rises As Nvidia, AMD Rally (Live Coverage)",2025-11-12
Market Minute 11-12-25- Stocks on a Streak; AI Helping Chip Sales,2025-11-12
"Why Trump's $2,000 Tariff Dividend Is The Last Thing The Economy Needs",2025-11-12
AMD Wants to Take AI Share Away From Nvidia; Buying on Government Open Continues; Fed Divided,2025-11-12
Will Baby Boomers Survive A Stock Market Crash?,2025-11-12
"Benzinga Market Summary: AMD Climbs As Analysts Raise Price Targets Following Analyst Day Presentation, S&P And Nasdaq Pull Back, Gold Rises",2025-11-12
SVXY: Inverse VIX Exposure To Enhance Market Strategy,2025-11-12
Wall Street Lunch: IBM Unveils Quantum Nighthawk To Outpace Traditional Supercomputers,2025-11-12
"Where Is The Market Between ""Fear"" And ""Greed""",2025-11-12
Should SPDR S&P 500 ETF (SPY) Be on Your Investing Radar?,2025-11-12
Fed's Williams Says 'Will Not Be Long' Before Reserves At 'Ample' Level; Repeats Fed Close To Desired Level For Bank Reserves,2025-11-12
"Stock Market Today: Nasdaq, Dow Jones, S&P 500 Futures Rise Ahead Of House Vote To Reopen Government— Bill Holdings, AMD, Cisco In Focus (UPDATED)",2025-11-12
AI Stocks: Excessive Hype And Capex Could Trigger A Correction,2025-11-12
This Market Is Trickier Than You Think. How to Hedge.,2025-11-12
"'US, Argentina Reach Deal to Open Their Markets on Key Goods'- Bloomberg",2025-11-13
"Market Cycles, Not Headlines: What History Says About The 2025 Rally And What Comes Next",2025-11-13
Considering The Fair Value Of Markets Amid Valuation Jitters,2025-11-13
Federal Reserve Cuts Less Certain And May Not Bolster Labor Market Anyway,2025-11-13
Money Moving Into Healthcare Not AI; Four Fed Presidents Do Not Want a Rate Cut; Euphoria Wearing Off,2025-11-13
"The Government Shutdown Ends, But The Fed Is Still Flying Blind Into December",2025-11-13
Weak Jobs Data Favors Another Rate Cut In December... Maybe,2025-11-13
Cut Or Hold? Fed's December Decision Hangs On A Divided Outlook,2025-11-13
"Benzinga Market Summary: Trump Signs Bill To Reopen Government, Oppenheimer Raises NVIDIA Price Target, Disney Falls On Q4 Revenue Miss, S&P Pulls Back",2025-11-13
"Stock Market Today: Dow Jones, S&P 500, Nasdaq Futures Slip  As Walt Disney Misses Q4 Estimates— Applied Materials, Cisco, Dlocal In Focus (UPDATED)",2025-11-13
2 Years Of The Rise Of The 'Magnificent Seven' Tech Stocks,2025-11-13
Joel Greenblatt's Strategic Moves: A Closer Look at SPDR S&P 500 ETF Trust,2025-11-14
S&P 500 Snapshot: Volatile Friday Ends With Weekly Gain,2025-11-14
S&P 500: A Chart Bears Love To Misread,2025-11-14
"Market Minute 11-14-25- So Long ""Shutdown Rally.""",2025-11-14
"White House Releases Framework Agreed Between US And Switzerland On Trade; US Intends To Apply Higher Of Either U.S. Most-favored-NationTariff Rate Or A Tariff Rate Of 15% On Originating Goods Of Switzerland And Liechtenstein; US, Switzerland, And Liechtenstein Will Work Expeditiously To Finalize Agreement With Aim Of Concluding Negotiations In Early 2026",2025-11-14
"S&P 500: Bears Emphasize Record P/E, But Overlook Record Profit Margins",2025-11-14
Bursting AI Stock Bubble Worsens — Destroys $1.8 Trillion In Value,2025-11-14
"Benzinga Market Summary: S&P Rebounds Following Premarket Weakness, Oil Climbs On Supply Concerns From Russia And Iran Disruptions, Memory Chip Stocks Rise On Reports Of Samsung Raising Prices",2025-11-14
Tech Stocks Tumble As Rate Cut Odds Fall; $870M Outflows From Bitcoin ETFs,2025-11-14
"Swiss Economy Minister Speaks With Media After Deal Agreed With The United States To Lower Tariffs On Swiss Exports To 15% From 39% Previously;  Now It Is Clear, Swiss Has Achieved A Tariff Agreement At 15% ""All In""",2025-11-14
A Runaway Meltdown In The Cooking: Lower Rates Won't Solve Unemployment,2025-11-14
The Market's Liquidity Party Is Over,2025-11-14
'US to Lower Tariffs on Swiss Goods to 15% in Breakthrough Deal'- Bloomberg,2025-11-14
Federal Reserve Watch: Moving Forward At A Good Pace,2025-11-14
Are We Valuing The Market Incorrectly?,2025-11-14
"Stock Market Today: S&P 500, Dow Jones Futures Dip Amid Economic Data Concerns Post Shutdown— Warner Bros, Applied Materials In Focus (UPDATED)",2025-11-14
"The U.S. Economic Paradox: GDP Is Growing, But Your Finances Are Getting Worse",2025-11-14
Winners And Losers Of REIT Earnings Season,2025-11-14
A Liquidity Crisis Is Already Here -- And The Fed's Next Move Could Change Everything,2025-11-14
My 3 Essential Market Truths Every Investor Needs To Know Right Now,2025-11-14
"The Government Reopened, The Market Sold The News",2025-11-15
"Rate Cuts, Retail Power, And The Road Ahead - Ask Me Anything With Gargi Pal Chaudhuri",2025-11-15
The 3% World: The Bond Market Tells What The FED Won't Say (But Markets Don't Care),2025-11-15
Markets Weekly Outlook: Unclear BLS Post-Shutdown Schedule,2025-11-15
"The Market Looks Strong, But It's Much Weaker Than You Think",2025-11-16
"US Treasury Secretary Bessent, On Fox News Earlier Sunday, Said He Is Confident China Will Honor Rare Earth Agreements; Hopes U.S.-China Deal Finalized By Thanksgiving",2025-11-16
"President Trump's $2,000 Tariff Dividends And 50-Year Mortgages Could Break The Market",2025-11-16
"The 1-Minute Market Report, November 16, 2025",2025-11-16
Lite Strategy  Reports   First  Quarter   Fiscal   Year   2026   Results;   Highlights Successful Launch of $100M  Litecoin  Treasury   Strategy   and   Movement into Active Capital Market Operations,2025-11-17
LRGF: Digging Into This $3B Market Beating Multifactor ETF,2025-11-17
Fed Watch: A House Divided?,2025-11-17
"If The S&P 500 Goes Down, A Bearish Put Options Trade On This ETF Can't Be Far Behind",2025-11-17
These 4 Indicators Suggest The Bull Market Is Over,2025-11-17
What's Ailing The Bull Market?,2025-11-17
"Hedge Funds Bet Big On S&P 500: SPY, IVV Dominate Q3 Buys",2025-11-17
"Exchange-Traded Funds, Equity Futures Mixed Pre-Bell Monday as Markets Await Nvidia Earnings, Data Releases",2025-11-17
S&P 500 Earnings And Style-Box Update,2025-11-17
Stock Market Today: Dow Wobbles As Nvidia Slides; Google Jumps On Warren Buffett Stake (Live Coverage),2025-11-17
Stock Market Watch: Where Is The Market Going Now?,2025-11-17
Is Wall Street Starting To Rethink Inflation Risk?,2025-11-17
Dip Buyers Save The Stock Market; Hindenburg Omen Appears,2025-11-17
"US ETF Inflows Hit Record Pace—VOO, SPY, QQQ Drive Big Three's Dominance Of $13 Trillion Market",2025-11-17
September Labor Market Report Preview: The Unemployment Rate Likely Increased,2025-11-17
"Benzinga Market Summary: Fed's Jefferson Says Balance Of Risks Has Shifted In Recent Months, With Increased Potential Downside To Employment; Lithium Stocks Climb On Upbeat Demand Outlook, Novo Nordisk Cuts Direct-To-Consumer Wegovy And Ozempic Prices",2025-11-17
"Macro Insights: A Market Crash Quantified, A History Lesson, And A Top Pick For 2026",2025-11-17
Full Market Cycles: Half Bull And Half Bear,2025-11-17
"Stock Market Today: Dow, Nasdaq Futures Rise As Investors Brace For Employment Data, Nvidia Earnings This Week—GOOG, BA, PLTR In Focus (UPDATED)",2025-11-17
S&P 500 Investors Get Jitters As Fed Officials Move Rate Cut Goalposts,2025-11-17
"Initial Unemployment Claims At 232K In Mid-October, Higher Than Expected",2025-11-18
Why Michael Burry's Fund Closure Is Actually A Bearish Sign For The S&P 500,2025-11-18
"Nvidia's Big Earnings Test: ETF Market Braces For $320 Billion Swing That Could Hit QQQ, S&P 500 ETFs",2025-11-18
The Stock Market Faces A Steeper Decline,2025-11-18
3 Smart Defensive Stocks for an Uneasy Market,2025-11-18
"Stock Market Today: Dow Jones Index Dives 400 Points; Nvidia, Palantir Extending Their Losses (Live Coverage)",2025-11-18
"Market Minute 11-18-25- When Will the ""Everything"" Selloff End",2025-11-18
"Exchange-Traded Funds, Equity Futures Lower Pre-Bell Tuesday as Investors Await Clues on Fed's Interest Rate Cut",2025-11-18
Nvidia Earnings Will Determine Market Direction; Home Depot Shows Consumer Weakness; China-Japan Flare Up,2025-11-18
Fed's Barkin Says Reassuring How Resilient Banks Have Been In The Face Of Their Commercial Real Estate Exposure; Actors In Private Credit Have Not Had A Lot Of Stability Issues; Equity Funding Would Limit Stability Risks; Do Worry About The Exposure Of Banks To Private Credit,2025-11-18
13 Fallen S&P 500 Stocks Slip Into Bear Market,2025-11-18
Stock Market Trend Signals Remain Constructive Despite Elevated Valuations,2025-11-18
Option Data Is Very Bullish For Technology And AI Stocks,2025-11-18
Proxy Inflation Indicators At Odds With Rate Cut Probability,2025-11-18
Federal Reserve Board Releases Information Regarding Enhancements To Bank Supervision; Says 'new supervisory operating principles ... intended to focus Federal Reserve examiners on material financial risks threatening the safety and soundness of banks',2025-11-18
Johnson Redbook Retail Sales Index + 6.1% In Second Week Of Nov.,2025-11-18
"Stock Market Today: Dow Jones, S&P 500, Nasdaq Futures Dip As Home Depot Cuts Profit View— Axalta Coating, Molina Healthcare In Focus (UPDATED)",2025-11-18
The Market Is Crashing: Here Is What I Am Buying,2025-11-18
S&P 500: Most Stocks Don't Matter As Autopilot Gets Stronger,2025-11-18
"A Market Shift Is Coming, And It Could Rewrite The Next Decade Of Investment Returns",2025-11-18
Nvidia Earnings Send Stocks Higher,2025-11-19
When Will The Stock Market Bubble Burst?,2025-11-19
Major indexes are higher after hours after NVIDIA reported better-than-expected Q3 results and issued strong Q4 guidance.,2025-11-19
Major indexes are higher as tech stocks rebound. Strength in Alphabet and NVIDIA may also be lifting markets higher.,2025-11-19
A Major Market Rotation Could Be Coming,2025-11-19
Stock Market Today: Dow Wobbles Ahead Of Fed Minutes; Nvidia Rallies With Earnings On The Way (Live Coverage),2025-11-19
"Exchange-Traded Funds, Equity Futures Higher Pre-Bell Wednesday Ahead of Nvidia Earnings, Fed Meeting Minutes",2025-11-19
Japan Breaks The Markets: Can The Fed Fix Them?,2025-11-19
Analysts Warn 9 Stocks Are Due For A Big Drop,2025-11-19
Emerging Markets Are Crushing AI Stocks And Trump Tariffs—Here's Why,2025-11-19
"Stock Market Today: Dow Jones, S&P 500 Futures Rise, Target Slips After Cutting Profit View—Nvidia, Constellation Energy, DoorDash In Focus (UPDATED)",2025-11-19
How To Build A Bond Ladder That Beats The S&P 500 The Rest Of This Decade,2025-11-19
Mixed Market Sentiment In An Improving Economy,2025-11-19
"The Fed Will Cut Rates In December, Supporting Year-End Rally",2025-11-19
Hints Of A Weak Jobs Market Ahead Of Thursday's Payrolls Report,2025-11-19
Benchmark Blind Spots: Detecting Hidden Risks In Disruptive Markets,2025-11-19
"Will the Fed Cut, or Won’t It? This ETF Move Works Either Way.",2025-11-19
The Outlook For S&P 500 Dividends In November 2025,2025-11-19
Federal Government Job Cuts Still Hitting Employment Data: The Labor Market By Major Industry In Charts,2025-11-20
Bursting AI Stock Bubble Gets Ugly — Erases $2.4 Trillion In Value,2025-11-20
White House Says President Trump Signs Order Modifying Scope Of Tariffs On Government Of Brazil; Trump Order Affects Goods Entered Into U.S. After November 13,2025-11-20
The Tardy September Jobs Report Shows Overall Weakness,2025-11-20
Stock Market Today: Dow Up Nearly 700 Points As Nvidia Earnings Impress; Broadcom Hits Entry (Live Coverage),2025-11-20
"EWS: A Narrow Developed Market ETF, With A Strong Cyclical Tilt",2025-11-20
CGDV: Dividend ETF That Outperforms The S&P 500,2025-11-20
S&P 500: 2 Reasons To Buy Call Options,2025-11-20
"November 2025 Trading Outlook: Fiscal Flows, Bank Credit, And Fed Policy Implications",2025-11-20
"Benzinga Market Summary: S&P Drops As NVIDIA And Chip Stocks Pull Back, Sept. Jobs Data Beat Expectations, Which Could Affect Rate Cut Outlook",2025-11-20
Jobs Update: The Gig Economy May Mask A Growing Unemployment Problem,2025-11-20
Morgan Stanley No Longer Expects U.S. Fed To Cut Interest Rates In December After Jobs Data,2025-11-20
Major indexes are lower as stocks sell off following an earlier NVIDIA-led run. Investors may also be assessing September jobs data and the potential impact on Fed policy.,2025-11-20
"September Jobs Report Boosts Unemployment, But Rate Cut Still Likely",2025-11-20
September Jobs Report: Mixed Signals Make The Fed's December Decision Difficult,2025-11-20
Health Care Stocks Come Alive — Nudging Tech Aside For Now,2025-11-20
"September Added Jobs, But Raised The Unemployment Rate",2025-11-20
UDOW: Benefits And Risks Of The 3x Leveraged Dow Jones ETF,2025-11-20
"$100,000 In The S&P 500's 5 Cheapest Healthcare Stocks, 4% Average Dividend Yield",2025-11-20
Mixed Messages On U.S. Jobs Will Keep The Fed Hawkish,2025-11-20
"Earnings Euphoria Vs. Market Reality: Nvidia's Reversal, Fed Uncertainty, And The Volatility Trade",2025-11-21
3 Reasons Why Investors Might Dismiss Japan's Record Bond Yield Spike,2025-11-21
S&P 500: Increased Volatility Calls For Prudence And Holding,2025-11-21
"Pre-markets Try Again, Begin Session in the Green",2025-11-21
The Fed Is Unlikely To Lower Interest Rates In The December FOMC Meeting,2025-11-21
The Fed's Made A Big Mistake,2025-11-21
Market Anxiety Picked Up Thursday,2025-11-21
"Exchange-Traded Funds, Equity Futures Higher Pre-Bell Friday on Reignited Rate Cut Hopes",2025-11-21
Tesla Is One Of The 7 Most Expensive Stocks  — Do You Own Any?,2025-11-21
2 Signs Indicating That The Market Correction May Not Be Over Yet,2025-11-21
"4 Reasons Stocks Plunged And ""The Big Buy Indicator"" That Was Just Triggered",2025-11-21
The Quiet Forces Driving This Correction,2025-11-21
Why The Market Fell So Hard: 3 Reasons,2025-11-21
How Rate Cut Probabilities Foreshadowed A Strong Labor Market Report,2025-11-21
"Hiring Rebounds, But Fed Path Still Looks Foggy Ahead Of December 10 Rate Decision",2025-11-21
"Stock Market Today: Dow Futures Gain, S&P 500 Slips Amid Mixed Trade—New Fortress Energy, Gap, Intuit In Focus (UPDATED)",2025-11-21
The Phantom Debt Trap: How $1.2 Trillion in Hidden Consumer Debt Triggered Thursday's Market Crash,2025-11-21
Major indexes are higher after NY Fed President Williams indicated he sees room for a further policy adjustment in the near term.,2025-11-21
Tariffs Are Here To Stay,2025-11-21
Vanguard S&P 500 ETF Offers Lower Costs Than SPDR SPY -- But Should You Care?,2025-11-21
"The 1-Minute Market Report, November 23, 2025",2025-11-22
Is The Market Now Just The Mag-7? Investors Call Tech Concentration A Major Risk,2025-11-22
"The Market Doesn't Know Where To Go: There Are Bubbles, And Then There Are Bubbles",2025-11-22
Principal Well-Being Index: AI's Effect On Staffing,2025-11-22
Markets Weekly Outlook: U.K. Budget In Focus As Global Equities Eye Recovery,2025-11-22
Here's How Big a $50-Per-Week Investment in the S&P 500 Could Grow Over the Long Haul,2025-11-23
"If You'd Invested $1,000 in the SPDR S&P 500 ETF Trust (SPY) 10 Years Ago, Here's How Much You'd Have Today",2025-11-23
A $150 Billion Liquidity Storm May Be About To Hit Markets,2025-11-23
A Fed Divided,2025-11-23
Markets Rebound For Thanksgiving Week As Fed Comments And Tech Giants Boost Sentiment,2025-11-24
ONEQ: A Practical Guide To The Only Nasdaq Composite Index ETF,2025-11-24
"Major indices are higher after Fed Governor Waller called for a December rate cut. Additionally, a rebound in tech stocks has led markets higher.",2025-11-24
"Recession Risk Is Low, But Softer Labor Market Raises Red Flags",2025-11-24
Gemini Beating ChatGPT Could Be A Problem for Nvidia; Renewed Hopes Of Rate Cut; Positive Seasonality,2025-11-24
When Nvidia Can't Even Save The Market,2025-11-24
Global markets outperform US in 2025: How to trade foreign stocks,2025-11-24
"Stock Market Today: Nasdaq, S&P 500 Futures Gain Amid December Rate Cut Possibility — Pony AI, Alphabet, Zoom In Focus (UPDATED)",2025-11-24
"Warning About Bubbles, Bear Markets, And Recessions",2025-11-24
S&P 500 Falls As Fed Officials Get Ready For Battle Royale Over Rate Cuts,2025-11-24
Market Bubbles: A Rational Guide To An Irrational Market,2025-11-24
What SA Page-View Patterns Of My Articles Reveal About Today's Market - And What Should Investors Do?,2025-11-24
Playing The Long Game Amid Risk Market Turbulence,2025-11-24
Don't Buy This Dip: It's Black Friday In The Equity Market,2025-11-24
Weekly Market Pulse: Don't Be A Newton,2025-11-24
Will the S&P 500 Rally in December? These 3 Signals Point to a Big Move Ahead,2025-11-25
A Retirement Portfolio That Beats The S&P 500,2025-11-25
"S&P 500: The Fed Saves The Day, Year-End Rally Underway",2025-11-25
The Fed Just Became A Bigger Threat Than AI,2025-11-25
"Google Deal With Meta Is Bad News for Nvidia, Rate Cut Probability Rises",2025-11-25
Indices are higher amid reports suggesting National Economic Council Director Kevin Hassett is seen as a frontrunner to be the next Fed chair.,2025-11-25
My 4 Big Tech Stock And Market Predictions For 2026,2025-11-25
"Benzinga Market Summary: NVIDIA Drops On Reports Meta Is Planning To Use Google Chips, Oil Falls On Reports Ukraine Agreed With Peace Deal Terms, Abercrombie Shares Climb On Strong Earnings And Guidance",2025-11-25
Stocks Continue To Defy Gravity Despite Lofty Market Valuation,2025-11-25
AIER's Thanksgiving Index Near All-Time High: Costs Rise Again As Inflation Persists,2025-11-25
Is Dow Jones ETF Better-Placed Than S&P 500 & Nasdaq?,2025-11-25
Buy The Dip Or Bear Market?,2025-11-25
"Stock Market Today: S&P 500 Future Rise, Dow Slips Amid Mixed Trade— Dell Technologies, HP, Alphabet In Focus (UPDATED)",2025-11-25
"Live On CNBC, U.S. Treasury Secretary Bessent On China Trade, Says Chinese Are Right On Schedule For Soybean Purchases",2025-11-25
The Fed's Fork In The Road That Could Change Everything,2025-11-25
"Japan's Bond Market Is Breaking, And It Matters More Than Many Think",2025-11-25
Stocks Climb on Hopes of Lower Interest Rates,2025-11-26
"Building A $100,000 Dividend Portfolio: Maximizing SCHD's Income With November's Top High-Yield Stocks",2025-11-26
5 Stocks to Buy Before Santa Claus Comes to Town,2025-11-26
Major indexes are trading higher after initial jobless claims economic data results were below estimates. The market may be experiencing a lift after Autodesk and Dell reported earnings.,2025-11-26
History Says These are 3 Stocks to Buy for December,2025-11-26
EIA Weekly Distillates Stocks 1.147M Barrel Build Vs 0.600M	Barrel Build Est.,2025-11-26
"Stock Market Today: Nasdaq, S&P 500 Futures Up Ahead Of Thanksgiving Holiday— Dell Technologies, Autodesk, Uber In Focus (UPDATED)",2025-11-26
How Can New Hiring And The Unemployment Rate Rise At The Same Time?,2025-11-26
"When Markets Bleed, Dividends Lead: 2 Stocks With Strong Upside Long-Term",2025-11-26
"The Biggest Problem In Today's Market, And The Dividends That Fix It",2025-11-26
Chart Of The Day: The Job Market Could Use A Stronger Pulse,2025-11-26
Nasdaq ISE Seeks to Quadruple Trading Limits on BlackRock's Bitcoin ETF Options,2025-11-27
3 Market Predictions For December,2025-11-28
This Rare ‘Perfect’ Market Indicator Says a Major Bull Market Is Coming,2025-11-28
ETFs to Benefit From Rate Cut Bets and Upbeat Forecasts,2025-11-28
Nasdaq Seeks 4X Options Limit Jump For IBIT — Will Bitcoin ETFs Lift Off?,2025-11-28
The S&P 500 Put The 'V' In November,2025-11-28
"Stock Market Today: SPY, QQQ Gain, Futures Trading Halted Amid Glitch On Black Friday—Apple, Walmart, Security Matters In Focus (UPDATED)",2025-11-28
"There's A Bigger Threat To Markets Unfolding Now, And It's Not AI Infrastructure",2025-11-28
"The 1-Minute Market Report November 30, 2025",2025-11-29
10 truths about the stock market,2025-11-29
The 7 Biggest S&P 500 Stocks Might Be All We Need.,2025-11-29
"Weekly Indicators: Regional Fed Reports Indicate Rebounding Manufacturing, Sinking Services",2025-11-29
Dogs Of The Dow Continue Outperforming Broader Market,2025-11-29
The Week Ahead Of The December FOMC - Markets Weekly Outlook,2025-11-29
"Caution: S&P 500 Is Nearing The Old Highs, Be Prepared",2025-11-30
SPYM: S&P 500 Monthly Dashboard For December,2025-11-30
Rotations Continue To The Next Rally As Markets Anticipate The January Effect,2025-11-30
The Market Is Not Out Of The Woods As Liquidity Conditions Worsen,2025-11-30
"A Look Ahead As Gold Stocks Resume Rally, Broad Market Shakes Off Mini Correction",2025-12-01
U.S. Stocks Stumble: Markets Catch A Cold To Start December,2025-12-01
Aiming For 4th Year In A Row Of Double-Digit S&P 500 Returns: Buyer Beware,2025-12-01
"S&P 500 to Hit At Least 7,500-Mark in 2026? ETFs in Focus",2025-12-01
"Battle of the S&P 500 ETFs: How VOO Compares to SPY on Fees, Yield, and Risk",2025-12-01
2026 Market Outlook: The Equal Weight S&P 500 Makes A Comeback,2025-12-01
"Posted Earlier: U.S. Commerce Secretary Lutnick On X, Says U.S. To Lower Tariffs On South Korean Autos To 15% Effective Nov 1; U.S. Will Also Remove Tariffs On South Korea Airplane Parts, Match Reciprocal Tariffs To Those On Japan And EU",2025-12-01
Buffett Vs. S&P 500: Will Oracle Of Omaha's Last Year As Berkshire CEO Go Down As Underperformance?,2025-12-01
"S&P 500: Cloud-AI Bubble, Huge Pain Ahead",2025-12-01
"Benzinga Market Summary: S&P Falls As Yields Rise, Bitcoin Falls Below $85,000",2025-12-01
Major indices are lower amid a pullback in tech stocks and Bitcoin.,2025-12-01
Soft Labor Market Keeps Fed Cut In Play,2025-12-01
AI Angst Or AI Awakening? The Market's Not-So-Surprising Move,2025-12-01
Top 10 High-Yield Dividend Stocks For December 2025,2025-12-01
3 Non-AI Related Dangers For The Markets In 2026,2025-12-01
Lucky 7's In A Broadening Equity Market,2025-12-01
"11 Stocks Turn $10,000 Into $392,513 In 11 Months",2025-12-01
2026 Fed Chair And Markets,2025-12-01
S&P 500 Delivers Best Thanksgiving Week Since 2008,2025-12-01
A Bear Market Is A Good Thing,2025-12-01
"President Trump Posts On Truth Social ""We had a very productive call with President Lula of Brazil. Among the things discussed were Trade, how our Countries could work together to stop Organized Crime, Sanctions imposed on various Brazilian dignitaries, Tariffs, and various other items. President Lula and I established a relationship at a meeting which took place at the United Nations, and I believe it set the stage for very good dialogue and agreement long into the future. ...""",2025-12-02
PGF: Risks Of A Preferred Stock ETF Focused On Financials,2025-12-02
Where The Markets Stand Heading Into 2026,2025-12-02
"Major indexes are higher amid a rebound from recent weakness. Strength in MongoDB and Boeing, as well as a rebound in Bitcoin, may be lifting market sentiment.",2025-12-02
"Benzinga Market Summary: S&P And Nasdaq Gain, Bitcoin Rebounds, MobgoDB Surges On Strong Guidance, Boeing Climbs On Delivery Outlook; Gold And Silver Pull Back Amid Profit Taking",2025-12-02
"Stock Market Today: Dow Rises As AI Stocks Nvidia, Palantir, Astera Rally (Live Coverage)",2025-12-02
Momo Crowd Buying AI Stocks And Bitcoin; Code Red ChatGPT Push At OpenAI,2025-12-02
Q4 Seasonality Feels Different. Don’t Miss This Major Overhang for Markets in 2026.,2025-12-02
"Macro Insights: Market Rotation, Top Stock Picks, And A Look At The Decade Ahead",2025-12-02
Speculating On The Next Fed Chair,2025-12-02
Johnson Redbook Retail Sales Index + 7.6% In Fourth Week Of November,2025-12-02
"Stock Market Today: Dow Jones, S&P 500 Futures Bounce Back— MongoDB, CrowdStrike Holdings, American Eagle In Focus (UPDATED)",2025-12-02
The Bull Market Is Broadening,2025-12-02
CoreWeave Reveals The Significant Fragility Of The 'AI Trade' For The Broader Stock Market,2025-12-02
Germany's Bundeskartellamt Announced Market Test Of Apple's Proposed Changes To App Tracking Transparency Framework Following  Competition Concerns,2025-12-02
"SNPG: A New ETF Perfect For Retirees - S&P 500 Exposure, Growth, And Outperformance Potential",2025-12-02
The Real Grinch Of The Markets Could Be Japan,2025-12-02
Top 15 High-Growth Dividend Stocks For December 2025,2025-12-02
2026 Economic And Market Outlook,2025-12-02
"Top ETF Market Trends 2025: What Advisors Need to Know About Equity, Bond  Thematic ETFs",2025-12-02
Top Macro Trade For 2026: The Bet Against A Fed Hike,2025-12-03
A Major Market Disconnect Is Forming,2025-12-03
Gold's Surge Could Be Predicting These 3 Major Stock Market Event Risks,2025-12-03
"Benzinga Market Summary: S&P Rises As Yields Drop After Decline In Payrolls, Bitcoin Rises Above $93,000, Pure Storage Sinks On Earnings Report",2025-12-03
Major indices are higher amid a drop in yields after a decline in payrolls. Investors also assess speculation of possible Fed Chair candidates.,2025-12-03
Stock Buying on Hassett as Potential Fed Chair; AI Drives Copper Demand,2025-12-03
3 Black Swan Events That Could Hit Markets This December,2025-12-03
3 Well-Positioned AI Stocks From Steven Cress,2025-12-03
An Anemic Market For 2026 Based On Historical Cycles,2025-12-03
What OpenAI's 'Code Red' Means For The Markets,2025-12-03
Beyond The Hype: The Silent Stability Beneath Market Speculation,2025-12-03
EIA Weekly Distillates Stocks 2.059M Barrel Build Vs 1.147M Barrel Build Prior,2025-12-03
November ADP: ADP Signals Clear Labor Market Softening Ahead Of The Fed's December Decision,2025-12-03
S&P 500: Rule Of 20 Likely To Remain Misleading In 2026,2025-12-03
"Stock Market Today: S&P 500, Nasdaq 100, Dow Jones Futures Gain— Marvell Tech, CrowdStrike, Salesforce In Focus (UPDATED)",2025-12-03
These 5 Indicators Suggest Recession Risks Are Very High In 2026,2025-12-03
My 3 Big Market Predictions For 2026: The Shift I'm Positioning For Now,2025-12-03
2026 S&P 500 Outlook: The Start Of Natural Selection In AI,2025-12-03
Initial Unemployment Claims Drop To 3-Year Low,2025-12-04
My Outlook For The Market In 2026: An Optimistic But Cautious Stance,2025-12-04
Kevin Hassett As Fed Chair: Bond Vigilantes Are Warning Us,2025-12-04
Market Outlook For 2026: The Fourth Industrial Revolution Is Just Getting Started,2025-12-04
S&P 500: Junk Bonds Indicate Prolonged Bull Run,2025-12-04
The Federal Reserve Is Stuck Between A Rock And A Hard Place,2025-12-04
Stock Market Today: Dow Wobbles On Surprise Jobless Claims; Snowflake Plunges On Earnings (Live Coverage),2025-12-04
"CNBC And Kalshi Strike Exclusive Partnership; CNBC To Incorporate Kalshi Prediction Markets Across TV, Digital, And Subscription Properties",2025-12-04
2026 Prediction: A Tapped-Out Consumer Could Bring The Recession And Market Correction,2025-12-04
"Exchange-Traded Funds, Equity Futures Higher Pre-Bell Thursday Amid Hopes for Interest Rate Cut",2025-12-04
10 Market Movers to Watch This Week,2025-12-04
Initial Jobless Claims Shocker; Small Caps Move On Rate Cut Prospects; 10–20% Correction Risk to AI Trade,2025-12-04
A Weaker Dollar As The Fed Moves Toward Neutral: 3 Calls For FX,2025-12-04
Record High Margin Debt Increases Market Risk,2025-12-04
"Toronto-Dominion Bank CEO Says There Continues To Be A High Degree Of Uncertainty Around Tariffs And Canada U.S. Trade Dynamics With Important Impacts, Particularly To Industries Facing The Highest Tariffs, Such As Steel And Aluminum; Says While Economic Uncertainty Has Impacted Business And Consumer Confidence, Canada's Economy And Employment Remain Largely Resilient",2025-12-04
"Stock Market Today: S&P 500, Dow Jones, Nasdaq 100 Futures Advance— UiPath, Snowflake, Lululemon In Focus (UPDATED)",2025-12-04
Weak Labor Market Supports Outlook For Another Rate Cut,2025-12-04
"2026 S&P 500 Outlook: My Target Is 10,000 Due To The Devaluation Of Fiat Currencies",2025-12-04
Dow Transports Say The Train Is Leaving The Station,2025-12-04
"Global ETF Equity Outlook: Here's Where Market Leadership Could Shift In 2026 (Hint, Likely Not The U.S.)",2025-12-04
Markets Cool In November: Real Estate Takes The Lead,2025-12-05
"Core PCE Inflation Cools To 2.8% In September, Lower Than Expected",2025-12-05
AI Mania Prevented A Recession... Or Has It?,2025-12-05
"Major indices are higher after September PCE readings were mostly in line, while core year-over-year was softer than expected.",2025-12-05
S&P 500: A Chart You've Probably Seen And Misread,2025-12-05
"Exchange-Traded Funds, Equity Futures Higher Pre-Bell Friday Ahead of Key Inflation Report",2025-12-05
"Inflation Relatively Stable, But Still Above The Fed's Goal",2025-12-05
How Stock Markets Might React After The Federal Reserve's December Meeting,2025-12-05
Treasury Issuance Is Creating A Liquidity Storm Beneath The Market's Surface,2025-12-05
"Torres And Hou Talk AI, Quant Analysis, And 2026 Markets",2025-12-05
"Stock Market, Diversified Funds Rise For Seventh Straight Month",2025-12-05
2026 Market Outlook: How An AGI Breakthrough Could Fuel An Actual AI Bubble,2025-12-05
The Fed Is Mending,2025-12-05
"My 2026 Market Outlook Is Negative For Growth, Neutral/Positive For Value",2025-12-05
S&P 500 2026 Outlook: Market Multiple Holds As AI Remains The  Growth Driver,2025-12-05
Market 2026 Outlook: Why Being Too Cautious On The S&P 500 Could Be The Real Risk,2025-12-05
Stock Market Today: Dow Futures Pare Losses As Investors Await Fed's Preferred Inflation Data— Netflix Inks $82.7B Deal For Warner Bros (UPDATED),2025-12-05
Don't Fight The Tape - Buying The Bull Market's Second Act,2025-12-05
"Low-Fire, Low-Hire Job Market, After Massive Overhiring By Big Tech And Others In 2021 And 2022",2025-12-05
"3 In A Row From The Fed, But More Cautious Moves Expected In 2026",2025-12-05
"The 1-Minute Market Report, December 7, 2025",2025-12-06
The Biggest Market Surprise Of The 2020s Is Potentially Still Ahead,2025-12-06
"Why An Investment Process Matters, Especially In Volatile Markets",2025-12-06
FOMC Preview: Markets In Full Apnea Ahead Of The Fed,2025-12-07
Federal Reserve Watch: The End To Quantitative Tightening,2025-12-07
The Rate Cut May Produce A 'Sell The News' Event,2025-12-07
Favorable Economic Data Supports A Dovish Fed In 2026,2025-12-07
S&P 500: Sell Strength (Technical Analysis),2025-12-07
The Fed May Be About To Unleash A Massive Market Regime Shift,2025-12-07
The Fed Preview: Hawkish Cut And Negative Market Reaction,2025-12-07
The Generational Shift I See Now - And My 33 Stocks For What's Coming,2025-12-07
"Markets Weekly Outlook - FOMC Rate Cut Countdown, Economic Projections May Hold The Key",2025-12-07
S&P 500 Snapshot: Win Streak Puts Index Inches From Record High,2025-12-07
Top 50 High-Quality Dividend Growth Stocks For December 2025,2025-12-08
"World Markets Watchlist: December 8, 2025",2025-12-08
"President Trump Posts On Truth Social ""Mexico still owes the U.S over 800,000 acre-feet of water for failing to comply with our Treaty over the past five years. The U.S needs Mexico to release 200,000 acre-feet of water before December 31st, and the rest must come soon after. As of now, Mexico is not responding, and it is very unfair to our U.S. Farmers who deserve this much needed water. That is why I have authorized documentation to impose a 5% Tariff on Mexico if this water isn't released, IMMEDIATELY.""",2025-12-08
"2026 S&P 500 Outlook: Stick With The Trend -- Momentum, Earnings, A Dovish Fed",2025-12-08
"Santa Claus Has A Favorite Index, And Santa's Rally Has A Favorite Start Date",2025-12-08
Are Consumers Irrelevant To The Stock Market In A 'K-Shaped Economy'?,2025-12-08
Market Outlook 2026: The World Outside The S&P 500 Is Getting Louder,2025-12-08
Major indices are lower as the 10-Year Treasury yield rises. The Fed will announce its December rate decision on Wednesday.,2025-12-08
"2026 Market Outlook: S&P 500 To 7600, Healthcare, Renewable Energy, Industrials Will Lead",2025-12-08
A Must See Chart If You Own Mag 7 Stocks; China Beats Tariffs,2025-12-08
Duluth Holdings: Long-Term Decline And Valuation Support A Hold Rating,2025-12-08
Navigating Fed Monetary Policy Uncertainty And The Markets,2025-12-08
"The S&P 500's Outlook For 2026: Earnings Revisions Just Flipped, And That Matters Most",2025-12-08
"Exchange-Traded Funds, Equity Futures Higher Pre-Bell Monday Amid Interest Rate Cut Hopes",2025-12-08
2026 Market Outlook: Tech Could Drive 20% Upside In 2026,2025-12-08
"2026 S&P 500 Outlook: Why AI Will Lead Again, Even As Risks Build",2025-12-08
"Nine Of This Year's Top Stocks Will Win Again In 2026, Analysts Say",2025-12-08
Markets Expect Another Fed Rate Cut This Week,2025-12-08
"Market Outlook: S&P 500 Will Reach New Highs In 2026, Gold To Lead While Other Sectors Follow",2025-12-08
S&P 500 Investors Waiting On Fed To Deliver Expected Rate Cut,2025-12-08
"And, The Stock Market May Continue To Rise",2025-12-09
How The Data-Dependent Fed Stopped Depending On The Data,2025-12-09
"Reuters Issues Correction: U.S. FDA Says ""Doing A Thorough Investigation, Across Multiple Age Groups, Of Deaths Potentially Related To Covid Vaccines""",2025-12-09
Stocks Edge Higher on Positive US Labor Market News,2025-12-09
Technology Stocks Appear Ready For Another Six Month Advance,2025-12-09
'Boring' ETF Is Winning Big As Investors Park Billions During Murky Fed Outlook,2025-12-09
Stock Market Today: Dow Up Ahead Of Fed Meeting; Nvidia Falls Despite Trump Comments (Live Coverage),2025-12-09
"Exchange-Traded Funds, Equity Futures Mixed Pre-Bell Tuesday Ahead of Fed Policy Meeting",2025-12-09
A Rare Split At The Fed - And Why It Makes Sense,2025-12-09
2026 S&P 500 Outlook: What To Expect After 3 Consecutive Years Of Stellar Returns,2025-12-09
S&P 500: 2026 Is Likely To Be A Year Of Consolidation,2025-12-09
A Final Look At The Labor Market Before The Fed Decision,2025-12-09
My Two Biggest Stock Market Fears For 2026,2025-12-09
"2026 Outlook: Market May Fall 15%, With A Rotation To SMID Caps",2025-12-09
Redbook Retail Sales Index + 5.7% YoY For Month to Date In Dec.,2025-12-09
"Stock Market Today: Dow Futures Rise, Nasdaq Slips As Fed Begins 2-Day Meet— Ares Management, Nvidia, Paramount In Focus  (UPDATED)",2025-12-09
The Impact Of Rising Long-Term Interest Rates,2025-12-09
U.S. Recession Probability Drops Below 20%,2025-12-09
"Fed Set For Rate Cut As Views Split Over Inflation, Jobs As Priority",2025-12-09
Fed Meeting Marked By Dissents,2025-12-10
December FOMC: Fed Cuts Rates But Signals A Pause Ahead As Policy Inches Closer To Neutral,2025-12-10
"Fed's Interest Rate Decision: December 10, 2025",2025-12-10
"Another Fed Cut, But There Is Growing Dissent",2025-12-10
Fed Watch: Recalibrating The 'Recalibration',2025-12-10
The Fed Cuts And Sets Out Its Predictions For 2026,2025-12-10
The Federal Open Market Committee Acts,2025-12-10
FOMC December 2025: $40B In 30 Days - The Fed Knows Something You Don't,2025-12-10
"Everyone Is Listening To Powell, But I'm Watching The Dot Plot",2025-12-10
"December Fed Meeting: FOMC Lowers Rates, Overcomes The Divide",2025-12-10
Paul Tudor Jones Reduces Stake in SPDR S&P 500 ETF Trust by 0.72%,2025-12-10
"Benzinga Market Summary: Fed Cuts Rates By 25 bps, S&P Gains, Oil Moves Higher On Reports US Seized Tanker Off Coast Of Venezuela",2025-12-10
Major indices are higher after the Fed cut rates by 25 basis points.,2025-12-10
"Market Minute 12-10-25- Fed, SpaceX IPO in Focus",2025-12-10
Oracle Earnings Will Be A Tell On Debt-Fueled AI Trade; Global Yields At 16-Year High Ahead Of Fed Cut,2025-12-10
"Exchange-Traded Funds, Equity Futures Lower Pre-Bell Wednesday Ahead of Fed's Policy Decision",2025-12-10
Analysts Tell Clients These 10 Stocks Will Dominate In 2026,2025-12-10
"The U.S. Economy May Be Slowing, But Recession Risk Remains Low",2025-12-10
5 Hidden Risks In The Markets,2025-12-10
EIA Weekly Distillates Stocks 2.502M Barrel Build Vs 2.059M Barrel Build Prior,2025-12-10
SPGP: Why This S&P 500 GARP ETF Looks Better With Less Energy Sector Exposure (Rating Upgrade),2025-12-11
Initial Unemployment Claims Jump To 3-Month High,2025-12-11
"2026 Outlook: Why The S&P 500 Is Set To Climb Past 8,000",2025-12-11
2026 Market Outlook: Why A Small Slice Of AI Defense Can Pay Off,2025-12-11
Dip-Buyers Step Into Oracle As Market Awaits Broadcom's Read on AI Overbuild Risk,2025-12-11
Energy Stocks And The XLE: Outlook For 2026,2025-12-11
"Trump Trumpets Dow's Record High, Sidesteps S&P 500",2025-12-11
2026 S&P 500 Outlook: Inside The Next Earnings Wave,2025-12-11
The Fed: Creating A Goldilocks Environment,2025-12-11
Fed's 'Hawkish' Rate Cut Raises New Questions For Policy Outlook,2025-12-11
The Fed Made Its Third Cut Of The Year; Expectations Are Brightly Flashing,2025-12-11
"What FOMC's Projections Tell Us About Rate Cuts, Inflation, And Unemployment",2025-12-11
The Fed Just Admitted The Quiet Part Out Loud,2025-12-11
"3 Reasons The Fed's Done Cutting Rates, For Now",2025-12-11
"S&P 500 Sector Outlook For 2026: Sell Technology, Buy Healthcare",2025-12-11
Five Things To Consider In The Upcoming November Jobs Report,2025-12-11
"Stock Market Today: Nasdaq 100, Dow Jones, S&P 500 Futures Decline Day After Fed's Rate Cut—Oracle, Broadcom, Costco In Focus (UPDATED)",2025-12-11
The Most Bullish Fed Meeting That I Can Remember,2025-12-11
2 Crucial Market Predictions For 2026,2025-12-11
The Fed's 'Gift' Is A Trap,2025-12-11
Dow Year-End Rally: Top Dividend And Value ETFs For A 2026 Value Rotation,2025-12-12
Pre-markets Mixed Ahead of Consequential Week of Data,2025-12-12
Over-Owned AI Stock AVGO Leading Tech Stock Selling; Marijuana Stocks Rise on Trump Push; NATO Chief Warns,2025-12-12
"Benzinga Market Summary: S&P Pulls Back Amid Tech And AI Weakness, Oracle End NVIDIA Drop On Report Of Some Oracle Data Centers For OpenAI Being Delayed",2025-12-12
"Major indexes are lower, weighed down by tech and AI stocks amid weakness in Broadcom despite an earnings beat. Reports of some Oracle data centers for OpenAI being delayed have also pressured the tech sector.",2025-12-12
"'Japan Companies Cut Trump Tariff Impact By $2B, Helped By Price Hikes' - Nikkei Asia",2025-12-12
30-Year Treasury Rates Have Much Further To Rise Thanks To The Fed,2025-12-12
S&P 500 Outlook: The Financial Prophet's Crystal Ball Predictions For 2026,2025-12-12
Market Outlook 2026: A Goldilocks Vibe Forecast Through Tech And Energy,2025-12-12
S&P 500's Outlook For 2026: Don't Expect This Rally To Fade,2025-12-12
2026 Market Outlook: A Grinding Bull Market In A Frothy S&P 500,2025-12-12
Fed's Hammack: 'Very Grateful' Government Data Is Returning; Says Independent Central Banks Deliver Better Outcomes; Novel That A Fed Governor Retained A Connection To White House,2025-12-12
"Stock Market Today: Dow Futures Advance, Nasdaq, S&P 500 Retreat Despite Trump's AI Order—Broadcom, Lululemon, Tilray In Focus (UPDATED)",2025-12-12
Brace For A Weak November Labor Market Report,2025-12-12
A Number Of Factors Have Kept The Momentum Going For U.S. Markets In 2025,2025-12-12
"Indonesia Hopes To Conclude US Tariff Negotiations By Year End, Plans To Send Delegation To Washington",2025-12-12
Federal Reserve Watch: New Stance,2025-12-12
Moving From Cuts To Caution: Fed Enters 2026 In Wait-And-See Mode,2025-12-12
2026 S&P 500 Outlook: The Party Is Not Over,2025-12-13
"The 1-Minute Market Report, December 14, 2025",2025-12-13
"The Fed, The 10-Year Yield, And The Income Investor's Nightmare",2025-12-13
2026: The Revenge Of The S&P 493 (Market Outlook),2025-12-13
Weekly Indicators: Can An Accommodating Fed Outrun A Deteriorating Labor Market?,2025-12-13
Traeger: Long Decline Despite Adequate Valuation Metrics,2025-12-13
From The FOMC To NFP And CPI - Markets Weekly Outlook,2025-12-13
"Fed Eases, Tech Wobbles: The Week That Changed Market Leadership",2025-12-13
S&P 500: The December Inflection (Technical Analysis),2025-12-14
"S&P 500: Warning Shot Fired, As Bond Rates Finally Matter. This Could Get Ugly",2025-12-14
Why The S&P 500's Bubble Valuation Is Not As Scary As It Looks - In Charts,2025-12-14
S&P 500 Snapshot: Win Streak Puts Index Inches From Record High,2025-12-14
U.S. Stock Index Outlook: Weak Sentiment Ahead Of NFP,2025-12-15
The Fed's Covert QE Puzzles Me,2025-12-15
Will the SPDR S&P 500 ETF (SPY) Stock Hit $800 in 2026?,2025-12-15
Has The Catalyst For Stock Diversification Arrived?,2025-12-15
"My Totally ""Technical"" S&P 500 Index Outlook For 2026",2025-12-15
History Shows Us Where Bond Yields Go Next,2025-12-15
"The Fed Cut Interest Rates By 25 Basis Points, They Could Go For Another 75 Basis Points",2025-12-15
A GARP Investor's 2026 Market Sector Outlook,2025-12-15
U.S. Inflation May Slow,2025-12-15
"You're Nuts If You Own 10 S&P 500 Stocks In 2026, Analysts Say",2025-12-15
2026 Market Outlook: My Big Bet On Real Assets As AI Optimism Peaks,2025-12-15
The Market Rotation Trap: Why Energy's Safety Trade Could Disappoint,2025-12-15
"2026 S&P 500 Outlook: Valuations Are High, But The Cycle Is Not Over",2025-12-15
"S&P 500 2026 Outlook: The End Of The Innocence, Best To Keep It Simple",2025-12-15
"Stock Market Today: Dow Futures, S&P 500 Advance Ahead Of Key Economic Data: iRobot, Argenx, MindWalk In Focus",2025-12-15
2026 Market Outlook: Buy AI Infrastructure And Sell European Stocks,2025-12-15
November CPI Preview: Inflation Is Likely Moderating,2025-12-15
Bull Market Genius Is A Dangerous Thing,2025-12-15
What To Expect In November 2025's Inflation Report,2025-12-15
The Fed Just Validated My Biggest Market Call - And Most Investors Still Aren't Ready,2025-12-15
The Fed Should Look At Private Sector Jobs Growth And Not Get Distracted By The Massive Federal Government Job Cuts,2025-12-16
"Unemployment Jumps Above Fed Target: Don't Be Concerned, For Now",2025-12-16
2026 Market Outlook: A Time For Caution Given Megacap Weighting,2025-12-16
"Powell Didn't Imply Quantitative Easing, Most Have Misunderstood",2025-12-16
"Jobs Come In at +64K in November, Unemployment +4.6%",2025-12-16
Market Minute 12-16-25- Lackluster Labor Data Leaves Markets Adrift,2025-12-16
"U.S. Trade Representative Says If EU And EU Member States Continue To Restrict Competitiveness Of U.S. Digital Service Providers, The U.S. Will Use Every Tool Available To Counter These Measures;  Some Of The Largest EU Service Providers That Have Hitherto Enjoyed Market Access Include Accenture, Amadeus, Capgemini, DHL, Mistral, Publicis, SAP, Siemens, And Spotify; Should Responsive Measures Be Necessary, U.S. Law Permits The Assessment Of Fees Or Restrictions On Foreign Services, Among Other Actions",2025-12-16
"Rallies, Records And Relentless Restlessness: A Tale Of Markets In 2025",2025-12-16
"S&P 500 Holds Firm Near 6,800 Despite Cooling Momentum In Tech Sector",2025-12-16
Vanguard Just Revealed Its Surprising Outlook For S&P 500 Stocks,2025-12-16
Anemic Wage Growth But Good Retail Sales; Oil And Defense Stocks Fall,2025-12-16
"2026 Market Outlook: If We're In An AI Bubble, It's A Profitable One",2025-12-16
"2026 Outlook: S&P 500 Expected Sideways, Weighing FCF Conversion Against EPS Growth",2025-12-16
"2026 Market Outlook: Elevated Risks, My Strategy, And Top Buys",2025-12-16
November Jobs Report: Joblessness Jumps To 3-Year High,2025-12-16
November Jobs Report: Unemployment Hits New Highs,2025-12-16
"Job Slowdown Continues, Keeping Pressure On The Fed For More Rate Cuts",2025-12-16
The Fed's Hidden Policy Easing Beyond Their 25 Basis Point Rate Cut,2025-12-16
Emerging Markets 2026: The Next Phase Of Global Rebalancing,2025-12-16
Risk-On Market Signals Persist Ahead Of U.S. Economic Reports,2025-12-16
The Fed's Silent Dissenters,2025-12-17
'U.S. Federal Reserve Has Told Citigroup It Has Closed Notices That Demanded Bank Improve Counterparty Risk Management' - Reuters Exclusive,2025-12-17
Massive Breakout in Industrials: 3 Must-Watch Stocks Now,2025-12-17
"Major indexes are lower amid a drop in Oracle, which has pressured AI and tech stocks. Oracle is down on reports suggesting that Blue Owl Capital will not provide funding for a $10 billion deal to build the company's next data center.",2025-12-17
The Fed's Breaking Point,2025-12-17
Buy! Analysts Pound The Table For 11 S&P 500 Stocks In 2026,2025-12-17
"2026 Outlook: Why I Have The S&P 500 At 7,575",2025-12-17
EIA Weekly Distillates Stocks 1.712M Barrel Build Vs 1.200M Barrel Build Est.,2025-12-17
2026 Market Outlook: A Fed Rally Coming,2025-12-17
"Stock Market Today: S&P 500, Dow Futures Gain As Jobs Data Weighs On Outlook—Lennar, Micron Technology, Children's Place In Focus (UPDATED)",2025-12-17
Labor Market Report: Catalyst For Another Rate Cut?,2025-12-17
Why The Market Shrugged In Reaction To The November Jobs Report,2025-12-17
"Macro Insights: Five Golden Strategies, Four Market Calls, And A Dove At The Federal Reserve",2025-12-17
The Outlook For S&P 500 Dividends In December 2025,2025-12-17
November's Weak Jobs Report Pushes The Fed Toward More Monetary Stimulus,2025-12-17
"October And November Jobs Report: Noisy, Not Recessionary",2025-12-17
November CPI Report: Cooling Inflation Gives The Fed Doves The Upper Hand,2025-12-18
"Consumer Price Index: Inflation Cools To 2.7% In November, Lower Than Expected",2025-12-18
S&P 500: Butterfly Effect From Japan Rate Hike,2025-12-18
My 2026 Market Prediction: The First Shall Be Last And The Last Shall Be First,2025-12-18
"S&P 500 At 10,000 By 2030? Yardeni Still Bets Big On The Roaring 2020s",2025-12-18
Vanguard’s Other Index ETF Has Absolutely Destroyed SPY and VOO This Year | VXUS,2025-12-18
November CPI Gives The Fed More Cover,2025-12-18
Inflation... And Unemployment,2025-12-18
Recession Watch: Growth Losing Momentum,2025-12-18
AIER's Everyday Price Index: Modest Deflation After 10 Months Of Gains,2025-12-18
Is Affordability A Hoax? Today's Inflation Figures Give Only A Hint,2025-12-18
"2026 Outlook: 8,500 In The S&P 500 If These 5 Pillars Of The AI Trade Remain Intact",2025-12-18
"Stock Market Today: Dow, Small Caps Rise On Surprise Inflation Data; Nvidia, Tesla Rally (Live Coverage)",2025-12-18
"Exchange-Traded Funds, Equity Futures Higher Pre-Bell Thursday Amid Incoming Key Inflation Data",2025-12-18
"2026 S&P 500 Outlook: AI Is Real, But Easy Money Is Gone",2025-12-18
"Benzinga Market Summary: S&P Rises On Softer-Than-Expected Nov. CPI, Micron Issues Strong Guidance, Lifting Chip Stocks, Trump Media Signs Merger With TAE Technologies",2025-12-18
Tame U.S. Inflation Gives The Fed Room For More Rate Cuts,2025-12-18
"November CPI: Inflation Momentum Cools, But Data Gaps Complicate The Read",2025-12-18
November CPI: Inflation Cools Right On Schedule,2025-12-18
"U.S. Federal Reserve Publishes Requirements To Supervise Largest, Most Complex Banks",2025-12-18
